subscription_id,customer_id,plan_id,status,start_date,canceled_at
sub_000003,cus_000003,price_pro_m,canceled,2025-01-30,2025-02-12
sub_000006,cus_000006,price_starter_m,canceled,2025-01-18,2025-02-05
sub_000044,cus_000044,price_enterprise_m,canceled,2025-01-08,2025-02-04
sub_000109,cus_000109,price_free,canceled,2025-01-28,2025-02-15
sub_000134,cus_000134,price_starter_m,canceled,2025-01-09,2025-02-24
sub_000166,cus_000166,price_starter_y,canceled,2025-01-22,2025-02-21
sub_000014,cus_000014,price_starter_m,canceled,2025-01-19,2025-03-24
sub_000040,cus_000040,price_starter_m,canceled,2025-01-18,2025-03-23
sub_000047,cus_000047,price_business_y,canceled,2025-01-25,2025-03-23
sub_000079,cus_000079,price_starter_m,canceled,2025-01-02,2025-03-21
sub_000139,cus_000139,price_starter_m,canceled,2025-01-02,2025-03-14
sub_000192,cus_000192,price_starter_m,canceled,2025-02-14,2025-03-20
sub_000251,cus_000251,price_starter_y,canceled,2025-02-16,2025-03-20
sub_000253,cus_000253,price_pro_y,canceled,2025-02-14,2025-03-22
sub_000315,cus_000315,price_business_m,canceled,2025-02-18,2025-03-01
sub_000005,cus_000005,price_starter_m,canceled,2025-01-07,2025-04-28
sub_000021,cus_000021,price_pro_m,canceled,2025-01-20,2025-04-19
sub_000034,cus_000034,price_starter_m,canceled,2025-01-11,2025-04-10
sub_000049,cus_000049,price_enterprise_m,canceled,2025-01-22,2025-04-12
sub_000100,cus_000100,price_free,canceled,2025-01-23,2025-04-06
sub_000152,cus_000152,price_pro_m,canceled,2025-01-19,2025-04-24
sub_000162,cus_000162,price_starter_m,canceled,2025-01-05,2025-04-14
sub_000181,cus_000181,price_pro_m,canceled,2025-01-04,2025-04-27
sub_000193,cus_000193,price_business_m,canceled,2025-02-05,2025-04-18
sub_000202,cus_000202,price_pro_y,canceled,2025-02-06,2025-04-30
sub_000215,cus_000215,price_business_m,canceled,2025-02-28,2025-04-01
sub_000286,cus_000286,price_pro_m,canceled,2025-02-21,2025-04-26
sub_000302,cus_000302,price_starter_m,canceled,2025-02-12,2025-04-28
sub_000361,cus_000361,price_starter_m,canceled,2025-03-01,2025-04-12
sub_000364,cus_000364,price_business_y,canceled,2025-03-22,2025-04-07
sub_000381,cus_000381,price_starter_m,canceled,2025-03-13,2025-04-16
sub_000394,cus_000394,price_free,canceled,2025-03-23,2025-04-22
sub_000407,cus_000407,price_free,canceled,2025-03-14,2025-04-02
sub_000408,cus_000408,price_pro_m,canceled,2025-03-19,2025-04-09
sub_000427,cus_000427,price_pro_m,canceled,2025-03-05,2025-04-24
sub_000433,cus_000433,price_starter_m,canceled,2025-03-07,2025-04-10
sub_000444,cus_000444,price_pro_y,canceled,2025-03-11,2025-04-03
sub_000451,cus_000451,price_free,canceled,2025-03-10,2025-04-06
sub_000468,cus_000468,price_starter_m,canceled,2025-03-21,2025-04-14
sub_000504,cus_000504,price_business_m,canceled,2025-03-03,2025-04-25
sub_000509,cus_000509,price_business_m,canceled,2025-03-12,2025-04-23
sub_000513,cus_000513,price_starter_m,canceled,2025-03-14,2025-04-21
sub_000533,cus_000533,price_business_m,canceled,2025-03-07,2025-04-07
sub_000536,cus_000536,price_pro_y,canceled,2025-03-10,2025-04-20
sub_000059,cus_000059,price_starter_m,canceled,2025-01-04,2025-05-29
sub_000086,cus_000086,price_starter_m,canceled,2025-01-04,2025-05-01
sub_000145,cus_000145,price_starter_m,canceled,2025-01-10,2025-05-07
sub_000203,cus_000203,price_free,canceled,2025-02-21,2025-05-30
sub_000268,cus_000268,price_pro_m,canceled,2025-02-17,2025-05-13
sub_000275,cus_000275,price_business_y,canceled,2025-02-15,2025-05-19
sub_000282,cus_000282,price_business_m,canceled,2025-02-13,2025-05-25
sub_000287,cus_000287,price_starter_m,canceled,2025-02-09,2025-05-09
sub_000319,cus_000319,price_pro_m,canceled,2025-02-19,2025-05-05
sub_000342,cus_000342,price_business_m,canceled,2025-02-28,2025-05-07
sub_000353,cus_000353,price_free,canceled,2025-02-23,2025-05-04
sub_000358,cus_000358,price_pro_m,canceled,2025-03-07,2025-05-31
sub_000476,cus_000476,price_starter_y,canceled,2025-03-14,2025-05-19
sub_000488,cus_000488,price_starter_y,canceled,2025-03-28,2025-05-02
sub_000497,cus_000497,price_business_y,canceled,2025-03-12,2025-05-30
sub_000579,cus_000579,price_pro_m,canceled,2025-04-18,2025-05-12
sub_000603,cus_000603,price_free,canceled,2025-04-18,2025-05-25
sub_000604,cus_000604,price_starter_m,canceled,2025-04-26,2025-05-11
sub_000626,cus_000626,price_pro_m,canceled,2025-04-26,2025-05-11
sub_000661,cus_000661,price_business_m,canceled,2025-04-21,2025-05-04
sub_000683,cus_000683,price_pro_m,canceled,2025-04-28,2025-05-26
sub_000762,cus_000762,price_starter_m,canceled,2025-04-08,2025-05-03
sub_000771,cus_000381,price_pro_m,canceled,2025-04-28,2025-05-25
sub_000017,cus_000017,price_business_m,canceled,2025-01-16,2025-06-12
sub_000037,cus_000037,price_starter_m,canceled,2025-01-05,2025-06-04
sub_000126,cus_000126,price_starter_y,canceled,2025-01-15,2025-06-08
sub_000174,cus_000174,price_starter_m,canceled,2025-01-31,2025-06-28
sub_000245,cus_000245,price_pro_m,canceled,2025-02-25,2025-06-17
sub_000280,cus_000280,price_business_m,canceled,2025-02-26,2025-06-29
sub_000309,cus_000309,price_free,canceled,2025-02-08,2025-06-22
sub_000420,cus_000420,price_business_m,canceled,2025-03-30,2025-06-11
sub_000432,cus_000432,price_starter_m,canceled,2025-03-28,2025-06-02
sub_000461,cus_000461,price_business_m,canceled,2025-03-16,2025-06-08
sub_000499,cus_000499,price_starter_m,canceled,2025-03-15,2025-06-03
sub_000638,cus_000638,price_free,canceled,2025-04-21,2025-06-20
sub_000646,cus_000646,price_free,canceled,2025-04-29,2025-06-18
sub_000710,cus_000710,price_pro_y,canceled,2025-04-28,2025-06-23
sub_000747,cus_000747,price_free,canceled,2025-04-25,2025-06-28
sub_000799,cus_000798,price_enterprise_m,canceled,2025-05-08,2025-06-11
sub_000823,cus_000822,price_starter_y,canceled,2025-05-24,2025-06-02
sub_000834,cus_000833,price_free,canceled,2025-05-25,2025-06-18
sub_000873,cus_000872,price_business_m,canceled,2025-05-16,2025-06-06
sub_000936,cus_000935,price_pro_m,canceled,2025-05-08,2025-06-07
sub_001002,cus_000034,price_pro_m,canceled,2025-05-09,2025-06-21
sub_000026,cus_000026,price_free,canceled,2025-01-12,2025-07-20
sub_000043,cus_000043,price_pro_y,canceled,2025-01-07,2025-07-01
sub_000045,cus_000045,price_pro_m,canceled,2025-01-24,2025-07-26
sub_000091,cus_000091,price_business_m,canceled,2025-01-02,2025-07-14
sub_000115,cus_000115,price_starter_m,canceled,2025-01-27,2025-07-08
sub_000135,cus_000135,price_pro_m,canceled,2025-01-20,2025-07-19
sub_000176,cus_000176,price_pro_m,canceled,2025-01-15,2025-07-15
sub_000208,cus_000208,price_enterprise_m,canceled,2025-02-24,2025-07-28
sub_000231,cus_000231,price_enterprise_m,canceled,2025-02-23,2025-07-19
sub_000291,cus_000291,price_starter_m,canceled,2025-02-18,2025-07-26
sub_000323,cus_000323,price_free,canceled,2025-02-19,2025-07-03
sub_000388,cus_000388,price_pro_m,canceled,2025-03-27,2025-07-08
sub_000395,cus_000395,price_starter_m,canceled,2025-03-28,2025-07-01
sub_000463,cus_000463,price_pro_m,canceled,2025-03-12,2025-07-08
sub_000469,cus_000469,price_starter_m,canceled,2025-03-03,2025-07-20
sub_000489,cus_000489,price_business_m,canceled,2025-03-11,2025-07-01
sub_000512,cus_000512,price_business_m,canceled,2025-03-26,2025-07-09
sub_000517,cus_000517,price_business_m,canceled,2025-03-21,2025-07-29
sub_000531,cus_000531,price_starter_m,canceled,2025-03-18,2025-07-24
sub_000558,cus_000558,price_free,canceled,2025-04-27,2025-07-22
sub_000654,cus_000654,price_starter_m,canceled,2025-04-18,2025-07-20
sub_000719,cus_000719,price_starter_m,canceled,2025-04-28,2025-07-22
sub_000827,cus_000826,price_business_m,canceled,2025-05-18,2025-07-21
sub_000906,cus_000905,price_free,canceled,2025-05-12,2025-07-23
sub_000909,cus_000908,price_free,canceled,2025-05-28,2025-07-10
sub_000954,cus_000953,price_pro_m,canceled,2025-05-02,2025-07-14
sub_000989,cus_000988,price_starter_m,canceled,2025-05-28,2025-07-20
sub_001027,cus_001024,price_pro_m,canceled,2025-06-22,2025-07-29
sub_001030,cus_001027,price_starter_m,canceled,2025-06-30,2025-07-24
sub_001062,cus_001059,price_business_y,canceled,2025-06-07,2025-07-31
sub_001070,cus_001067,price_starter_m,canceled,2025-06-14,2025-07-24
sub_001077,cus_001074,price_business_m,canceled,2025-06-29,2025-07-31
sub_001093,cus_001090,price_business_m,canceled,2025-06-20,2025-07-25
sub_001124,cus_001121,price_enterprise_m,canceled,2025-06-17,2025-07-05
sub_001155,cus_001152,price_free,canceled,2025-06-12,2025-07-28
sub_000058,cus_000058,price_business_m,canceled,2025-01-07,2025-08-27
sub_000071,cus_000071,price_pro_y,canceled,2025-01-30,2025-08-16
sub_000085,cus_000085,price_free,canceled,2025-01-28,2025-08-20
sub_000123,cus_000123,price_starter_y,canceled,2025-01-17,2025-08-03
sub_000128,cus_000128,price_business_m,canceled,2025-01-12,2025-08-17
sub_000138,cus_000138,price_starter_m,canceled,2025-01-17,2025-08-30
sub_000171,cus_000171,price_free,canceled,2025-01-11,2025-08-05
sub_000224,cus_000224,price_business_m,canceled,2025-02-12,2025-08-25
sub_000300,cus_000300,price_business_m,canceled,2025-02-01,2025-08-26
sub_000335,cus_000335,price_pro_y,canceled,2025-02-22,2025-08-18
sub_000557,cus_000557,price_starter_y,canceled,2025-04-01,2025-08-30
sub_000570,cus_000570,price_business_m,canceled,2025-04-01,2025-08-01
sub_000594,cus_000594,price_starter_m,canceled,2025-04-03,2025-08-08
sub_000610,cus_000610,price_business_m,canceled,2025-04-17,2025-08-11
sub_000614,cus_000614,price_free,canceled,2025-04-21,2025-08-11
sub_000625,cus_000625,price_pro_y,canceled,2025-04-02,2025-08-10
sub_000632,cus_000632,price_pro_y,canceled,2025-04-13,2025-08-17
sub_000637,cus_000637,price_starter_m,canceled,2025-04-05,2025-08-11
sub_000709,cus_000709,price_free,canceled,2025-04-19,2025-08-04
sub_000734,cus_000734,price_starter_m,canceled,2025-04-21,2025-08-03
sub_000738,cus_000738,price_business_m,canceled,2025-04-06,2025-08-18
sub_000808,cus_000807,price_pro_m,canceled,2025-05-11,2025-08-07
sub_000821,cus_000820,price_pro_m,canceled,2025-05-22,2025-08-13
sub_000862,cus_000861,price_starter_m,canceled,2025-05-09,2025-08-10
sub_000956,cus_000955,price_starter_m,canceled,2025-05-30,2025-08-01
sub_000973,cus_000972,price_starter_y,canceled,2025-05-13,2025-08-25
sub_000999,cus_000998,price_pro_m,canceled,2025-05-02,2025-08-03
sub_001032,cus_001029,price_enterprise_m,canceled,2025-06-10,2025-08-26
sub_001050,cus_001047,price_business_m,canceled,2025-06-11,2025-08-27
sub_001069,cus_001066,price_starter_y,canceled,2025-06-12,2025-08-22
sub_001148,cus_001145,price_starter_m,canceled,2025-06-20,2025-08-16
sub_001186,cus_001183,price_free,canceled,2025-06-10,2025-08-01
sub_001190,cus_001187,price_enterprise_m,canceled,2025-06-29,2025-08-14
sub_001248,cus_001245,price_free,canceled,2025-07-03,2025-08-09
sub_001253,cus_001250,price_starter_m,canceled,2025-07-29,2025-08-25
sub_001325,cus_001322,price_pro_y,canceled,2025-07-30,2025-08-25
sub_001352,cus_001349,price_pro_y,canceled,2025-07-28,2025-08-21
sub_001365,cus_001362,price_starter_m,canceled,2025-07-15,2025-08-12
sub_001381,cus_001378,price_pro_y,canceled,2025-07-24,2025-08-11
sub_001395,cus_001392,price_starter_m,canceled,2025-07-13,2025-08-06
sub_001403,cus_001400,price_business_m,canceled,2025-07-18,2025-08-20
sub_001407,cus_001404,price_starter_m,canceled,2025-07-24,2025-08-27
sub_001409,cus_001406,price_starter_m,canceled,2025-07-07,2025-08-18
sub_001415,cus_001412,price_starter_m,canceled,2025-07-30,2025-08-16
sub_000053,cus_000053,price_pro_m,canceled,2025-01-03,2025-09-05
sub_000121,cus_000121,price_business_m,canceled,2025-01-18,2025-09-02
sub_000122,cus_000122,price_enterprise_m,canceled,2025-01-02,2025-09-06
sub_000163,cus_000163,price_starter_m,canceled,2025-01-27,2025-09-23
sub_000237,cus_000237,price_free,canceled,2025-02-13,2025-09-07
sub_000374,cus_000374,price_starter_y,canceled,2025-03-11,2025-09-04
sub_000378,cus_000378,price_starter_m,canceled,2025-03-05,2025-09-11
sub_000430,cus_000430,price_free,canceled,2025-03-15,2025-09-22
sub_000548,cus_000548,price_business_y,canceled,2025-03-22,2025-09-25
sub_000578,cus_000578,price_pro_m,canceled,2025-04-03,2025-09-21
sub_000595,cus_000595,price_starter_m,canceled,2025-04-21,2025-09-07
sub_000629,cus_000629,price_free,canceled,2025-04-22,2025-09-22
sub_000672,cus_000672,price_free,canceled,2025-04-03,2025-09-27
sub_000685,cus_000685,price_business_m,canceled,2025-04-20,2025-09-16
sub_000696,cus_000696,price_starter_m,canceled,2025-04-21,2025-09-09
sub_000716,cus_000716,price_starter_m,canceled,2025-04-17,2025-09-20
sub_000726,cus_000726,price_pro_m,canceled,2025-04-07,2025-09-20
sub_000758,cus_000758,price_free,canceled,2025-04-23,2025-09-19
sub_000761,cus_000761,price_business_m,canceled,2025-04-25,2025-09-16
sub_000801,cus_000800,price_free,canceled,2025-05-31,2025-09-15
sub_000807,cus_000806,price_business_m,canceled,2025-05-16,2025-09-09
sub_000866,cus_000865,price_business_y,canceled,2025-05-21,2025-09-27
sub_000883,cus_000882,price_business_m,canceled,2025-05-03,2025-09-23
sub_000898,cus_000897,price_pro_m,canceled,2025-05-03,2025-09-13
sub_000900,cus_000899,price_free,canceled,2025-05-19,2025-09-03
sub_000985,cus_000984,price_free,canceled,2025-05-11,2025-09-15
sub_000994,cus_000993,price_pro_m,canceled,2025-05-23,2025-09-15
sub_001067,cus_001064,price_free,canceled,2025-06-22,2025-09-04
sub_001078,cus_001075,price_business_y,canceled,2025-06-12,2025-09-09
sub_001222,cus_001219,price_starter_y,canceled,2025-07-23,2025-09-13
sub_001240,cus_001237,price_starter_m,canceled,2025-07-04,2025-09-27
sub_001273,cus_001270,price_starter_m,canceled,2025-07-19,2025-09-23
sub_001284,cus_001281,price_business_y,canceled,2025-07-01,2025-09-28
sub_001301,cus_001298,price_starter_m,canceled,2025-07-22,2025-09-14
sub_001331,cus_001328,price_starter_m,canceled,2025-07-05,2025-09-26
sub_001342,cus_001339,price_starter_m,canceled,2025-07-21,2025-09-02
sub_001387,cus_001384,price_starter_m,canceled,2025-07-09,2025-09-14
sub_001400,cus_001397,price_pro_m,canceled,2025-07-27,2025-09-06
sub_001430,cus_001426,price_business_m,canceled,2025-08-16,2025-09-18
sub_001503,cus_001499,price_business_m,canceled,2025-08-19,2025-09-10
sub_001532,cus_001528,price_starter_m,canceled,2025-08-26,2025-09-24
sub_001533,cus_001529,price_starter_m,canceled,2025-08-19,2025-09-12
sub_001625,cus_001621,price_pro_m,canceled,2025-08-16,2025-09-25
sub_000027,cus_000027,price_starter_m,canceled,2025-01-22,2025-10-11
sub_000066,cus_000066,price_pro_m,canceled,2025-01-08,2025-10-29
sub_000070,cus_000070,price_starter_m,canceled,2025-01-20,2025-10-06
sub_000087,cus_000087,price_starter_m,canceled,2025-01-21,2025-10-10
sub_000094,cus_000094,price_pro_y,canceled,2025-01-31,2025-10-27
sub_000151,cus_000151,price_business_m,canceled,2025-01-03,2025-10-07
sub_000153,cus_000153,price_business_m,canceled,2025-01-27,2025-10-07
sub_000175,cus_000175,price_pro_m,canceled,2025-01-10,2025-10-28
sub_000222,cus_000222,price_pro_m,canceled,2025-02-14,2025-10-09
sub_000246,cus_000246,price_business_y,canceled,2025-02-22,2025-10-07
sub_000257,cus_000257,price_starter_m,canceled,2025-02-11,2025-10-03
sub_000273,cus_000273,price_starter_m,canceled,2025-02-10,2025-10-26
sub_000305,cus_000305,price_free,canceled,2025-02-27,2025-10-24
sub_000306,cus_000306,price_starter_y,canceled,2025-02-10,2025-10-08
sub_000403,cus_000403,price_pro_y,canceled,2025-03-05,2025-10-10
sub_000417,cus_000417,price_pro_m,canceled,2025-03-07,2025-10-07
sub_000472,cus_000472,price_starter_m,canceled,2025-03-01,2025-10-18
sub_000596,cus_000596,price_starter_m,canceled,2025-04-07,2025-10-10
sub_000636,cus_000636,price_pro_m,canceled,2025-04-25,2025-10-12
sub_000701,cus_000701,price_business_m,canceled,2025-04-17,2025-10-30
sub_000755,cus_000755,price_pro_m,canceled,2025-04-29,2025-10-26
sub_000789,cus_000788,price_pro_m,canceled,2025-05-25,2025-10-02
sub_000793,cus_000792,price_starter_m,canceled,2025-05-12,2025-10-17
sub_000829,cus_000828,price_business_m,canceled,2025-05-04,2025-10-11
sub_000833,cus_000832,price_starter_m,canceled,2025-05-15,2025-10-27
sub_000858,cus_000857,price_free,canceled,2025-05-12,2025-10-22
sub_000907,cus_000906,price_starter_m,canceled,2025-05-20,2025-10-26
sub_000915,cus_000914,price_starter_m,canceled,2025-05-04,2025-10-19
sub_001016,cus_001013,price_pro_m,canceled,2025-06-05,2025-10-04
sub_001035,cus_001032,price_starter_m,canceled,2025-06-30,2025-10-09
sub_001092,cus_001089,price_starter_m,canceled,2025-06-11,2025-10-14
sub_001095,cus_001092,price_starter_m,canceled,2025-06-26,2025-10-19
sub_001114,cus_001111,price_pro_m,canceled,2025-06-26,2025-10-31
sub_001136,cus_001133,price_starter_m,canceled,2025-06-12,2025-10-05
sub_001145,cus_001142,price_free,canceled,2025-06-18,2025-10-05
sub_001162,cus_001159,price_free,canceled,2025-06-23,2025-10-09
sub_001191,cus_001188,price_business_y,canceled,2025-06-14,2025-10-08
sub_001251,cus_001248,price_free,canceled,2025-07-30,2025-10-10
sub_001271,cus_001268,price_enterprise_m,canceled,2025-07-31,2025-10-06
sub_001289,cus_001286,price_starter_m,canceled,2025-07-07,2025-10-01
sub_001393,cus_001390,price_pro_m,canceled,2025-07-21,2025-10-24
sub_001437,cus_001433,price_free,canceled,2025-08-11,2025-10-28
sub_001442,cus_001438,price_free,canceled,2025-08-23,2025-10-09
sub_001476,cus_001472,price_free,canceled,2025-08-25,2025-10-01
sub_001481,cus_001477,price_business_m,canceled,2025-08-17,2025-10-08
sub_001484,cus_001480,price_starter_m,canceled,2025-08-26,2025-10-10
sub_001540,cus_001536,price_pro_m,canceled,2025-08-16,2025-10-18
sub_001608,cus_001604,price_starter_y,canceled,2025-08-16,2025-10-25
sub_001656,cus_001652,price_free,canceled,2025-09-04,2025-10-05
sub_001661,cus_001657,price_pro_m,canceled,2025-09-18,2025-10-18
sub_001681,cus_001677,price_pro_m,canceled,2025-09-22,2025-10-29
sub_001693,cus_001689,price_starter_m,canceled,2025-09-25,2025-10-09
sub_001732,cus_001728,price_pro_m,canceled,2025-09-07,2025-10-19
sub_001775,cus_001771,price_free,canceled,2025-09-24,2025-10-14
sub_001797,cus_001793,price_starter_m,canceled,2025-09-15,2025-10-06
sub_001819,cus_001815,price_starter_y,canceled,2025-09-19,2025-10-31
sub_000007,cus_000007,price_starter_m,canceled,2025-01-11,2025-11-06
sub_000009,cus_000009,price_starter_m,canceled,2025-01-04,2025-11-10
sub_000051,cus_000051,price_enterprise_m,canceled,2025-01-09,2025-11-11
sub_000065,cus_000065,price_starter_m,canceled,2025-01-17,2025-11-16
sub_000108,cus_000108,price_starter_y,canceled,2025-01-29,2025-11-09
sub_000191,cus_000191,price_starter_m,canceled,2025-02-08,2025-11-27
sub_000200,cus_000200,price_business_y,canceled,2025-02-23,2025-11-05
sub_000248,cus_000248,price_pro_y,canceled,2025-02-24,2025-11-13
sub_000314,cus_000314,price_starter_m,canceled,2025-02-12,2025-11-21
sub_000332,cus_000332,price_free,canceled,2025-02-17,2025-11-02
sub_000339,cus_000339,price_free,canceled,2025-02-28,2025-11-17
sub_000449,cus_000449,price_starter_m,canceled,2025-03-24,2025-11-12
sub_000477,cus_000477,price_free,canceled,2025-03-07,2025-11-16
sub_000492,cus_000492,price_pro_m,canceled,2025-03-02,2025-11-23
sub_000555,cus_000555,price_free,canceled,2025-04-30,2025-11-08
sub_000599,cus_000599,price_starter_m,canceled,2025-04-25,2025-11-29
sub_000684,cus_000684,price_starter_m,canceled,2025-04-01,2025-11-05
sub_000700,cus_000700,price_pro_m,canceled,2025-04-25,2025-11-04
sub_000772,cus_000771,price_free,canceled,2025-05-15,2025-11-20
sub_000773,cus_000772,price_enterprise_m,canceled,2025-05-05,2025-11-22
sub_000802,cus_000801,price_free,canceled,2025-05-18,2025-11-19
sub_000856,cus_000855,price_pro_m,canceled,2025-05-14,2025-11-18
sub_000910,cus_000909,price_free,canceled,2025-05-07,2025-11-20
sub_000913,cus_000912,price_starter_m,canceled,2025-05-20,2025-11-27
sub_000927,cus_000926,price_starter_m,canceled,2025-05-23,2025-11-11
sub_000966,cus_000965,price_free,canceled,2025-05-05,2025-11-02
sub_000993,cus_000992,price_free,canceled,2025-05-24,2025-11-30
sub_001015,cus_001012,price_pro_y,canceled,2025-06-05,2025-11-28
sub_001044,cus_001041,price_starter_m,canceled,2025-06-29,2025-11-15
sub_001189,cus_001186,price_free,canceled,2025-06-24,2025-11-30
sub_001204,cus_001201,price_starter_m,canceled,2025-07-06,2025-11-22
sub_001229,cus_001226,price_starter_m,canceled,2025-07-01,2025-11-25
sub_001246,cus_001243,price_pro_m,canceled,2025-07-22,2025-11-07
sub_001272,cus_001269,price_business_m,canceled,2025-07-26,2025-11-29
sub_001285,cus_001282,price_free,canceled,2025-07-12,2025-11-23
sub_001299,cus_001296,price_starter_m,canceled,2025-07-20,2025-11-20
sub_001306,cus_001303,price_pro_m,canceled,2025-07-07,2025-11-22
sub_001334,cus_001331,price_starter_m,canceled,2025-07-12,2025-11-15
sub_001338,cus_001335,price_enterprise_m,canceled,2025-07-25,2025-11-28
sub_001421,cus_001418,price_free,canceled,2025-07-27,2025-11-11
sub_001467,cus_001463,price_starter_m,canceled,2025-08-06,2025-11-23
sub_001504,cus_001500,price_enterprise_m,canceled,2025-08-03,2025-11-11
sub_001555,cus_001551,price_enterprise_m,canceled,2025-08-10,2025-11-27
sub_001624,cus_001620,price_free,canceled,2025-08-18,2025-11-07
sub_001662,cus_001658,price_pro_m,canceled,2025-09-20,2025-11-13
sub_001666,cus_001662,price_starter_m,canceled,2025-09-29,2025-11-20
sub_001680,cus_001676,price_starter_m,canceled,2025-09-27,2025-11-28
sub_001699,cus_001695,price_enterprise_m,canceled,2025-09-16,2025-11-27
sub_001701,cus_001697,price_starter_m,canceled,2025-09-03,2025-11-30
sub_001749,cus_001745,price_starter_m,canceled,2025-09-28,2025-11-22
sub_001815,cus_001811,price_starter_m,canceled,2025-09-21,2025-11-10
sub_001845,cus_001841,price_starter_m,canceled,2025-09-25,2025-11-25
sub_001857,cus_001853,price_business_m,canceled,2025-09-06,2025-11-01
sub_001883,cus_000026,price_pro_m,canceled,2025-09-11,2025-11-11
sub_001885,cus_001880,price_starter_m,canceled,2025-10-09,2025-11-18
sub_001897,cus_001892,price_starter_y,canceled,2025-10-08,2025-11-08
sub_001903,cus_001898,price_pro_m,canceled,2025-10-25,2025-11-14
sub_001918,cus_001913,price_pro_m,canceled,2025-10-23,2025-11-18
sub_001932,cus_001927,price_pro_m,canceled,2025-10-05,2025-11-08
sub_001936,cus_001931,price_free,canceled,2025-10-13,2025-11-21
sub_001955,cus_001950,price_free,canceled,2025-10-17,2025-11-25
sub_001974,cus_001969,price_enterprise_m,canceled,2025-10-16,2025-11-03
sub_001991,cus_001986,price_free,canceled,2025-10-11,2025-11-24
sub_002043,cus_002038,price_pro_m,canceled,2025-10-14,2025-11-10
sub_002099,cus_002094,price_pro_m,canceled,2025-10-01,2025-11-05
sub_002118,cus_002113,price_business_m,canceled,2025-10-10,2025-11-10
sub_002143,cus_002138,price_free,canceled,2025-10-15,2025-11-17
sub_002146,cus_002141,price_free,canceled,2025-10-18,2025-11-15
sub_000144,cus_000144,price_starter_y,canceled,2025-01-08,2025-12-03
sub_000267,cus_000267,price_business_y,canceled,2025-02-13,2025-12-26
sub_000401,cus_000401,price_free,canceled,2025-03-13,2025-12-14
sub_000435,cus_000435,price_pro_m,canceled,2025-03-08,2025-12-30
sub_000447,cus_000447,price_business_m,canceled,2025-03-09,2025-12-08
sub_000459,cus_000459,price_pro_m,canceled,2025-03-15,2025-12-09
sub_000506,cus_000506,price_starter_y,canceled,2025-03-09,2025-12-20
sub_000507,cus_000507,price_starter_m,canceled,2025-03-23,2025-12-24
sub_000589,cus_000589,price_pro_m,canceled,2025-04-04,2025-12-24
sub_000597,cus_000597,price_pro_m,canceled,2025-04-08,2025-12-28
sub_000608,cus_000608,price_free,canceled,2025-04-23,2025-12-13
sub_000639,cus_000639,price_free,canceled,2025-04-07,2025-12-23
sub_000649,cus_000649,price_starter_m,canceled,2025-04-24,2025-12-23
sub_000697,cus_000697,price_starter_m,canceled,2025-04-08,2025-12-29
sub_000705,cus_000705,price_pro_m,canceled,2025-04-10,2025-12-15
sub_000739,cus_000739,price_free,canceled,2025-04-01,2025-12-06
sub_000778,cus_000777,price_starter_m,canceled,2025-05-15,2025-12-16
sub_000787,cus_000786,price_pro_m,canceled,2025-05-28,2025-12-17
sub_000861,cus_000860,price_starter_m,canceled,2025-05-13,2025-12-09
sub_000949,cus_000948,price_pro_m,canceled,2025-05-16,2025-12-04
sub_000972,cus_000971,price_free,canceled,2025-05-28,2025-12-31
sub_000975,cus_000974,price_pro_m,canceled,2025-05-09,2025-12-16
sub_000977,cus_000976,price_starter_m,canceled,2025-05-26,2025-12-02
sub_000992,cus_000991,price_business_m,canceled,2025-05-27,2025-12-31
sub_001019,cus_001016,price_pro_m,canceled,2025-06-01,2025-12-11
sub_001057,cus_001054,price_free,canceled,2025-06-05,2025-12-31
sub_001175,cus_001172,price_starter_m,canceled,2025-06-12,2025-12-10
sub_001206,cus_001203,price_pro_m,canceled,2025-07-15,2025-12-07
sub_001207,cus_001204,price_free,canceled,2025-07-14,2025-12-12
sub_001280,cus_001277,price_business_m,canceled,2025-07-27,2025-12-31
sub_001291,cus_001288,price_free,canceled,2025-07-30,2025-12-18
sub_001296,cus_001293,price_pro_y,canceled,2025-07-08,2025-12-08
sub_001368,cus_001365,price_starter_m,canceled,2025-07-06,2025-12-05
sub_001371,cus_001368,price_pro_y,canceled,2025-07-31,2025-12-31
sub_001383,cus_001380,price_business_m,canceled,2025-07-09,2025-12-27
sub_001392,cus_001389,price_pro_y,canceled,2025-07-11,2025-12-27
sub_001435,cus_001431,price_pro_m,canceled,2025-08-04,2025-12-02
sub_001441,cus_001437,price_business_m,canceled,2025-08-21,2025-12-15
sub_001464,cus_001460,price_enterprise_m,canceled,2025-08-03,2025-12-18
sub_001520,cus_001516,price_starter_m,canceled,2025-08-29,2025-12-08
sub_001534,cus_001530,price_starter_m,canceled,2025-08-17,2025-12-01
sub_001553,cus_001549,price_business_m,canceled,2025-08-10,2025-12-28
sub_001598,cus_001594,price_starter_m,canceled,2025-08-03,2025-12-01
sub_001602,cus_001598,price_pro_y,canceled,2025-08-01,2025-12-12
sub_001640,cus_001636,price_pro_m,canceled,2025-08-27,2025-12-08
sub_001671,cus_001667,price_business_m,canceled,2025-09-05,2025-12-07
sub_001675,cus_001671,price_starter_m,canceled,2025-09-09,2025-12-11
sub_001705,cus_001701,price_starter_m,canceled,2025-09-21,2025-12-03
sub_001772,cus_001768,price_free,canceled,2025-09-25,2025-12-23
sub_001806,cus_001802,price_free,canceled,2025-09-25,2025-12-20
sub_001832,cus_001828,price_pro_y,canceled,2025-09-15,2025-12-31
sub_001881,cus_001877,price_pro_m,canceled,2025-09-16,2025-12-09
sub_001905,cus_001900,price_free,canceled,2025-10-12,2025-12-05
sub_001928,cus_001923,price_business_y,canceled,2025-10-15,2025-12-05
sub_001934,cus_001929,price_pro_m,canceled,2025-10-21,2025-12-24
sub_001948,cus_001943,price_business_m,canceled,2025-10-09,2025-12-20
sub_001951,cus_001946,price_free,canceled,2025-10-12,2025-12-14
sub_001956,cus_001951,price_free,canceled,2025-10-09,2025-12-04
sub_001993,cus_001988,price_free,canceled,2025-10-05,2025-12-18
sub_002083,cus_002078,price_starter_y,canceled,2025-10-30,2025-12-31
sub_002153,cus_002148,price_free,canceled,2025-10-20,2025-12-13
sub_002159,cus_002153,price_business_m,canceled,2025-11-25,2025-12-09
sub_002174,cus_002168,price_business_y,canceled,2025-11-02,2025-12-20
sub_002186,cus_002180,price_free,canceled,2025-11-14,2025-12-16
sub_002207,cus_002201,price_starter_m,canceled,2025-11-12,2025-12-25
sub_002232,cus_002226,price_starter_y,canceled,2025-11-26,2025-12-30
sub_002244,cus_002238,price_enterprise_m,canceled,2025-11-01,2025-12-12
sub_002255,cus_002249,price_starter_m,canceled,2025-11-08,2025-12-13
sub_002353,cus_002347,price_business_m,canceled,2025-11-26,2025-12-20
sub_002377,cus_002371,price_pro_m,canceled,2025-11-15,2025-12-26
sub_002399,cus_002393,price_enterprise_m,canceled,2025-11-01,2025-12-31
sub_002422,cus_002416,price_business_m,canceled,2025-11-25,2025-12-07
sub_000011,cus_000011,price_pro_y,canceled,2025-01-24,2026-01-16
sub_000042,cus_000042,price_business_m,canceled,2025-01-24,2026-01-04
sub_000112,cus_000112,price_business_y,canceled,2025-01-10,2026-01-31
sub_000187,cus_000187,price_starter_m,canceled,2025-02-01,2026-01-13
sub_000188,cus_000188,price_free,canceled,2025-02-12,2026-01-01
sub_000367,cus_000367,price_pro_m,canceled,2025-03-29,2026-01-05
sub_000368,cus_000368,price_business_m,canceled,2025-03-02,2026-01-18
sub_000409,cus_000409,price_starter_m,canceled,2025-03-07,2026-01-04
sub_000411,cus_000411,price_starter_y,canceled,2025-03-05,2026-01-02
sub_000439,cus_000439,price_pro_m,canceled,2025-03-24,2026-01-03
sub_000493,cus_000493,price_starter_y,canceled,2025-03-31,2026-01-21
sub_000508,cus_000508,price_starter_m,canceled,2025-03-25,2026-01-26
sub_000556,cus_000556,price_business_y,canceled,2025-04-18,2026-01-23
sub_000559,cus_000559,price_free,canceled,2025-04-23,2026-01-10
sub_000573,cus_000573,price_free,canceled,2025-04-21,2026-01-01
sub_000588,cus_000588,price_pro_m,canceled,2025-04-10,2026-01-14
sub_000622,cus_000622,price_pro_m,canceled,2025-04-01,2026-01-12
sub_000664,cus_000664,price_starter_y,canceled,2025-04-22,2026-01-10
sub_000736,cus_000736,price_pro_y,canceled,2025-04-30,2026-01-10
sub_000768,cus_000768,price_pro_m,canceled,2025-04-15,2026-01-29
sub_000779,cus_000778,price_pro_m,canceled,2025-05-26,2026-01-19
sub_000857,cus_000856,price_pro_m,canceled,2025-05-28,2026-01-11
sub_000870,cus_000869,price_business_y,canceled,2025-05-27,2026-01-27
sub_000904,cus_000903,price_free,canceled,2025-05-04,2026-01-05
sub_000926,cus_000925,price_starter_m,canceled,2025-05-23,2026-01-09
sub_000986,cus_000985,price_free,canceled,2025-05-11,2026-01-09
sub_000987,cus_000986,price_starter_m,canceled,2025-05-04,2026-01-23
sub_001008,cus_001005,price_enterprise_m,canceled,2025-06-04,2026-01-29
sub_001197,cus_001194,price_enterprise_m,canceled,2025-06-30,2026-01-07
sub_001201,cus_001198,price_business_y,canceled,2025-06-26,2026-01-24
sub_001277,cus_001274,price_pro_y,canceled,2025-07-24,2026-01-12
sub_001290,cus_001287,price_enterprise_m,canceled,2025-07-25,2026-01-28
sub_001315,cus_001312,price_starter_m,canceled,2025-07-24,2026-01-15
sub_001321,cus_001318,price_pro_m,canceled,2025-07-14,2026-01-29
sub_001375,cus_001372,price_starter_y,canceled,2025-07-13,2026-01-14
sub_001425,cus_001421,price_pro_m,canceled,2025-08-06,2026-01-15
sub_001528,cus_001524,price_starter_m,canceled,2025-08-19,2026-01-31
sub_001581,cus_001577,price_business_m,canceled,2025-08-06,2026-01-13
sub_001642,cus_001638,price_enterprise_m,canceled,2025-09-17,2026-01-17
sub_001654,cus_001650,price_business_m,canceled,2025-09-12,2026-01-06
sub_001724,cus_001720,price_starter_m,canceled,2025-09-10,2026-01-09
sub_001728,cus_001724,price_free,canceled,2025-09-16,2026-01-22
sub_001762,cus_001758,price_free,canceled,2025-09-25,2026-01-22
sub_001782,cus_001778,price_starter_m,canceled,2025-09-10,2026-01-29
sub_001814,cus_001810,price_starter_m,canceled,2025-09-29,2026-01-08
sub_001822,cus_001818,price_starter_m,canceled,2025-09-27,2026-01-10
sub_001840,cus_001836,price_pro_m,canceled,2025-09-13,2026-01-02
sub_001884,cus_001879,price_free,canceled,2025-10-28,2026-01-26
sub_001941,cus_001936,price_starter_m,canceled,2025-10-28,2026-01-26
sub_002052,cus_002047,price_starter_m,canceled,2025-10-08,2026-01-30
sub_002082,cus_002077,price_starter_m,canceled,2025-10-23,2026-01-12
sub_002144,cus_002139,price_starter_m,canceled,2025-10-28,2026-01-02
sub_002169,cus_002163,price_pro_y,canceled,2025-11-27,2026-01-06
sub_002188,cus_002182,price_enterprise_m,canceled,2025-11-07,2026-01-17
sub_002199,cus_002193,price_business_m,canceled,2025-11-28,2026-01-01
sub_002220,cus_002214,price_free,canceled,2025-11-25,2026-01-11
sub_002309,cus_002303,price_starter_m,canceled,2025-11-18,2026-01-27
sub_002335,cus_002329,price_pro_y,canceled,2025-11-11,2026-01-06
sub_002379,cus_002373,price_free,canceled,2025-11-19,2026-01-16
sub_002411,cus_002405,price_starter_m,canceled,2025-11-03,2026-01-21
sub_002438,cus_002432,price_pro_m,canceled,2025-11-02,2026-01-12
sub_002475,cus_002469,price_starter_m,canceled,2025-12-25,2026-01-31
sub_002514,cus_002508,price_enterprise_m,canceled,2025-12-27,2026-01-02
sub_002587,cus_002581,price_pro_m,canceled,2025-12-05,2026-01-13
sub_002597,cus_002591,price_starter_m,canceled,2025-12-28,2026-01-19
sub_002608,cus_002602,price_starter_m,canceled,2025-12-28,2026-01-21
sub_002656,cus_002650,price_pro_m,canceled,2025-12-24,2026-01-29
sub_002685,cus_002679,price_enterprise_m,canceled,2025-12-22,2026-01-24
sub_000064,cus_000064,price_starter_y,canceled,2025-01-05,2026-02-26
sub_000095,cus_000095,price_pro_y,canceled,2025-01-30,2026-02-07
sub_000146,cus_000146,price_starter_m,canceled,2025-01-25,2026-02-05
sub_000217,cus_000217,price_starter_m,canceled,2025-02-21,2026-02-19
sub_000402,cus_000402,price_starter_m,canceled,2025-03-13,2026-02-27
sub_000426,cus_000426,price_free,canceled,2025-03-05,2026-02-07
sub_000631,cus_000631,price_business_m,canceled,2025-04-02,2026-02-12
sub_000660,cus_000660,price_starter_y,canceled,2025-04-06,2026-02-26
sub_000718,cus_000718,price_business_m,canceled,2025-04-02,2026-02-01
sub_000722,cus_000722,price_pro_m,canceled,2025-04-05,2026-02-06
sub_000776,cus_000775,price_free,canceled,2025-05-31,2026-02-01
sub_000813,cus_000812,price_starter_y,canceled,2025-05-01,2026-02-18
sub_000839,cus_000838,price_pro_y,canceled,2025-05-24,2026-02-07
sub_000845,cus_000844,price_business_y,canceled,2025-05-20,2026-02-23
sub_000846,cus_000845,price_pro_m,canceled,2025-05-06,2026-02-19
sub_000869,cus_000868,price_free,canceled,2025-05-30,2026-02-03
sub_000945,cus_000944,price_enterprise_m,canceled,2025-05-18,2026-02-02
sub_000965,cus_000964,price_starter_m,canceled,2025-05-04,2026-02-09
sub_001024,cus_001021,price_starter_y,canceled,2025-06-18,2026-02-13
sub_001142,cus_001139,price_starter_y,canceled,2025-06-10,2026-02-24
sub_001172,cus_001169,price_business_m,canceled,2025-06-18,2026-02-19
sub_001176,cus_001173,price_free,canceled,2025-06-11,2026-02-01
sub_001234,cus_001231,price_business_m,canceled,2025-07-21,2026-02-22
sub_001244,cus_001241,price_enterprise_m,canceled,2025-07-12,2026-02-01
sub_001254,cus_001251,price_starter_m,canceled,2025-07-25,2026-02-27
sub_001320,cus_001317,price_free,canceled,2025-07-25,2026-02-15
sub_001330,cus_001327,price_starter_m,canceled,2025-07-20,2026-02-05
sub_001413,cus_001410,price_free,canceled,2025-07-23,2026-02-07
sub_001446,cus_001442,price_starter_m,canceled,2025-08-06,2026-02-02
sub_001457,cus_001453,price_pro_m,canceled,2025-08-23,2026-02-02
sub_001536,cus_001532,price_starter_m,canceled,2025-08-25,2026-02-24
sub_001545,cus_001541,price_pro_m,canceled,2025-08-06,2026-02-23
sub_001554,cus_001550,price_business_m,canceled,2025-08-18,2026-02-17
sub_001566,cus_001562,price_free,canceled,2025-08-12,2026-02-22
sub_001597,cus_001593,price_business_m,canceled,2025-08-06,2026-02-05
sub_001606,cus_001602,price_pro_m,canceled,2025-08-16,2026-02-12
sub_001612,cus_001608,price_free,canceled,2025-08-24,2026-02-15
sub_001619,cus_001615,price_business_m,canceled,2025-08-24,2026-02-09
sub_001626,cus_001622,price_starter_m,canceled,2025-08-31,2026-02-18
sub_001696,cus_001692,price_starter_y,canceled,2025-09-16,2026-02-16
sub_001726,cus_001722,price_starter_m,canceled,2025-09-27,2026-02-13
sub_001729,cus_001725,price_business_m,canceled,2025-09-27,2026-02-22
sub_001837,cus_001833,price_starter_m,canceled,2025-09-23,2026-02-26
sub_001900,cus_001895,price_pro_m,canceled,2025-10-28,2026-02-26
sub_001911,cus_001906,price_pro_y,canceled,2025-10-17,2026-02-14
sub_001947,cus_001942,price_starter_m,canceled,2025-10-17,2026-02-10
sub_001982,cus_001977,price_free,canceled,2025-10-07,2026-02-18
sub_002023,cus_002018,price_starter_m,canceled,2025-10-30,2026-02-11
sub_002105,cus_002100,price_pro_m,canceled,2025-10-13,2026-02-11
sub_002135,cus_002130,price_free,canceled,2025-10-18,2026-02-17
sub_002179,cus_002173,price_pro_m,canceled,2025-11-07,2026-02-14
sub_002234,cus_002228,price_starter_y,canceled,2025-11-16,2026-02-07
sub_002238,cus_002232,price_starter_m,canceled,2025-11-10,2026-02-26
sub_002263,cus_002257,price_pro_m,canceled,2025-11-08,2026-02-20
sub_002287,cus_002281,price_starter_m,canceled,2025-11-12,2026-02-04
sub_002362,cus_002356,price_free,canceled,2025-11-23,2026-02-10
sub_002395,cus_002389,price_starter_m,canceled,2025-11-07,2026-02-14
sub_002407,cus_002401,price_pro_m,canceled,2025-11-24,2026-02-01
sub_002444,cus_002438,price_starter_y,canceled,2025-12-01,2026-02-23
sub_002468,cus_002462,price_pro_m,canceled,2025-12-09,2026-02-01
sub_002470,cus_002464,price_business_m,canceled,2025-12-30,2026-02-16
sub_002478,cus_002472,price_starter_m,canceled,2025-12-09,2026-02-24
sub_002489,cus_002483,price_pro_m,canceled,2025-12-18,2026-02-22
sub_002555,cus_002549,price_free,canceled,2025-12-20,2026-02-03
sub_002601,cus_002595,price_pro_m,canceled,2025-12-17,2026-02-04
sub_002635,cus_002629,price_starter_m,canceled,2025-12-16,2026-02-05
sub_002761,cus_002754,price_business_y,canceled,2026-01-27,2026-02-16
sub_002824,cus_002817,price_pro_m,canceled,2026-01-08,2026-02-24
sub_002835,cus_002828,price_starter_m,canceled,2026-01-18,2026-02-04
sub_002870,cus_002863,price_starter_y,canceled,2026-01-31,2026-02-15
sub_000028,cus_000028,price_business_m,canceled,2025-01-05,2026-03-20
sub_000092,cus_000092,price_pro_y,canceled,2025-01-27,2026-03-10
sub_000096,cus_000096,price_free,canceled,2025-01-19,2026-03-06
sub_000097,cus_000097,price_free,canceled,2025-01-27,2026-03-20
sub_000130,cus_000130,price_business_m,canceled,2025-01-03,2026-03-11
sub_000140,cus_000140,price_pro_y,canceled,2025-01-27,2026-03-25
sub_000142,cus_000142,price_enterprise_m,canceled,2025-01-29,2026-03-15
sub_000289,cus_000289,price_free,canceled,2025-02-28,2026-03-08
sub_000303,cus_000303,price_pro_y,canceled,2025-02-21,2026-03-21
sub_000308,cus_000308,price_starter_m,canceled,2025-02-26,2026-03-03
sub_000330,cus_000330,price_starter_m,canceled,2025-02-28,2026-03-25
sub_000336,cus_000336,price_free,canceled,2025-02-16,2026-03-13
sub_000337,cus_000337,price_pro_y,canceled,2025-02-12,2026-03-18
sub_000365,cus_000365,price_pro_y,canceled,2025-03-25,2026-03-07
sub_000377,cus_000377,price_pro_m,canceled,2025-03-27,2026-03-10
sub_000382,cus_000382,price_starter_y,canceled,2025-03-11,2026-03-27
sub_000400,cus_000400,price_business_m,canceled,2025-03-06,2026-03-17
sub_000457,cus_000457,price_business_m,canceled,2025-03-17,2026-03-04
sub_000501,cus_000501,price_starter_y,canceled,2025-03-09,2026-03-16
sub_000567,cus_000567,price_starter_m,canceled,2025-04-12,2026-03-31
sub_000633,cus_000633,price_starter_m,canceled,2025-04-30,2026-03-30
sub_000634,cus_000634,price_business_y,canceled,2025-04-18,2026-03-19
sub_000676,cus_000676,price_starter_m,canceled,2025-04-17,2026-03-21
sub_000746,cus_000746,price_enterprise_m,canceled,2025-04-06,2026-03-17
sub_000868,cus_000867,price_pro_m,canceled,2025-05-22,2026-03-06
sub_000968,cus_000967,price_starter_m,canceled,2025-05-13,2026-03-20
sub_000988,cus_000987,price_starter_m,canceled,2025-05-05,2026-03-07
sub_001096,cus_001093,price_pro_m,canceled,2025-06-04,2026-03-01
sub_001117,cus_001114,price_pro_m,canceled,2025-06-02,2026-03-04
sub_001134,cus_001131,price_free,canceled,2025-06-28,2026-03-19
sub_001146,cus_001143,price_starter_y,canceled,2025-06-23,2026-03-10
sub_001151,cus_001148,price_pro_m,canceled,2025-06-15,2026-03-05
sub_001157,cus_001154,price_free,canceled,2025-06-25,2026-03-25
sub_001223,cus_001220,price_starter_m,canceled,2025-07-26,2026-03-04
sub_001230,cus_001227,price_pro_m,canceled,2025-07-03,2026-03-16
sub_001294,cus_001291,price_pro_m,canceled,2025-07-27,2026-03-27
sub_001310,cus_001307,price_starter_y,canceled,2025-07-02,2026-03-12
sub_001333,cus_001330,price_pro_m,canceled,2025-07-09,2026-03-21
sub_001390,cus_001387,price_business_m,canceled,2025-07-19,2026-03-19
sub_001427,cus_001423,price_pro_m,canceled,2025-08-15,2026-03-14
sub_001480,cus_001476,price_pro_m,canceled,2025-08-13,2026-03-12
sub_001486,cus_001482,price_pro_m,canceled,2025-08-05,2026-03-23
sub_001508,cus_001504,price_starter_m,canceled,2025-08-10,2026-03-13
sub_001521,cus_001517,price_starter_y,canceled,2025-08-13,2026-03-31
sub_001527,cus_001523,price_free,canceled,2025-08-06,2026-03-31
sub_001582,cus_001578,price_pro_m,canceled,2025-08-02,2026-03-31
sub_001590,cus_001586,price_starter_m,canceled,2025-08-06,2026-03-24
sub_001610,cus_001606,price_starter_m,canceled,2025-08-17,2026-03-21
sub_001655,cus_001651,price_starter_m,canceled,2025-09-29,2026-03-02
sub_001695,cus_001691,price_starter_m,canceled,2025-09-03,2026-03-12
sub_001731,cus_001727,price_free,canceled,2025-09-02,2026-03-18
sub_001741,cus_001737,price_pro_y,canceled,2025-09-06,2026-03-10
sub_001798,cus_001794,price_business_m,canceled,2025-09-17,2026-03-10
sub_001944,cus_001939,price_starter_m,canceled,2025-10-25,2026-03-07
sub_001994,cus_001989,price_pro_m,canceled,2025-10-09,2026-03-30
sub_002047,cus_002042,price_pro_m,canceled,2025-10-19,2026-03-06
sub_002079,cus_002074,price_pro_m,canceled,2025-10-21,2026-03-15
sub_002103,cus_002098,price_free,canceled,2025-10-16,2026-03-29
sub_002127,cus_002122,price_pro_m,canceled,2025-10-20,2026-03-28
sub_002131,cus_002126,price_pro_m,canceled,2025-10-02,2026-03-03
sub_002138,cus_002133,price_business_y,canceled,2025-10-21,2026-03-21
sub_002147,cus_002142,price_business_m,canceled,2025-10-21,2026-03-30
sub_002163,cus_002157,price_starter_m,canceled,2025-11-23,2026-03-26
sub_002187,cus_002181,price_starter_y,canceled,2025-11-12,2026-03-26
sub_002190,cus_002184,price_starter_y,canceled,2025-11-27,2026-03-29
sub_002197,cus_002191,price_starter_m,canceled,2025-11-24,2026-03-09
sub_002203,cus_002197,price_business_m,canceled,2025-11-20,2026-03-02
sub_002211,cus_002205,price_pro_m,canceled,2025-11-09,2026-03-20
sub_002251,cus_002245,price_business_y,canceled,2025-11-02,2026-03-22
sub_002269,cus_002263,price_starter_m,canceled,2025-11-04,2026-03-22
sub_002283,cus_002277,price_starter_m,canceled,2025-11-26,2026-03-24
sub_002306,cus_002300,price_starter_m,canceled,2025-11-01,2026-03-17
sub_002358,cus_002352,price_starter_y,canceled,2025-11-23,2026-03-05
sub_002428,cus_002422,price_pro_m,canceled,2025-11-05,2026-03-16
sub_002443,cus_002437,price_free,canceled,2025-12-27,2026-03-03
sub_002549,cus_002543,price_pro_m,canceled,2025-12-31,2026-03-06
sub_002606,cus_002600,price_enterprise_m,canceled,2025-12-17,2026-03-13
sub_002697,cus_002691,price_free,canceled,2025-12-23,2026-03-01
sub_002710,cus_002703,price_pro_y,canceled,2026-01-08,2026-03-08
sub_002726,cus_002719,price_pro_y,canceled,2026-01-19,2026-03-17
sub_002772,cus_002765,price_pro_m,canceled,2026-01-30,2026-03-21
sub_002779,cus_002772,price_business_m,canceled,2026-01-10,2026-03-14
sub_002793,cus_002786,price_starter_m,canceled,2026-01-05,2026-03-25
sub_002802,cus_002795,price_free,canceled,2026-01-11,2026-03-11
sub_002817,cus_002810,price_free,canceled,2026-01-26,2026-03-16
sub_002888,cus_002881,price_business_m,canceled,2026-01-09,2026-03-19
sub_002948,cus_002941,price_starter_m,canceled,2026-01-11,2026-03-24
sub_002973,cus_002966,price_starter_m,canceled,2026-01-25,2026-03-11
sub_003041,cus_003034,price_business_m,canceled,2026-02-24,2026-03-01
sub_003108,cus_003101,price_starter_m,canceled,2026-02-14,2026-03-16
sub_003111,cus_003104,price_business_m,canceled,2026-02-06,2026-03-18
sub_003112,cus_003105,price_business_y,canceled,2026-02-07,2026-03-03
sub_003203,cus_003196,price_pro_m,canceled,2026-02-01,2026-03-30
sub_003235,cus_003228,price_starter_y,canceled,2026-02-11,2026-03-20
sub_003267,cus_003260,price_pro_m,canceled,2026-02-12,2026-03-14
sub_000301,cus_000301,price_starter_m,canceled,2025-02-23,2026-04-20
sub_000393,cus_000393,price_starter_m,canceled,2025-03-24,2026-04-15
sub_000452,cus_000452,price_enterprise_m,canceled,2025-03-17,2026-04-15
sub_000518,cus_000518,price_starter_m,canceled,2025-03-20,2026-04-26
sub_000520,cus_000520,price_starter_y,canceled,2025-03-29,2026-04-12
sub_000623,cus_000623,price_starter_y,canceled,2025-04-08,2026-04-28
sub_000655,cus_000655,price_starter_m,canceled,2025-04-30,2026-04-20
sub_000656,cus_000656,price_starter_m,canceled,2025-04-14,2026-04-19
sub_000678,cus_000678,price_business_m,canceled,2025-04-02,2026-04-03
sub_000688,cus_000688,price_business_m,canceled,2025-04-09,2026-04-09
sub_000691,cus_000691,price_pro_y,canceled,2025-04-08,2026-04-28
sub_001220,cus_001217,price_business_y,canceled,2025-07-17,2026-04-04
sub_001265,cus_001262,price_business_m,canceled,2025-07-28,2026-04-01
sub_001312,cus_001309,price_business_y,canceled,2025-07-04,2026-04-13
sub_001389,cus_001386,price_starter_m,canceled,2025-07-28,2026-04-04
sub_001401,cus_001398,price_business_m,canceled,2025-07-19,2026-04-13
sub_001410,cus_001407,price_pro_m,canceled,2025-07-01,2026-04-11
sub_001455,cus_001451,price_starter_m,canceled,2025-08-16,2026-04-15
sub_001531,cus_001527,price_enterprise_m,canceled,2025-08-24,2026-04-08
sub_001548,cus_001544,price_starter_y,canceled,2025-08-31,2026-04-27
sub_001778,cus_001774,price_business_y,canceled,2025-09-27,2026-04-27
sub_001784,cus_001780,price_free,canceled,2025-09-24,2026-04-02
sub_001807,cus_001803,price_starter_y,canceled,2025-09-30,2026-04-28
sub_001907,cus_001902,price_business_m,canceled,2025-10-08,2026-04-07
sub_001926,cus_001921,price_pro_m,canceled,2025-10-18,2026-04-03
sub_002032,cus_002027,price_business_y,canceled,2025-10-28,2026-04-15
sub_002175,cus_002169,price_business_m,canceled,2025-11-15,2026-04-28
sub_002180,cus_002174,price_enterprise_m,canceled,2025-11-22,2026-04-22
sub_002189,cus_002183,price_free,canceled,2025-11-02,2026-04-29
sub_002201,cus_002195,price_business_m,canceled,2025-11-29,2026-04-05
sub_002293,cus_002287,price_pro_m,canceled,2025-11-17,2026-04-22
sub_002308,cus_002302,price_pro_m,canceled,2025-11-11,2026-04-27
sub_002321,cus_002315,price_starter_m,canceled,2025-11-19,2026-04-07
sub_002333,cus_002327,price_starter_m,canceled,2025-11-18,2026-04-12
sub_002336,cus_002330,price_starter_y,canceled,2025-11-04,2026-04-17
sub_002404,cus_002398,price_starter_m,canceled,2025-11-08,2026-04-12
sub_002430,cus_002424,price_free,canceled,2025-11-12,2026-04-22
sub_002553,cus_002547,price_starter_m,canceled,2025-12-13,2026-04-24
sub_002585,cus_002579,price_business_m,canceled,2025-12-13,2026-04-04
sub_002593,cus_002587,price_pro_m,canceled,2025-12-25,2026-04-22
sub_002674,cus_002668,price_starter_m,canceled,2025-12-20,2026-04-04
sub_002692,cus_002686,price_business_m,canceled,2025-12-11,2026-04-10
sub_002718,cus_002711,price_free,canceled,2026-01-19,2026-04-05
sub_002766,cus_002759,price_starter_m,canceled,2026-01-02,2026-04-24
sub_002850,cus_002843,price_free,canceled,2026-01-25,2026-04-09
sub_002857,cus_002850,price_free,canceled,2026-01-08,2026-04-23
sub_002869,cus_002862,price_free,canceled,2026-01-05,2026-04-19
sub_002877,cus_002870,price_free,canceled,2026-01-15,2026-04-10
sub_002883,cus_002876,price_starter_m,canceled,2026-01-16,2026-04-02
sub_002908,cus_002901,price_pro_y,canceled,2026-01-08,2026-04-24
sub_002917,cus_002910,price_starter_m,canceled,2026-01-08,2026-04-18
sub_002980,cus_002973,price_pro_m,canceled,2026-01-21,2026-04-09
sub_003026,cus_003019,price_free,canceled,2026-02-24,2026-04-14
sub_003132,cus_003125,price_starter_m,canceled,2026-02-08,2026-04-04
sub_003142,cus_003135,price_starter_y,canceled,2026-02-17,2026-04-24
sub_003171,cus_003164,price_starter_m,canceled,2026-02-14,2026-04-21
sub_003185,cus_003178,price_pro_y,canceled,2026-02-05,2026-04-03
sub_003213,cus_003206,price_starter_m,canceled,2026-02-07,2026-04-04
sub_003230,cus_003223,price_starter_m,canceled,2026-02-17,2026-04-15
sub_003352,cus_003345,price_starter_y,canceled,2026-03-08,2026-04-07
sub_003360,cus_003353,price_business_m,canceled,2026-03-02,2026-04-06
sub_003385,cus_003378,price_pro_m,canceled,2026-03-12,2026-04-20
sub_003399,cus_003392,price_pro_m,canceled,2026-03-23,2026-04-14
sub_003444,cus_003437,price_pro_y,canceled,2026-03-30,2026-04-06
sub_003461,cus_003454,price_free,canceled,2026-03-15,2026-04-15
sub_003469,cus_003462,price_pro_m,canceled,2026-03-09,2026-04-10
sub_003487,cus_003480,price_starter_m,canceled,2026-03-01,2026-04-12
sub_003499,cus_003492,price_free,canceled,2026-03-06,2026-04-27
sub_003513,cus_003506,price_free,canceled,2026-03-11,2026-04-26
sub_003555,cus_003548,price_pro_m,canceled,2026-03-27,2026-04-25
sub_003589,cus_003582,price_pro_m,canceled,2026-03-09,2026-04-16
sub_000082,cus_000082,price_starter_m,canceled,2025-01-27,2026-05-22
sub_000124,cus_000124,price_free,canceled,2025-01-05,2026-05-14
sub_000233,cus_000233,price_business_m,canceled,2025-02-07,2026-05-26
sub_000238,cus_000238,price_starter_m,canceled,2025-02-07,2026-05-08
sub_000271,cus_000271,price_starter_m,canceled,2025-02-10,2026-05-08
sub_000418,cus_000418,price_starter_m,canceled,2025-03-08,2026-05-19
sub_000434,cus_000434,price_pro_m,canceled,2025-03-21,2026-05-06
sub_000446,cus_000446,price_business_y,canceled,2025-03-12,2026-05-10
sub_000458,cus_000458,price_starter_m,canceled,2025-03-05,2026-05-24
sub_000471,cus_000471,price_starter_m,canceled,2025-03-01,2026-05-10
sub_000515,cus_000515,price_pro_m,canceled,2025-03-21,2026-05-02
sub_000647,cus_000647,price_free,canceled,2025-04-28,2026-05-27
sub_000670,cus_000670,price_starter_m,canceled,2025-04-08,2026-05-15
sub_000713,cus_000713,price_business_y,canceled,2025-04-18,2026-05-12
sub_000727,cus_000727,price_business_m,canceled,2025-04-02,2026-05-08
sub_000981,cus_000980,price_pro_m,canceled,2025-05-10,2026-05-14
sub_000990,cus_000989,price_pro_m,canceled,2025-05-11,2026-05-21
sub_001004,cus_001001,price_starter_m,canceled,2025-06-16,2026-05-09
sub_001023,cus_001020,price_enterprise_m,canceled,2025-06-09,2026-05-11
sub_001025,cus_001022,price_business_m,canceled,2025-06-02,2026-05-26
sub_001037,cus_001034,price_pro_m,canceled,2025-06-13,2026-05-07
sub_001076,cus_001073,price_starter_m,canceled,2025-06-10,2026-05-19
sub_001121,cus_001118,price_starter_m,canceled,2025-06-12,2026-05-29
sub_001129,cus_001126,price_starter_m,canceled,2025-06-29,2026-05-27
sub_001180,cus_001177,price_starter_y,canceled,2025-06-28,2026-05-07
sub_001192,cus_001189,price_starter_y,canceled,2025-06-21,2026-05-19
sub_001219,cus_001216,price_business_m,canceled,2025-07-03,2026-05-10
sub_001226,cus_001223,price_pro_m,canceled,2025-07-29,2026-05-22
sub_001354,cus_001351,price_pro_m,canceled,2025-07-09,2026-05-29
sub_001394,cus_001391,price_pro_y,canceled,2025-07-21,2026-05-01
sub_001469,cus_001465,price_business_m,canceled,2025-08-16,2026-05-09
sub_001473,cus_001469,price_starter_y,canceled,2025-08-25,2026-05-18
sub_001607,cus_001603,price_starter_m,canceled,2025-08-02,2026-05-26
sub_001651,cus_001647,price_free,canceled,2025-09-03,2026-05-17
sub_001740,cus_001736,price_pro_m,canceled,2025-09-09,2026-05-08
sub_001771,cus_001767,price_pro_m,canceled,2025-09-22,2026-05-22
sub_001783,cus_001779,price_pro_m,canceled,2025-09-02,2026-05-08
sub_001789,cus_001785,price_enterprise_m,canceled,2025-09-11,2026-05-16
sub_001808,cus_001804,price_starter_m,canceled,2025-09-26,2026-05-20
sub_001829,cus_001825,price_business_m,canceled,2025-09-09,2026-05-28
sub_001850,cus_001846,price_enterprise_m,canceled,2025-09-22,2026-05-08
sub_001920,cus_001915,price_free,canceled,2025-10-27,2026-05-01
sub_001957,cus_001952,price_pro_m,canceled,2025-10-25,2026-05-21
sub_001978,cus_001973,price_starter_y,canceled,2025-10-07,2026-05-22
sub_002003,cus_001998,price_business_m,canceled,2025-10-02,2026-05-03
sub_002017,cus_002012,price_free,canceled,2025-10-23,2026-05-07
sub_002066,cus_002061,price_starter_m,canceled,2025-10-30,2026-05-24
sub_002157,cus_002151,price_free,canceled,2025-11-26,2026-05-20
sub_002168,cus_002162,price_free,canceled,2025-11-26,2026-05-26
sub_002200,cus_002194,price_starter_m,canceled,2025-11-12,2026-05-04
sub_002221,cus_002215,price_free,canceled,2025-11-26,2026-05-03
sub_002229,cus_002223,price_enterprise_m,canceled,2025-11-30,2026-05-20
sub_002231,cus_002225,price_business_m,canceled,2025-11-21,2026-05-24
sub_002350,cus_002344,price_business_m,canceled,2025-11-29,2026-05-20
sub_002368,cus_002362,price_starter_m,canceled,2025-11-13,2026-05-25
sub_002400,cus_002394,price_pro_m,canceled,2025-11-27,2026-05-01
sub_002462,cus_002456,price_starter_m,canceled,2025-12-15,2026-05-22
sub_002512,cus_002506,price_starter_m,canceled,2025-12-24,2026-05-16
sub_002556,cus_002550,price_pro_m,canceled,2025-12-05,2026-05-12
sub_002560,cus_002554,price_free,canceled,2025-12-11,2026-05-18
sub_002578,cus_002572,price_business_y,canceled,2025-12-08,2026-05-22
sub_002609,cus_002603,price_business_m,canceled,2025-12-01,2026-05-24
sub_002664,cus_002658,price_free,canceled,2025-12-15,2026-05-26
sub_002705,cus_002698,price_pro_m,canceled,2026-01-28,2026-05-20
sub_002796,cus_002789,price_business_m,canceled,2026-01-03,2026-05-14
sub_002815,cus_002808,price_business_m,canceled,2026-01-04,2026-05-28
sub_002846,cus_002839,price_pro_y,canceled,2026-01-06,2026-05-06
sub_002938,cus_002931,price_business_m,canceled,2026-01-30,2026-05-07
sub_002968,cus_002961,price_pro_m,canceled,2026-01-13,2026-05-11
sub_002969,cus_002962,price_free,canceled,2026-01-15,2026-05-17
sub_002974,cus_002967,price_pro_m,canceled,2026-01-21,2026-05-05
sub_002995,cus_002988,price_free,canceled,2026-02-11,2026-05-25
sub_003011,cus_003004,price_starter_m,canceled,2026-02-17,2026-05-29
sub_003030,cus_003023,price_pro_y,canceled,2026-02-18,2026-05-24
sub_003084,cus_003077,price_starter_m,canceled,2026-02-05,2026-05-26
sub_003091,cus_003084,price_free,canceled,2026-02-13,2026-05-24
sub_003098,cus_003091,price_pro_m,canceled,2026-02-27,2026-05-18
sub_003151,cus_003144,price_starter_m,canceled,2026-02-18,2026-05-29
sub_003170,cus_003163,price_free,canceled,2026-02-20,2026-05-18
sub_003218,cus_003211,price_pro_m,canceled,2026-02-03,2026-05-05
sub_003231,cus_003224,price_pro_m,canceled,2026-02-03,2026-05-06
sub_003252,cus_003245,price_starter_m,canceled,2026-02-01,2026-05-29
sub_003264,cus_003257,price_free,canceled,2026-02-28,2026-05-24
sub_003280,cus_003273,price_free,canceled,2026-02-19,2026-05-07
sub_003287,cus_003280,price_pro_y,canceled,2026-02-02,2026-05-10
sub_003353,cus_003346,price_business_m,canceled,2026-03-01,2026-05-01
sub_003428,cus_003421,price_starter_m,canceled,2026-03-03,2026-05-16
sub_003449,cus_003442,price_pro_m,canceled,2026-03-10,2026-05-10
sub_003515,cus_003508,price_business_m,canceled,2026-03-17,2026-05-01
sub_003520,cus_003513,price_pro_m,canceled,2026-03-20,2026-05-03
sub_003527,cus_003520,price_starter_m,canceled,2026-03-17,2026-05-27
sub_003530,cus_003523,price_pro_m,canceled,2026-03-22,2026-05-12
sub_003537,cus_003530,price_pro_y,canceled,2026-03-17,2026-05-30
sub_003550,cus_003543,price_starter_m,canceled,2026-03-08,2026-05-29
sub_003559,cus_003552,price_pro_m,canceled,2026-03-18,2026-05-28
sub_003565,cus_003558,price_pro_m,canceled,2026-03-20,2026-05-28
sub_003580,cus_003573,price_free,canceled,2026-03-17,2026-05-30
sub_003612,cus_003605,price_pro_m,canceled,2026-04-07,2026-05-29
sub_003678,cus_003671,price_business_m,canceled,2026-04-04,2026-05-04
sub_003695,cus_003688,price_business_m,canceled,2026-04-07,2026-05-11
sub_003698,cus_003691,price_pro_y,canceled,2026-04-17,2026-05-08
sub_003706,cus_003699,price_starter_y,canceled,2026-04-28,2026-05-17
sub_003748,cus_003741,price_pro_m,canceled,2026-04-11,2026-05-04
sub_003820,cus_003813,price_starter_m,canceled,2026-04-26,2026-05-05
sub_003828,cus_003821,price_starter_m,canceled,2026-04-16,2026-05-21
sub_003870,cus_003863,price_starter_m,canceled,2026-04-23,2026-05-16
sub_000061,cus_000061,price_starter_y,canceled,2025-01-16,2026-06-05
sub_000148,cus_000148,price_starter_y,canceled,2025-01-03,2026-06-10
sub_000155,cus_000155,price_pro_y,canceled,2025-01-22,2026-06-05
sub_000160,cus_000160,price_starter_y,canceled,2025-01-30,2026-06-10
sub_000201,cus_000201,price_business_m,canceled,2025-02-07,2026-06-23
sub_000320,cus_000320,price_business_m,canceled,2025-02-13,2026-06-24
sub_000343,cus_000343,price_business_m,canceled,2025-02-27,2026-06-25
sub_000423,cus_000423,price_pro_m,canceled,2025-03-18,2026-06-02
sub_000436,cus_000436,price_enterprise_m,canceled,2025-03-10,2026-06-13
sub_000443,cus_000443,price_starter_y,canceled,2025-03-03,2026-06-09
sub_000454,cus_000454,price_enterprise_m,canceled,2025-03-11,2026-06-04
sub_000494,cus_000494,price_pro_m,canceled,2025-03-27,2026-06-24
sub_000598,cus_000598,price_pro_m,canceled,2025-04-26,2026-06-03
sub_000682,cus_000682,price_starter_y,canceled,2025-04-04,2026-06-19
sub_000692,cus_000692,price_enterprise_m,canceled,2025-04-13,2026-06-24
sub_000729,cus_000729,price_starter_y,canceled,2025-04-17,2026-06-22
sub_000730,cus_000730,price_free,canceled,2025-04-22,2026-06-24
sub_000836,cus_000835,price_starter_m,canceled,2025-05-30,2026-06-13
sub_000892,cus_000891,price_free,canceled,2025-05-02,2026-06-13
sub_000997,cus_000996,price_free,canceled,2025-05-17,2026-06-13
sub_001089,cus_001086,price_starter_m,canceled,2025-06-01,2026-06-07
sub_001112,cus_001109,price_pro_m,canceled,2025-06-21,2026-06-05
sub_001243,cus_001240,price_starter_m,canceled,2025-07-24,2026-06-07
sub_001269,cus_001266,price_free,canceled,2025-07-17,2026-06-03
sub_001305,cus_001302,price_pro_m,canceled,2025-07-19,2026-06-11
sub_001323,cus_001320,price_free,canceled,2025-07-21,2026-06-22
sub_001343,cus_001340,price_free,canceled,2025-07-17,2026-06-28
sub_001444,cus_001440,price_pro_m,canceled,2025-08-11,2026-06-21
sub_001498,cus_001494,price_pro_m,canceled,2025-08-14,2026-06-08
sub_001518,cus_001514,price_free,canceled,2025-08-23,2026-06-20
sub_001573,cus_001569,price_starter_m,canceled,2025-08-29,2026-06-14
sub_001575,cus_001571,price_pro_y,canceled,2025-08-14,2026-06-10
sub_001618,cus_001614,price_enterprise_m,canceled,2025-08-31,2026-06-26
sub_001627,cus_001623,price_starter_m,canceled,2025-08-02,2026-06-13
sub_001700,cus_001696,price_pro_m,canceled,2025-09-01,2026-06-27
sub_001730,cus_001726,price_pro_m,canceled,2025-09-06,2026-06-08
sub_001804,cus_001800,price_enterprise_m,canceled,2025-09-11,2026-06-07
sub_001828,cus_001824,price_business_m,canceled,2025-09-18,2026-06-26
sub_001843,cus_001839,price_free,canceled,2025-09-29,2026-06-13
sub_001846,cus_001842,price_enterprise_m,canceled,2025-09-01,2026-06-22
sub_001854,cus_001850,price_starter_y,canceled,2025-09-14,2026-06-21
sub_001890,cus_001885,price_starter_m,canceled,2025-10-30,2026-06-09
sub_001965,cus_001960,price_starter_m,canceled,2025-10-31,2026-06-22
sub_002109,cus_002104,price_pro_m,canceled,2025-10-15,2026-06-21
sub_002119,cus_002114,price_enterprise_m,canceled,2025-10-24,2026-06-13
sub_002171,cus_002165,price_starter_m,canceled,2025-11-16,2026-06-10
sub_002172,cus_002166,price_business_m,canceled,2025-11-02,2026-06-17
sub_002213,cus_002207,price_pro_m,canceled,2025-11-14,2026-06-23
sub_002218,cus_002212,price_starter_m,canceled,2025-11-03,2026-06-02
sub_002242,cus_002236,price_starter_m,canceled,2025-11-23,2026-06-16
sub_002275,cus_002269,price_pro_m,canceled,2025-11-09,2026-06-12
sub_002374,cus_002368,price_pro_m,canceled,2025-11-14,2026-06-27
sub_002382,cus_002376,price_pro_m,canceled,2025-11-01,2026-06-05
sub_002390,cus_002384,price_free,canceled,2025-11-17,2026-06-04
sub_002391,cus_002385,price_starter_m,canceled,2025-11-11,2026-06-19
sub_002412,cus_002406,price_starter_m,canceled,2025-11-21,2026-06-22
sub_002416,cus_002410,price_starter_y,canceled,2025-11-20,2026-06-12
sub_002433,cus_002427,price_pro_m,canceled,2025-11-27,2026-06-21
sub_002520,cus_002514,price_starter_m,canceled,2025-12-26,2026-06-13
sub_002544,cus_002538,price_starter_y,canceled,2025-12-31,2026-06-10
sub_002569,cus_002563,price_starter_m,canceled,2025-12-28,2026-06-17
sub_002579,cus_002573,price_enterprise_m,canceled,2025-12-08,2026-06-25
sub_002586,cus_002580,price_business_m,canceled,2025-12-05,2026-06-05
sub_002605,cus_002599,price_business_m,canceled,2025-12-22,2026-06-10
sub_002634,cus_002628,price_starter_y,canceled,2025-12-23,2026-06-16
sub_002670,cus_002664,price_pro_m,canceled,2025-12-17,2026-06-27
sub_002731,cus_002724,price_free,canceled,2026-01-16,2026-06-19
sub_002811,cus_002804,price_starter_m,canceled,2026-01-05,2026-06-08
sub_002921,cus_002914,price_business_y,canceled,2026-01-14,2026-06-12
sub_002929,cus_002922,price_free,canceled,2026-01-02,2026-06-25
sub_002942,cus_002935,price_pro_m,canceled,2026-01-23,2026-06-06
sub_003019,cus_003012,price_free,canceled,2026-02-16,2026-06-09
sub_003076,cus_003069,price_business_y,canceled,2026-02-15,2026-06-15
sub_003106,cus_003099,price_free,canceled,2026-02-17,2026-06-13
sub_003109,cus_003102,price_free,canceled,2026-02-02,2026-06-12
sub_003150,cus_003143,price_free,canceled,2026-02-17,2026-06-04
sub_003152,cus_003145,price_enterprise_m,canceled,2026-02-17,2026-06-23
sub_003199,cus_003192,price_free,canceled,2026-02-13,2026-06-08
sub_003227,cus_003220,price_business_m,canceled,2026-02-14,2026-06-11
sub_003375,cus_003368,price_starter_m,canceled,2026-03-12,2026-06-08
sub_003391,cus_003384,price_starter_m,canceled,2026-03-23,2026-06-28
sub_003429,cus_003422,price_starter_m,canceled,2026-03-01,2026-06-23
sub_003437,cus_003430,price_free,canceled,2026-03-16,2026-06-07
sub_003446,cus_003439,price_pro_m,canceled,2026-03-13,2026-06-21
sub_003472,cus_003465,price_starter_m,canceled,2026-03-29,2026-06-20
sub_003512,cus_003505,price_starter_m,canceled,2026-03-13,2026-06-25
sub_003561,cus_003554,price_free,canceled,2026-03-24,2026-06-29
sub_003611,cus_003604,price_starter_m,canceled,2026-04-16,2026-06-16
sub_003631,cus_003624,price_free,canceled,2026-04-27,2026-06-11
sub_003645,cus_003638,price_starter_m,canceled,2026-04-05,2026-06-14
sub_003653,cus_003646,price_business_m,canceled,2026-04-23,2026-06-26
sub_003712,cus_003705,price_free,canceled,2026-04-30,2026-06-14
sub_003723,cus_003716,price_starter_m,canceled,2026-04-09,2026-06-19
sub_003881,cus_003874,price_starter_m,canceled,2026-04-22,2026-06-19
sub_003896,cus_003889,price_pro_m,canceled,2026-04-24,2026-06-28
sub_003923,cus_003915,price_pro_m,canceled,2026-05-24,2026-06-23
sub_003952,cus_003944,price_free,canceled,2026-05-04,2026-06-18
sub_003961,cus_003953,price_starter_m,canceled,2026-05-19,2026-06-15
sub_003984,cus_003976,price_business_m,canceled,2026-05-24,2026-06-09
sub_003991,cus_003983,price_starter_m,canceled,2026-05-18,2026-06-26
sub_004019,cus_004011,price_pro_m,canceled,2026-05-06,2026-06-12
sub_004065,cus_004057,price_starter_m,canceled,2026-05-29,2026-06-20
sub_004094,cus_004086,price_pro_y,canceled,2026-05-03,2026-06-30
sub_004112,cus_004104,price_starter_m,canceled,2026-05-15,2026-06-13
sub_004178,cus_004170,price_business_m,canceled,2026-05-28,2026-06-08
sub_004180,cus_004172,price_free,canceled,2026-05-13,2026-06-30
sub_000001,cus_000001,price_starter_y,active,2025-01-07,
sub_000002,cus_000002,price_starter_m,active,2025-01-22,
sub_000004,cus_000004,price_free,active,2025-01-07,
sub_000008,cus_000008,price_starter_m,active,2025-01-03,
sub_000010,cus_000010,price_enterprise_m,active,2025-01-13,
sub_000012,cus_000012,price_starter_y,active,2025-01-07,
sub_000013,cus_000013,price_enterprise_m,active,2025-01-01,
sub_000015,cus_000015,price_business_m,active,2025-01-09,
sub_000016,cus_000016,price_business_y,active,2025-01-24,
sub_000018,cus_000018,price_enterprise_m,active,2025-01-06,
sub_000019,cus_000019,price_starter_m,active,2025-01-03,
sub_000020,cus_000020,price_pro_m,active,2025-01-31,
sub_000022,cus_000022,price_starter_m,active,2025-01-30,
sub_000023,cus_000023,price_enterprise_m,active,2025-01-29,
sub_000024,cus_000024,price_pro_y,active,2025-01-29,
sub_000025,cus_000025,price_business_y,active,2025-01-02,
sub_000029,cus_000029,price_starter_m,active,2025-01-04,
sub_000030,cus_000030,price_free,active,2025-01-09,
sub_000031,cus_000031,price_business_y,active,2025-01-13,
sub_000032,cus_000032,price_starter_m,active,2025-01-11,
sub_000033,cus_000033,price_pro_m,active,2025-01-07,
sub_000035,cus_000035,price_starter_m,active,2025-01-22,
sub_000036,cus_000036,price_enterprise_m,active,2025-01-02,
sub_000038,cus_000038,price_starter_m,active,2025-01-12,
sub_000039,cus_000039,price_pro_y,active,2025-01-07,
sub_000041,cus_000041,price_pro_m,active,2025-01-18,
sub_000046,cus_000046,price_enterprise_m,active,2025-01-09,
sub_000048,cus_000048,price_business_m,active,2025-01-02,
sub_000050,cus_000050,price_pro_m,active,2025-01-16,
sub_000052,cus_000052,price_business_m,active,2025-01-26,
sub_000054,cus_000054,price_free,active,2025-01-14,
sub_000055,cus_000055,price_starter_m,active,2025-01-12,
sub_000056,cus_000056,price_business_y,active,2025-01-08,
sub_000057,cus_000057,price_free,active,2025-01-30,
sub_000060,cus_000060,price_pro_m,active,2025-01-30,
sub_000062,cus_000062,price_pro_m,active,2025-01-02,
sub_000063,cus_000063,price_starter_m,active,2025-01-28,
sub_000067,cus_000067,price_pro_m,active,2025-01-13,
sub_000068,cus_000068,price_business_m,active,2025-01-08,
sub_000069,cus_000069,price_business_y,active,2025-01-16,
sub_000072,cus_000072,price_pro_y,active,2025-01-25,
sub_000073,cus_000073,price_enterprise_m,active,2025-01-08,
sub_000074,cus_000074,price_business_m,active,2025-01-25,
sub_000075,cus_000075,price_pro_m,active,2025-01-27,
sub_000076,cus_000076,price_business_m,active,2025-01-09,
sub_000077,cus_000077,price_starter_y,active,2025-01-03,
sub_000078,cus_000078,price_free,active,2025-01-28,
sub_000080,cus_000080,price_enterprise_m,active,2025-01-16,
sub_000081,cus_000081,price_starter_y,active,2025-01-06,
sub_000083,cus_000083,price_starter_y,active,2025-01-13,
sub_000084,cus_000084,price_pro_m,active,2025-01-16,
sub_000088,cus_000088,price_pro_y,active,2025-01-12,
sub_000089,cus_000089,price_starter_y,active,2025-01-25,
sub_000090,cus_000090,price_enterprise_m,active,2025-01-20,
sub_000093,cus_000093,price_enterprise_m,active,2025-01-18,
sub_000098,cus_000098,price_business_y,active,2025-01-24,
sub_000099,cus_000099,price_pro_m,active,2025-01-29,
sub_000101,cus_000101,price_starter_m,active,2025-01-18,
sub_000102,cus_000102,price_enterprise_m,active,2025-01-05,
sub_000103,cus_000103,price_free,active,2025-01-06,
sub_000104,cus_000104,price_business_m,active,2025-01-14,
sub_000105,cus_000105,price_starter_y,active,2025-01-26,
sub_000106,cus_000106,price_enterprise_m,active,2025-01-22,
sub_000107,cus_000107,price_starter_m,active,2025-01-02,
sub_000110,cus_000110,price_business_y,active,2025-01-30,
sub_000111,cus_000111,price_pro_m,active,2025-01-28,
sub_000113,cus_000113,price_starter_m,active,2025-01-14,
sub_000114,cus_000114,price_starter_y,active,2025-01-01,
sub_000116,cus_000116,price_free,active,2025-01-16,
sub_000117,cus_000117,price_starter_m,active,2025-01-14,
sub_000118,cus_000118,price_pro_m,active,2025-01-20,
sub_000119,cus_000119,price_starter_m,active,2025-01-13,
sub_000120,cus_000120,price_enterprise_m,active,2025-01-03,
sub_000125,cus_000125,price_starter_m,active,2025-01-16,
sub_000127,cus_000127,price_business_m,active,2025-01-15,
sub_000129,cus_000129,price_starter_m,active,2025-01-12,
sub_000131,cus_000131,price_starter_m,active,2025-01-15,
sub_000132,cus_000132,price_enterprise_m,active,2025-01-26,
sub_000133,cus_000133,price_pro_y,active,2025-01-07,
sub_000136,cus_000136,price_starter_m,active,2025-01-22,
sub_000137,cus_000137,price_enterprise_m,active,2025-01-19,
sub_000141,cus_000141,price_pro_m,active,2025-01-26,
sub_000143,cus_000143,price_enterprise_m,active,2025-01-09,
sub_000147,cus_000147,price_business_m,active,2025-01-13,
sub_000149,cus_000149,price_free,active,2025-01-16,
sub_000150,cus_000150,price_starter_m,active,2025-01-01,
sub_000154,cus_000154,price_business_m,active,2025-01-28,
sub_000156,cus_000156,price_starter_m,active,2025-01-22,
sub_000157,cus_000157,price_enterprise_m,active,2025-01-24,
sub_000158,cus_000158,price_free,active,2025-01-24,
sub_000159,cus_000159,price_pro_m,active,2025-01-06,
sub_000161,cus_000161,price_business_y,active,2025-01-07,
sub_000164,cus_000164,price_pro_m,active,2025-01-17,
sub_000165,cus_000165,price_starter_m,active,2025-01-14,
sub_000167,cus_000167,price_free,active,2025-01-18,
sub_000168,cus_000168,price_enterprise_m,active,2025-01-22,
sub_000169,cus_000169,price_starter_y,active,2025-01-23,
sub_000170,cus_000170,price_starter_m,active,2025-01-26,
sub_000172,cus_000172,price_business_m,active,2025-01-02,
sub_000173,cus_000173,price_pro_y,active,2025-01-08,
sub_000177,cus_000177,price_free,active,2025-01-26,
sub_000178,cus_000178,price_enterprise_m,active,2025-01-03,
sub_000179,cus_000179,price_pro_m,active,2025-01-23,
sub_000180,cus_000180,price_starter_y,active,2025-01-21,
sub_000182,cus_000182,price_pro_m,active,2025-01-25,
sub_000183,cus_000183,price_pro_m,active,2025-02-21,
sub_000184,cus_000184,price_starter_m,active,2025-02-18,
sub_000185,cus_000185,price_business_m,active,2025-02-21,
sub_000186,cus_000186,price_free,active,2025-02-08,
sub_000189,cus_000189,price_starter_y,active,2025-02-14,
sub_000190,cus_000190,price_starter_y,active,2025-02-08,
sub_000194,cus_000194,price_starter_m,active,2025-02-09,
sub_000195,cus_000195,price_starter_m,active,2025-02-02,
sub_000196,cus_000196,price_pro_m,active,2025-02-05,
sub_000197,cus_000197,price_starter_m,active,2025-02-15,
sub_000198,cus_000198,price_starter_y,active,2025-02-13,
sub_000199,cus_000199,price_free,active,2025-02-16,
sub_000204,cus_000204,price_pro_m,active,2025-02-10,
sub_000205,cus_000205,price_enterprise_m,active,2025-02-27,
sub_000206,cus_000206,price_pro_m,active,2025-02-15,
sub_000207,cus_000207,price_enterprise_m,active,2025-02-14,
sub_000209,cus_000209,price_business_m,active,2025-02-16,
sub_000210,cus_000210,price_enterprise_m,active,2025-02-14,
sub_000211,cus_000211,price_starter_y,active,2025-02-06,
sub_000212,cus_000212,price_business_y,active,2025-02-14,
sub_000213,cus_000213,price_starter_m,active,2025-02-04,
sub_000214,cus_000214,price_enterprise_m,active,2025-02-16,
sub_000216,cus_000216,price_enterprise_m,active,2025-02-25,
sub_000218,cus_000218,price_free,active,2025-02-15,
sub_000219,cus_000219,price_pro_m,active,2025-02-05,
sub_000220,cus_000220,price_business_m,active,2025-02-14,
sub_000221,cus_000221,price_business_y,active,2025-02-06,
sub_000223,cus_000223,price_starter_y,active,2025-02-16,
sub_000225,cus_000225,price_enterprise_m,active,2025-02-09,
sub_000226,cus_000226,price_starter_y,active,2025-02-06,
sub_000227,cus_000227,price_enterprise_m,active,2025-02-12,
sub_000228,cus_000228,price_business_y,active,2025-02-23,
sub_000229,cus_000229,price_starter_y,active,2025-02-22,
sub_000230,cus_000230,price_starter_y,active,2025-02-13,
sub_000232,cus_000232,price_pro_m,active,2025-02-27,
sub_000234,cus_000234,price_pro_m,active,2025-02-21,
sub_000235,cus_000235,price_pro_m,active,2025-02-08,
sub_000236,cus_000236,price_pro_y,active,2025-02-19,
sub_000239,cus_000239,price_starter_m,active,2025-02-03,
sub_000240,cus_000240,price_enterprise_m,active,2025-02-07,
sub_000241,cus_000241,price_starter_y,active,2025-02-23,
sub_000242,cus_000242,price_enterprise_m,active,2025-02-14,
sub_000243,cus_000243,price_pro_m,active,2025-02-27,
sub_000244,cus_000244,price_enterprise_m,active,2025-02-01,
sub_000247,cus_000247,price_pro_m,active,2025-02-23,
sub_000249,cus_000249,price_free,active,2025-02-02,
sub_000250,cus_000250,price_pro_m,active,2025-02-28,
sub_000252,cus_000252,price_pro_m,active,2025-02-02,
sub_000254,cus_000254,price_pro_m,active,2025-02-02,
sub_000255,cus_000255,price_pro_m,active,2025-02-11,
sub_000256,cus_000256,price_starter_m,active,2025-02-27,
sub_000258,cus_000258,price_enterprise_m,active,2025-02-07,
sub_000259,cus_000259,price_enterprise_m,active,2025-02-13,
sub_000260,cus_000260,price_enterprise_m,active,2025-02-02,
sub_000261,cus_000261,price_starter_m,active,2025-02-08,
sub_000262,cus_000262,price_starter_m,active,2025-02-26,
sub_000263,cus_000263,price_enterprise_m,active,2025-02-05,
sub_000264,cus_000264,price_enterprise_m,active,2025-02-06,
sub_000265,cus_000265,price_enterprise_m,active,2025-02-15,
sub_000266,cus_000266,price_starter_m,active,2025-02-25,
sub_000269,cus_000269,price_enterprise_m,active,2025-02-27,
sub_000270,cus_000270,price_pro_m,active,2025-02-25,
sub_000272,cus_000272,price_pro_m,active,2025-02-09,
sub_000274,cus_000274,price_enterprise_m,active,2025-02-15,
sub_000276,cus_000276,price_pro_m,active,2025-02-07,
sub_000277,cus_000277,price_free,active,2025-02-08,
sub_000278,cus_000278,price_business_y,active,2025-02-06,
sub_000279,cus_000279,price_starter_m,active,2025-02-21,
sub_000281,cus_000281,price_starter_m,active,2025-02-10,
sub_000283,cus_000283,price_starter_m,active,2025-02-16,
sub_000284,cus_000284,price_free,active,2025-02-09,
sub_000285,cus_000285,price_business_m,active,2025-02-08,
sub_000288,cus_000288,price_starter_y,active,2025-02-11,
sub_000290,cus_000290,price_enterprise_m,active,2025-02-18,
sub_000292,cus_000292,price_starter_y,active,2025-02-24,
sub_000293,cus_000293,price_free,active,2025-02-23,
sub_000294,cus_000294,price_free,active,2025-02-27,
sub_000295,cus_000295,price_starter_m,active,2025-02-14,
sub_000296,cus_000296,price_starter_m,active,2025-02-13,
sub_000297,cus_000297,price_starter_y,active,2025-02-12,
sub_000298,cus_000298,price_starter_m,active,2025-02-04,
sub_000299,cus_000299,price_starter_m,active,2025-02-14,
sub_000304,cus_000304,price_starter_y,active,2025-02-04,
sub_000307,cus_000307,price_free,active,2025-02-17,
sub_000310,cus_000310,price_enterprise_m,active,2025-02-14,
sub_000311,cus_000311,price_pro_m,active,2025-02-03,
sub_000312,cus_000312,price_business_m,active,2025-02-07,
sub_000313,cus_000313,price_business_m,active,2025-02-03,
sub_000316,cus_000316,price_starter_m,active,2025-02-22,
sub_000317,cus_000317,price_pro_y,active,2025-02-20,
sub_000318,cus_000318,price_pro_m,active,2025-02-07,
sub_000321,cus_000321,price_pro_m,active,2025-02-14,
sub_000322,cus_000322,price_business_y,active,2025-02-08,
sub_000324,cus_000324,price_enterprise_m,active,2025-02-03,
sub_000325,cus_000325,price_business_m,active,2025-02-13,
sub_000326,cus_000326,price_starter_m,active,2025-02-19,
sub_000327,cus_000327,price_pro_m,active,2025-02-02,
sub_000328,cus_000328,price_enterprise_m,active,2025-02-21,
sub_000329,cus_000329,price_starter_m,active,2025-02-21,
sub_000331,cus_000331,price_free,active,2025-02-03,
sub_000333,cus_000333,price_pro_y,active,2025-02-13,
sub_000334,cus_000334,price_pro_m,active,2025-02-25,
sub_000338,cus_000338,price_pro_y,active,2025-02-24,
sub_000340,cus_000340,price_pro_m,active,2025-02-08,
sub_000341,cus_000341,price_free,active,2025-02-21,
sub_000344,cus_000344,price_business_y,active,2025-02-18,
sub_000345,cus_000345,price_pro_m,active,2025-02-19,
sub_000346,cus_000346,price_starter_m,active,2025-02-05,
sub_000347,cus_000347,price_pro_m,active,2025-02-17,
sub_000348,cus_000348,price_starter_m,active,2025-02-09,
sub_000349,cus_000349,price_pro_m,active,2025-02-11,
sub_000350,cus_000350,price_starter_m,active,2025-02-28,
sub_000351,cus_000351,price_starter_y,active,2025-02-11,
sub_000352,cus_000352,price_pro_y,active,2025-02-01,
sub_000354,cus_000354,price_pro_m,active,2025-02-20,
sub_000355,cus_000355,price_pro_y,active,2025-02-22,
sub_000356,cus_000356,price_business_m,active,2025-03-31,
sub_000357,cus_000357,price_starter_m,active,2025-03-25,
sub_000359,cus_000359,price_pro_y,active,2025-03-24,
sub_000360,cus_000360,price_business_m,active,2025-03-10,
sub_000362,cus_000362,price_enterprise_m,active,2025-03-18,
sub_000363,cus_000363,price_starter_m,active,2025-03-17,
sub_000366,cus_000366,price_business_m,active,2025-03-29,
sub_000369,cus_000369,price_enterprise_m,active,2025-03-27,
sub_000370,cus_000370,price_starter_m,active,2025-03-31,
sub_000371,cus_000371,price_starter_m,active,2025-03-25,
sub_000372,cus_000372,price_pro_y,active,2025-03-05,
sub_000373,cus_000373,price_business_m,active,2025-03-26,
sub_000375,cus_000375,price_pro_y,active,2025-03-07,
sub_000376,cus_000376,price_business_m,active,2025-03-25,
sub_000379,cus_000379,price_free,active,2025-03-06,
sub_000380,cus_000380,price_pro_m,active,2025-03-03,
sub_000383,cus_000383,price_pro_y,active,2025-03-09,
sub_000384,cus_000384,price_starter_y,active,2025-03-16,
sub_000385,cus_000385,price_pro_m,active,2025-03-11,
sub_000386,cus_000386,price_starter_m,active,2025-03-21,
sub_000387,cus_000387,price_pro_m,active,2025-03-24,
sub_000389,cus_000389,price_enterprise_m,active,2025-03-26,
sub_000390,cus_000390,price_starter_m,active,2025-03-16,
sub_000391,cus_000391,price_business_m,active,2025-03-08,
sub_000392,cus_000392,price_free,active,2025-03-31,
sub_000396,cus_000396,price_pro_y,active,2025-03-22,
sub_000397,cus_000397,price_business_m,active,2025-03-07,
sub_000398,cus_000398,price_pro_m,active,2025-03-24,
sub_000399,cus_000399,price_business_m,active,2025-03-04,
sub_000404,cus_000404,price_pro_m,active,2025-03-29,
sub_000405,cus_000405,price_starter_y,active,2025-03-30,
sub_000406,cus_000406,price_starter_m,active,2025-03-15,
sub_000410,cus_000410,price_starter_m,active,2025-03-31,
sub_000412,cus_000412,price_enterprise_m,active,2025-03-19,
sub_000413,cus_000413,price_starter_y,active,2025-03-22,
sub_000414,cus_000414,price_free,active,2025-03-03,
sub_000415,cus_000415,price_free,active,2025-03-10,
sub_000416,cus_000416,price_business_m,active,2025-03-17,
sub_000419,cus_000419,price_starter_m,active,2025-03-23,
sub_000421,cus_000421,price_pro_m,active,2025-03-02,
sub_000422,cus_000422,price_starter_m,active,2025-03-16,
sub_000424,cus_000424,price_starter_y,active,2025-03-29,
sub_000425,cus_000425,price_starter_m,active,2025-03-27,
sub_000428,cus_000428,price_pro_m,active,2025-03-04,
sub_000429,cus_000429,price_starter_m,active,2025-03-12,
sub_000431,cus_000431,price_pro_y,active,2025-03-06,
sub_000437,cus_000437,price_enterprise_m,active,2025-03-21,
sub_000438,cus_000438,price_business_m,active,2025-03-22,
sub_000440,cus_000440,price_enterprise_m,active,2025-03-23,
sub_000441,cus_000441,price_business_m,active,2025-03-02,
sub_000442,cus_000442,price_pro_m,active,2025-03-25,
sub_000445,cus_000445,price_free,active,2025-03-31,
sub_000448,cus_000448,price_free,active,2025-03-15,
sub_000450,cus_000450,price_enterprise_m,active,2025-03-21,
sub_000453,cus_000453,price_pro_m,active,2025-03-20,
sub_000455,cus_000455,price_business_m,active,2025-03-18,
sub_000456,cus_000456,price_enterprise_m,active,2025-03-20,
sub_000460,cus_000460,price_pro_m,active,2025-03-30,
sub_000462,cus_000462,price_free,active,2025-03-18,
sub_000464,cus_000464,price_starter_y,active,2025-03-06,
sub_000465,cus_000465,price_starter_y,active,2025-03-22,
sub_000466,cus_000466,price_starter_m,active,2025-03-29,
sub_000467,cus_000467,price_business_m,active,2025-03-19,
sub_000470,cus_000470,price_enterprise_m,active,2025-03-03,
sub_000473,cus_000473,price_business_y,active,2025-03-19,
sub_000474,cus_000474,price_starter_m,active,2025-03-19,
sub_000475,cus_000475,price_free,active,2025-03-27,
sub_000478,cus_000478,price_pro_m,active,2025-03-14,
sub_000479,cus_000479,price_starter_m,active,2025-03-29,
sub_000480,cus_000480,price_business_m,active,2025-03-25,
sub_000481,cus_000481,price_enterprise_m,active,2025-03-26,
sub_000482,cus_000482,price_business_m,active,2025-03-17,
sub_000483,cus_000483,price_free,active,2025-03-28,
sub_000484,cus_000484,price_business_m,active,2025-03-15,
sub_000485,cus_000485,price_pro_m,active,2025-03-22,
sub_000486,cus_000486,price_pro_m,active,2025-03-26,
sub_000487,cus_000487,price_starter_m,active,2025-03-21,
sub_000490,cus_000490,price_business_y,active,2025-03-01,
sub_000491,cus_000491,price_starter_y,active,2025-03-18,
sub_000495,cus_000495,price_free,active,2025-03-24,
sub_000496,cus_000496,price_enterprise_m,active,2025-03-11,
sub_000498,cus_000498,price_starter_y,active,2025-03-23,
sub_000500,cus_000500,price_enterprise_m,active,2025-03-02,
sub_000502,cus_000502,price_pro_m,active,2025-03-22,
sub_000503,cus_000503,price_enterprise_m,active,2025-03-12,
sub_000505,cus_000505,price_pro_m,active,2025-03-13,
sub_000510,cus_000510,price_starter_m,active,2025-03-30,
sub_000511,cus_000511,price_starter_m,active,2025-03-05,
sub_000514,cus_000514,price_starter_m,active,2025-03-22,
sub_000516,cus_000516,price_starter_m,active,2025-03-23,
sub_000519,cus_000519,price_business_y,active,2025-03-15,
sub_000521,cus_000521,price_enterprise_m,active,2025-03-01,
sub_000522,cus_000522,price_starter_m,active,2025-03-27,
sub_000523,cus_000523,price_free,active,2025-03-22,
sub_000524,cus_000524,price_business_y,active,2025-03-08,
sub_000525,cus_000525,price_business_m,active,2025-03-01,
sub_000526,cus_000526,price_business_y,active,2025-03-01,
sub_000527,cus_000527,price_free,active,2025-03-09,
sub_000528,cus_000528,price_free,active,2025-03-09,
sub_000529,cus_000529,price_business_y,active,2025-03-04,
sub_000530,cus_000530,price_business_y,active,2025-03-17,
sub_000532,cus_000532,price_enterprise_m,active,2025-03-10,
sub_000534,cus_000534,price_business_m,active,2025-03-26,
sub_000535,cus_000535,price_enterprise_m,active,2025-03-24,
sub_000537,cus_000537,price_starter_m,active,2025-03-15,
sub_000538,cus_000538,price_pro_y,active,2025-03-15,
sub_000539,cus_000539,price_starter_m,active,2025-03-31,
sub_000540,cus_000540,price_pro_y,active,2025-03-08,
sub_000541,cus_000541,price_starter_m,active,2025-03-15,
sub_000542,cus_000542,price_pro_m,active,2025-03-28,
sub_000543,cus_000543,price_enterprise_m,active,2025-03-11,
sub_000544,cus_000544,price_pro_m,active,2025-03-31,
sub_000545,cus_000545,price_pro_m,active,2025-03-20,
sub_000546,cus_000546,price_starter_m,active,2025-03-13,
sub_000547,cus_000547,price_starter_m,active,2025-03-17,
sub_000549,cus_000549,price_enterprise_m,active,2025-03-08,
sub_000550,cus_000550,price_pro_m,active,2025-03-25,
sub_000551,cus_000551,price_business_y,active,2025-03-06,
sub_000552,cus_000552,price_pro_y,active,2025-04-18,
sub_000553,cus_000553,price_free,active,2025-04-06,
sub_000554,cus_000554,price_enterprise_m,active,2025-04-11,
sub_000560,cus_000560,price_free,active,2025-04-26,
sub_000561,cus_000561,price_starter_m,active,2025-04-09,
sub_000562,cus_000562,price_starter_m,active,2025-04-17,
sub_000563,cus_000563,price_starter_m,active,2025-04-04,
sub_000564,cus_000564,price_starter_y,active,2025-04-05,
sub_000565,cus_000565,price_business_m,active,2025-04-19,
sub_000566,cus_000566,price_starter_m,active,2025-04-05,
sub_000568,cus_000568,price_pro_m,active,2025-04-10,
sub_000569,cus_000569,price_pro_m,active,2025-04-05,
sub_000571,cus_000571,price_pro_m,active,2025-04-22,
sub_000572,cus_000572,price_business_y,active,2025-04-22,
sub_000574,cus_000574,price_business_m,active,2025-04-06,
sub_000575,cus_000575,price_enterprise_m,active,2025-04-03,
sub_000576,cus_000576,price_free,active,2025-04-30,
sub_000577,cus_000577,price_pro_m,active,2025-04-01,
sub_000580,cus_000580,price_enterprise_m,active,2025-04-24,
sub_000581,cus_000581,price_enterprise_m,active,2025-04-22,
sub_000582,cus_000582,price_starter_m,active,2025-04-27,
sub_000583,cus_000583,price_pro_m,active,2025-04-12,
sub_000584,cus_000584,price_starter_m,active,2025-04-11,
sub_000585,cus_000585,price_free,active,2025-04-08,
sub_000586,cus_000586,price_business_m,active,2025-04-15,
sub_000587,cus_000587,price_starter_m,active,2025-04-08,
sub_000590,cus_000590,price_enterprise_m,active,2025-04-22,
sub_000591,cus_000591,price_pro_m,active,2025-04-13,
sub_000592,cus_000592,price_pro_m,active,2025-04-16,
sub_000593,cus_000593,price_starter_y,active,2025-04-13,
sub_000600,cus_000600,price_pro_m,active,2025-04-07,
sub_000601,cus_000601,price_enterprise_m,active,2025-04-25,
sub_000602,cus_000602,price_starter_y,active,2025-04-19,
sub_000605,cus_000605,price_free,active,2025-04-06,
sub_000606,cus_000606,price_free,active,2025-04-20,
sub_000607,cus_000607,price_starter_m,active,2025-04-05,
sub_000609,cus_000609,price_pro_m,active,2025-04-26,
sub_000611,cus_000611,price_starter_y,active,2025-04-14,
sub_000612,cus_000612,price_enterprise_m,active,2025-04-18,
sub_000613,cus_000613,price_pro_m,active,2025-04-16,
sub_000615,cus_000615,price_business_m,active,2025-04-22,
sub_000616,cus_000616,price_pro_m,active,2025-04-07,
sub_000617,cus_000617,price_pro_m,active,2025-04-29,
sub_000618,cus_000618,price_starter_m,active,2025-04-30,
sub_000619,cus_000619,price_starter_y,active,2025-04-25,
sub_000620,cus_000620,price_free,active,2025-04-20,
sub_000621,cus_000621,price_business_m,active,2025-04-07,
sub_000624,cus_000624,price_business_m,active,2025-04-20,
sub_000627,cus_000627,price_starter_y,active,2025-04-29,
sub_000628,cus_000628,price_pro_m,active,2025-04-30,
sub_000630,cus_000630,price_free,active,2025-04-27,
sub_000635,cus_000635,price_starter_m,active,2025-04-03,
sub_000640,cus_000640,price_business_m,active,2025-04-24,
sub_000641,cus_000641,price_pro_m,active,2025-04-13,
sub_000642,cus_000642,price_starter_m,active,2025-04-26,
sub_000643,cus_000643,price_starter_m,active,2025-04-06,
sub_000644,cus_000644,price_enterprise_m,active,2025-04-05,
sub_000645,cus_000645,price_free,active,2025-04-24,
sub_000648,cus_000648,price_enterprise_m,active,2025-04-17,
sub_000650,cus_000650,price_free,active,2025-04-03,
sub_000651,cus_000651,price_free,active,2025-04-02,
sub_000652,cus_000652,price_enterprise_m,active,2025-04-15,
sub_000653,cus_000653,price_pro_y,active,2025-04-18,
sub_000657,cus_000657,price_pro_m,active,2025-04-11,
sub_000658,cus_000658,price_free,active,2025-04-17,
sub_000659,cus_000659,price_free,active,2025-04-20,
sub_000662,cus_000662,price_starter_m,active,2025-04-30,
sub_000663,cus_000663,price_enterprise_m,active,2025-04-11,
sub_000665,cus_000665,price_starter_m,active,2025-04-13,
sub_000666,cus_000666,price_enterprise_m,active,2025-04-30,
sub_000667,cus_000667,price_business_m,active,2025-04-22,
sub_000668,cus_000668,price_starter_m,active,2025-04-11,
sub_000669,cus_000669,price_starter_m,active,2025-04-19,
sub_000671,cus_000671,price_enterprise_m,active,2025-04-27,
sub_000673,cus_000673,price_business_y,active,2025-04-28,
sub_000674,cus_000674,price_pro_m,active,2025-04-30,
sub_000675,cus_000675,price_enterprise_m,active,2025-04-23,
sub_000677,cus_000677,price_starter_y,active,2025-04-23,
sub_000679,cus_000679,price_enterprise_m,active,2025-04-12,
sub_000680,cus_000680,price_pro_m,active,2025-04-17,
sub_000681,cus_000681,price_free,active,2025-04-07,
sub_000686,cus_000686,price_business_m,active,2025-04-04,
sub_000687,cus_000687,price_starter_m,active,2025-04-15,
sub_000689,cus_000689,price_pro_m,active,2025-04-18,
sub_000690,cus_000690,price_pro_m,active,2025-04-02,
sub_000693,cus_000693,price_enterprise_m,active,2025-04-09,
sub_000694,cus_000694,price_starter_y,active,2025-04-24,
sub_000695,cus_000695,price_business_y,active,2025-04-10,
sub_000698,cus_000698,price_business_y,active,2025-04-10,
sub_000699,cus_000699,price_enterprise_m,active,2025-04-23,
sub_000702,cus_000702,price_business_m,active,2025-04-15,
sub_000703,cus_000703,price_enterprise_m,active,2025-04-08,
sub_000704,cus_000704,price_pro_m,active,2025-04-23,
sub_000706,cus_000706,price_starter_m,active,2025-04-13,
sub_000707,cus_000707,price_pro_m,active,2025-04-16,
sub_000708,cus_000708,price_starter_y,active,2025-04-03,
sub_000711,cus_000711,price_business_y,active,2025-04-11,
sub_000712,cus_000712,price_starter_m,active,2025-04-17,
sub_000714,cus_000714,price_starter_y,active,2025-04-09,
sub_000715,cus_000715,price_starter_m,active,2025-04-27,
sub_000717,cus_000717,price_business_m,active,2025-04-16,
sub_000720,cus_000720,price_starter_y,active,2025-04-30,
sub_000721,cus_000721,price_enterprise_m,active,2025-04-03,
sub_000723,cus_000723,price_free,active,2025-04-05,
sub_000724,cus_000724,price_enterprise_m,active,2025-04-15,
sub_000725,cus_000725,price_starter_m,active,2025-04-01,
sub_000728,cus_000728,price_starter_m,active,2025-04-10,
sub_000731,cus_000731,price_starter_m,active,2025-04-02,
sub_000732,cus_000732,price_free,active,2025-04-02,
sub_000733,cus_000733,price_free,active,2025-04-26,
sub_000735,cus_000735,price_pro_y,active,2025-04-22,
sub_000737,cus_000737,price_free,active,2025-04-03,
sub_000740,cus_000740,price_starter_m,active,2025-04-15,
sub_000741,cus_000741,price_pro_m,active,2025-04-04,
sub_000742,cus_000742,price_starter_m,active,2025-04-10,
sub_000743,cus_000743,price_pro_m,active,2025-04-08,
sub_000744,cus_000744,price_starter_m,active,2025-04-28,
sub_000745,cus_000745,price_starter_y,active,2025-04-13,
sub_000748,cus_000748,price_starter_y,active,2025-04-03,
sub_000749,cus_000749,price_starter_m,active,2025-04-04,
sub_000750,cus_000750,price_starter_m,active,2025-04-21,
sub_000751,cus_000751,price_free,active,2025-04-03,
sub_000752,cus_000752,price_business_m,active,2025-04-11,
sub_000753,cus_000753,price_starter_y,active,2025-04-15,
sub_000754,cus_000754,price_enterprise_m,active,2025-04-18,
sub_000756,cus_000756,price_starter_y,active,2025-04-02,
sub_000757,cus_000757,price_starter_m,active,2025-04-22,
sub_000759,cus_000759,price_pro_m,active,2025-04-11,
sub_000760,cus_000760,price_starter_y,active,2025-04-06,
sub_000763,cus_000763,price_business_y,active,2025-04-29,
sub_000764,cus_000764,price_starter_m,active,2025-04-18,
sub_000765,cus_000765,price_free,active,2025-04-27,
sub_000766,cus_000766,price_business_m,active,2025-04-25,
sub_000767,cus_000767,price_pro_m,active,2025-04-13,
sub_000769,cus_000769,price_starter_m,active,2025-04-19,
sub_000770,cus_000770,price_free,active,2025-04-14,
sub_000774,cus_000773,price_business_y,active,2025-05-30,
sub_000775,cus_000774,price_starter_m,active,2025-05-31,
sub_000777,cus_000776,price_starter_y,active,2025-05-15,
sub_000780,cus_000779,price_enterprise_m,active,2025-05-21,
sub_000781,cus_000780,price_starter_m,active,2025-05-10,
sub_000782,cus_000781,price_free,active,2025-05-23,
sub_000783,cus_000782,price_free,active,2025-05-04,
sub_000784,cus_000783,price_starter_m,active,2025-05-18,
sub_000785,cus_000784,price_starter_m,active,2025-05-03,
sub_000786,cus_000785,price_starter_m,active,2025-05-30,
sub_000788,cus_000787,price_pro_y,active,2025-05-25,
sub_000790,cus_000789,price_starter_m,active,2025-05-25,
sub_000791,cus_000790,price_pro_m,active,2025-05-02,
sub_000792,cus_000791,price_enterprise_m,active,2025-05-01,
sub_000794,cus_000793,price_pro_m,active,2025-05-27,
sub_000795,cus_000794,price_starter_y,active,2025-05-25,
sub_000796,cus_000795,price_pro_y,active,2025-05-16,
sub_000797,cus_000796,price_business_y,active,2025-05-10,
sub_000798,cus_000797,price_business_m,active,2025-05-08,
sub_000800,cus_000799,price_enterprise_m,active,2025-05-07,
sub_000803,cus_000802,price_business_m,active,2025-05-30,
sub_000804,cus_000803,price_enterprise_m,active,2025-05-03,
sub_000805,cus_000804,price_enterprise_m,active,2025-05-04,
sub_000806,cus_000805,price_starter_m,active,2025-05-21,
sub_000809,cus_000808,price_free,active,2025-05-18,
sub_000810,cus_000809,price_enterprise_m,active,2025-05-02,
sub_000811,cus_000810,price_business_y,active,2025-05-20,
sub_000812,cus_000811,price_pro_m,active,2025-05-27,
sub_000814,cus_000813,price_starter_m,active,2025-05-19,
sub_000815,cus_000814,price_pro_m,active,2025-05-24,
sub_000816,cus_000815,price_free,active,2025-05-11,
sub_000817,cus_000816,price_enterprise_m,active,2025-05-18,
sub_000818,cus_000817,price_business_y,active,2025-05-12,
sub_000819,cus_000818,price_pro_y,active,2025-05-27,
sub_000820,cus_000819,price_free,active,2025-05-06,
sub_000822,cus_000821,price_pro_m,active,2025-05-19,
sub_000824,cus_000823,price_pro_m,active,2025-05-17,
sub_000825,cus_000824,price_enterprise_m,active,2025-05-22,
sub_000826,cus_000825,price_business_m,active,2025-05-27,
sub_000828,cus_000827,price_pro_m,active,2025-05-17,
sub_000830,cus_000829,price_business_m,active,2025-05-02,
sub_000831,cus_000830,price_free,active,2025-05-31,
sub_000832,cus_000831,price_free,active,2025-05-31,
sub_000835,cus_000834,price_enterprise_m,active,2025-05-14,
sub_000837,cus_000836,price_pro_y,active,2025-05-15,
sub_000838,cus_000837,price_starter_m,active,2025-05-04,
sub_000840,cus_000839,price_enterprise_m,active,2025-05-11,
sub_000841,cus_000840,price_starter_m,active,2025-05-07,
sub_000842,cus_000841,price_enterprise_m,active,2025-05-01,
sub_000843,cus_000842,price_pro_y,active,2025-05-03,
sub_000844,cus_000843,price_enterprise_m,active,2025-05-05,
sub_000847,cus_000846,price_enterprise_m,active,2025-05-29,
sub_000848,cus_000847,price_starter_m,active,2025-05-04,
sub_000849,cus_000848,price_enterprise_m,active,2025-05-05,
sub_000850,cus_000849,price_free,active,2025-05-21,
sub_000851,cus_000850,price_starter_m,active,2025-05-17,
sub_000852,cus_000851,price_starter_y,active,2025-05-15,
sub_000853,cus_000852,price_enterprise_m,active,2025-05-13,
sub_000854,cus_000853,price_pro_y,active,2025-05-29,
sub_000855,cus_000854,price_pro_m,active,2025-05-29,
sub_000859,cus_000858,price_pro_m,active,2025-05-23,
sub_000860,cus_000859,price_starter_m,active,2025-05-06,
sub_000863,cus_000862,price_enterprise_m,active,2025-05-13,
sub_000864,cus_000863,price_starter_m,active,2025-05-09,
sub_000865,cus_000864,price_starter_m,active,2025-05-07,
sub_000867,cus_000866,price_free,active,2025-05-13,
sub_000871,cus_000870,price_pro_m,active,2025-05-25,
sub_000872,cus_000871,price_pro_m,active,2025-05-19,
sub_000874,cus_000873,price_pro_y,active,2025-05-06,
sub_000875,cus_000874,price_business_m,active,2025-05-20,
sub_000876,cus_000875,price_business_m,active,2025-05-11,
sub_000877,cus_000876,price_starter_m,active,2025-05-07,
sub_000878,cus_000877,price_business_m,active,2025-05-06,
sub_000879,cus_000878,price_pro_m,active,2025-05-14,
sub_000880,cus_000879,price_pro_m,active,2025-05-06,
sub_000881,cus_000880,price_business_m,active,2025-05-09,
sub_000882,cus_000881,price_starter_m,active,2025-05-28,
sub_000884,cus_000883,price_free,active,2025-05-18,
sub_000885,cus_000884,price_business_m,active,2025-05-28,
sub_000886,cus_000885,price_pro_y,active,2025-05-13,
sub_000887,cus_000886,price_free,active,2025-05-15,
sub_000888,cus_000887,price_enterprise_m,active,2025-05-29,
sub_000889,cus_000888,price_starter_y,active,2025-05-13,
sub_000890,cus_000889,price_free,active,2025-05-21,
sub_000891,cus_000890,price_starter_y,active,2025-05-04,
sub_000893,cus_000892,price_enterprise_m,active,2025-05-30,
sub_000894,cus_000893,price_starter_y,active,2025-05-02,
sub_000895,cus_000894,price_pro_m,active,2025-05-16,
sub_000896,cus_000895,price_business_m,active,2025-05-12,
sub_000897,cus_000896,price_enterprise_m,active,2025-05-31,
sub_000899,cus_000898,price_free,active,2025-05-09,
sub_000901,cus_000900,price_business_m,active,2025-05-09,
sub_000902,cus_000901,price_enterprise_m,active,2025-05-24,
sub_000903,cus_000902,price_starter_m,active,2025-05-26,
sub_000905,cus_000904,price_starter_m,active,2025-05-02,
sub_000908,cus_000907,price_pro_m,active,2025-05-10,
sub_000911,cus_000910,price_business_y,active,2025-05-02,
sub_000912,cus_000911,price_business_m,active,2025-05-27,
sub_000914,cus_000913,price_enterprise_m,active,2025-05-24,
sub_000916,cus_000915,price_business_m,active,2025-05-23,
sub_000917,cus_000916,price_business_m,active,2025-05-14,
sub_000918,cus_000917,price_enterprise_m,active,2025-05-18,
sub_000919,cus_000918,price_business_m,active,2025-05-03,
sub_000920,cus_000919,price_starter_m,active,2025-05-09,
sub_000921,cus_000920,price_starter_m,active,2025-05-15,
sub_000922,cus_000921,price_business_m,active,2025-05-13,
sub_000923,cus_000922,price_pro_m,active,2025-05-07,
sub_000924,cus_000923,price_business_m,active,2025-05-07,
sub_000925,cus_000924,price_starter_y,active,2025-05-18,
sub_000928,cus_000927,price_starter_m,active,2025-05-20,
sub_000929,cus_000928,price_pro_m,active,2025-05-03,
sub_000930,cus_000929,price_free,active,2025-05-25,
sub_000931,cus_000930,price_enterprise_m,active,2025-05-03,
sub_000932,cus_000931,price_starter_m,active,2025-05-19,
sub_000933,cus_000932,price_business_m,active,2025-05-16,
sub_000934,cus_000933,price_pro_m,active,2025-05-04,
sub_000935,cus_000934,price_free,active,2025-05-30,
sub_000937,cus_000936,price_starter_m,active,2025-05-17,
sub_000938,cus_000937,price_business_y,active,2025-05-23,
sub_000939,cus_000938,price_starter_m,active,2025-05-05,
sub_000940,cus_000939,price_starter_m,active,2025-05-08,
sub_000941,cus_000940,price_starter_m,active,2025-05-07,
sub_000942,cus_000941,price_pro_m,active,2025-05-08,
sub_000943,cus_000942,price_pro_m,active,2025-05-15,
sub_000944,cus_000943,price_pro_y,active,2025-05-06,
sub_000946,cus_000945,price_business_m,active,2025-05-17,
sub_000947,cus_000946,price_pro_m,active,2025-05-02,
sub_000948,cus_000947,price_business_m,active,2025-05-15,
sub_000950,cus_000949,price_starter_y,active,2025-05-25,
sub_000951,cus_000950,price_pro_m,active,2025-05-14,
sub_000952,cus_000951,price_business_m,active,2025-05-09,
sub_000953,cus_000952,price_pro_m,active,2025-05-02,
sub_000955,cus_000954,price_business_m,active,2025-05-07,
sub_000957,cus_000956,price_business_y,active,2025-05-15,
sub_000958,cus_000957,price_enterprise_m,active,2025-05-22,
sub_000959,cus_000958,price_enterprise_m,active,2025-05-19,
sub_000960,cus_000959,price_business_m,active,2025-05-04,
sub_000961,cus_000960,price_enterprise_m,active,2025-05-30,
sub_000962,cus_000961,price_starter_m,active,2025-05-24,
sub_000963,cus_000962,price_pro_m,active,2025-05-31,
sub_000964,cus_000963,price_pro_y,active,2025-05-14,
sub_000967,cus_000966,price_starter_y,active,2025-05-28,
sub_000969,cus_000968,price_enterprise_m,active,2025-05-09,
sub_000970,cus_000969,price_starter_y,active,2025-05-24,
sub_000971,cus_000970,price_free,active,2025-05-11,
sub_000974,cus_000973,price_business_y,active,2025-05-01,
sub_000976,cus_000975,price_free,active,2025-05-18,
sub_000978,cus_000977,price_pro_m,active,2025-05-03,
sub_000979,cus_000978,price_enterprise_m,active,2025-05-05,
sub_000980,cus_000979,price_starter_m,active,2025-05-21,
sub_000982,cus_000981,price_starter_m,active,2025-05-15,
sub_000983,cus_000982,price_enterprise_m,active,2025-05-12,
sub_000984,cus_000983,price_enterprise_m,active,2025-05-19,
sub_000991,cus_000990,price_enterprise_m,active,2025-05-23,
sub_000995,cus_000994,price_starter_m,active,2025-05-18,
sub_000996,cus_000995,price_enterprise_m,active,2025-05-25,
sub_000998,cus_000997,price_enterprise_m,active,2025-05-24,
sub_001000,cus_000999,price_pro_y,active,2025-05-26,
sub_001001,cus_001000,price_business_m,active,2025-05-14,
sub_001003,cus_000762,price_starter_y,active,2025-05-25,
sub_001005,cus_001002,price_starter_y,active,2025-06-08,
sub_001006,cus_001003,price_business_m,active,2025-06-08,
sub_001007,cus_001004,price_starter_m,active,2025-06-29,
sub_001009,cus_001006,price_business_y,active,2025-06-05,
sub_001010,cus_001007,price_free,active,2025-06-13,
sub_001011,cus_001008,price_pro_m,active,2025-06-09,
sub_001012,cus_001009,price_free,active,2025-06-20,
sub_001013,cus_001010,price_free,active,2025-06-08,
sub_001014,cus_001011,price_pro_m,active,2025-06-29,
sub_001017,cus_001014,price_starter_m,active,2025-06-07,
sub_001018,cus_001015,price_free,active,2025-06-07,
sub_001020,cus_001017,price_pro_m,active,2025-06-20,
sub_001021,cus_001018,price_business_y,active,2025-06-03,
sub_001022,cus_001019,price_business_y,active,2025-06-02,
sub_001026,cus_001023,price_starter_m,active,2025-06-11,
sub_001028,cus_001025,price_enterprise_m,active,2025-06-06,
sub_001029,cus_001026,price_business_m,active,2025-06-22,
sub_001031,cus_001028,price_pro_m,active,2025-06-18,
sub_001033,cus_001030,price_pro_m,active,2025-06-10,
sub_001034,cus_001031,price_starter_y,active,2025-06-02,
sub_001036,cus_001033,price_pro_m,active,2025-06-16,
sub_001038,cus_001035,price_business_m,active,2025-06-01,
sub_001039,cus_001036,price_starter_m,active,2025-06-18,
sub_001040,cus_001037,price_free,active,2025-06-12,
sub_001041,cus_001038,price_starter_m,active,2025-06-14,
sub_001042,cus_001039,price_enterprise_m,active,2025-06-14,
sub_001043,cus_001040,price_enterprise_m,active,2025-06-21,
sub_001045,cus_001042,price_enterprise_m,active,2025-06-23,
sub_001046,cus_001043,price_pro_m,active,2025-06-07,
sub_001047,cus_001044,price_free,active,2025-06-03,
sub_001048,cus_001045,price_enterprise_m,active,2025-06-19,
sub_001049,cus_001046,price_enterprise_m,active,2025-06-23,
sub_001051,cus_001048,price_pro_m,active,2025-06-06,
sub_001052,cus_001049,price_pro_m,active,2025-06-25,
sub_001053,cus_001050,price_free,active,2025-06-25,
sub_001054,cus_001051,price_pro_m,active,2025-06-11,
sub_001055,cus_001052,price_free,active,2025-06-14,
sub_001056,cus_001053,price_starter_y,active,2025-06-12,
sub_001058,cus_001055,price_pro_m,active,2025-06-16,
sub_001059,cus_001056,price_starter_y,active,2025-06-10,
sub_001060,cus_001057,price_business_m,active,2025-06-12,
sub_001061,cus_001058,price_starter_m,active,2025-06-15,
sub_001063,cus_001060,price_free,active,2025-06-29,
sub_001064,cus_001061,price_business_m,active,2025-06-26,
sub_001065,cus_001062,price_starter_m,active,2025-06-14,
sub_001066,cus_001063,price_pro_m,active,2025-06-24,
sub_001068,cus_001065,price_business_m,active,2025-06-28,
sub_001071,cus_001068,price_starter_m,active,2025-06-10,
sub_001072,cus_001069,price_enterprise_m,active,2025-06-03,
sub_001073,cus_001070,price_business_m,active,2025-06-13,
sub_001074,cus_001071,price_free,active,2025-06-13,
sub_001075,cus_001072,price_enterprise_m,active,2025-06-27,
sub_001079,cus_001076,price_starter_m,active,2025-06-20,
sub_001080,cus_001077,price_starter_m,active,2025-06-15,
sub_001081,cus_001078,price_starter_m,active,2025-06-17,
sub_001082,cus_001079,price_starter_m,active,2025-06-25,
sub_001083,cus_001080,price_pro_m,active,2025-06-28,
sub_001084,cus_001081,price_enterprise_m,active,2025-06-14,
sub_001085,cus_001082,price_free,active,2025-06-24,
sub_001086,cus_001083,price_starter_y,active,2025-06-09,
sub_001087,cus_001084,price_starter_y,active,2025-06-01,
sub_001088,cus_001085,price_enterprise_m,active,2025-06-20,
sub_001090,cus_001087,price_starter_m,active,2025-06-16,
sub_001091,cus_001088,price_enterprise_m,active,2025-06-17,
sub_001094,cus_001091,price_pro_m,active,2025-06-17,
sub_001097,cus_001094,price_free,active,2025-06-25,
sub_001098,cus_001095,price_starter_m,active,2025-06-13,
sub_001099,cus_001096,price_pro_m,active,2025-06-29,
sub_001100,cus_001097,price_free,active,2025-06-16,
sub_001101,cus_001098,price_business_y,active,2025-06-11,
sub_001102,cus_001099,price_business_m,active,2025-06-18,
sub_001103,cus_001100,price_starter_y,active,2025-06-14,
sub_001104,cus_001101,price_free,active,2025-06-19,
sub_001105,cus_001102,price_pro_m,active,2025-06-26,
sub_001106,cus_001103,price_business_y,active,2025-06-11,
sub_001107,cus_001104,price_pro_m,active,2025-06-20,
sub_001108,cus_001105,price_free,active,2025-06-28,
sub_001109,cus_001106,price_starter_m,active,2025-06-20,
sub_001110,cus_001107,price_pro_m,active,2025-06-19,
sub_001111,cus_001108,price_pro_y,active,2025-06-17,
sub_001113,cus_001110,price_business_m,active,2025-06-26,
sub_001115,cus_001112,price_pro_y,active,2025-06-19,
sub_001116,cus_001113,price_starter_y,active,2025-06-23,
sub_001118,cus_001115,price_starter_y,active,2025-06-23,
sub_001119,cus_001116,price_starter_m,active,2025-06-16,
sub_001120,cus_001117,price_starter_m,active,2025-06-21,
sub_001122,cus_001119,price_enterprise_m,active,2025-06-26,
sub_001123,cus_001120,price_pro_y,active,2025-06-11,
sub_001125,cus_001122,price_enterprise_m,active,2025-06-09,
sub_001126,cus_001123,price_starter_y,active,2025-06-20,
sub_001127,cus_001124,price_enterprise_m,active,2025-06-13,
sub_001128,cus_001125,price_enterprise_m,active,2025-06-06,
sub_001130,cus_001127,price_pro_m,active,2025-06-05,
sub_001131,cus_001128,price_starter_m,active,2025-06-20,
sub_001132,cus_001129,price_pro_m,active,2025-06-13,
sub_001133,cus_001130,price_pro_m,active,2025-06-08,
sub_001135,cus_001132,price_pro_m,active,2025-06-20,
sub_001137,cus_001134,price_starter_y,active,2025-06-15,
sub_001138,cus_001135,price_starter_m,active,2025-06-27,
sub_001139,cus_001136,price_starter_m,active,2025-06-22,
sub_001140,cus_001137,price_starter_y,active,2025-06-24,
sub_001141,cus_001138,price_starter_m,active,2025-06-18,
sub_001143,cus_001140,price_enterprise_m,active,2025-06-08,
sub_001144,cus_001141,price_starter_m,active,2025-06-26,
sub_001147,cus_001144,price_business_m,active,2025-06-29,
sub_001149,cus_001146,price_starter_y,active,2025-06-02,
sub_001150,cus_001147,price_business_m,active,2025-06-22,
sub_001152,cus_001149,price_free,active,2025-06-13,
sub_001153,cus_001150,price_free,active,2025-06-19,
sub_001154,cus_001151,price_enterprise_m,active,2025-06-10,
sub_001156,cus_001153,price_free,active,2025-06-30,
sub_001158,cus_001155,price_pro_m,active,2025-06-21,
sub_001159,cus_001156,price_starter_y,active,2025-06-30,
sub_001160,cus_001157,price_business_m,active,2025-06-08,
sub_001161,cus_001158,price_free,active,2025-06-27,
sub_001163,cus_001160,price_free,active,2025-06-05,
sub_001164,cus_001161,price_business_y,active,2025-06-06,
sub_001165,cus_001162,price_free,active,2025-06-30,
sub_001166,cus_001163,price_pro_m,active,2025-06-11,
sub_001167,cus_001164,price_business_y,active,2025-06-09,
sub_001168,cus_001165,price_pro_y,active,2025-06-30,
sub_001169,cus_001166,price_free,active,2025-06-09,
sub_001170,cus_001167,price_starter_m,active,2025-06-12,
sub_001171,cus_001168,price_pro_y,active,2025-06-09,
sub_001173,cus_001170,price_free,active,2025-06-24,
sub_001174,cus_001171,price_pro_m,active,2025-06-23,
sub_001177,cus_001174,price_business_m,active,2025-06-24,
sub_001178,cus_001175,price_pro_m,active,2025-06-07,
sub_001179,cus_001176,price_starter_y,active,2025-06-21,
sub_001181,cus_001178,price_free,active,2025-06-18,
sub_001182,cus_001179,price_enterprise_m,active,2025-06-20,
sub_001183,cus_001180,price_starter_y,active,2025-06-01,
sub_001184,cus_001181,price_pro_m,active,2025-06-29,
sub_001185,cus_001182,price_business_m,active,2025-06-25,
sub_001187,cus_001184,price_enterprise_m,active,2025-06-18,
sub_001188,cus_001185,price_starter_m,active,2025-06-29,
sub_001193,cus_001190,price_enterprise_m,active,2025-06-09,
sub_001194,cus_001191,price_starter_m,active,2025-06-23,
sub_001195,cus_001192,price_enterprise_m,active,2025-06-22,
sub_001196,cus_001193,price_pro_m,active,2025-06-10,
sub_001198,cus_001195,price_enterprise_m,active,2025-06-11,
sub_001199,cus_001196,price_business_m,active,2025-06-08,
sub_001200,cus_001197,price_free,active,2025-06-30,
sub_001202,cus_001199,price_pro_m,active,2025-06-19,
sub_001203,cus_001200,price_free,active,2025-07-22,
sub_001205,cus_001202,price_starter_m,active,2025-07-12,
sub_001208,cus_001205,price_enterprise_m,active,2025-07-28,
sub_001209,cus_001206,price_starter_m,active,2025-07-19,
sub_001210,cus_001207,price_starter_m,active,2025-07-29,
sub_001211,cus_001208,price_starter_m,active,2025-07-31,
sub_001212,cus_001209,price_starter_m,active,2025-07-04,
sub_001213,cus_001210,price_free,active,2025-07-29,
sub_001214,cus_001211,price_business_m,active,2025-07-26,
sub_001215,cus_001212,price_starter_m,active,2025-07-29,
sub_001216,cus_001213,price_enterprise_m,active,2025-07-08,
sub_001217,cus_001214,price_business_y,active,2025-07-30,
sub_001218,cus_001215,price_starter_y,active,2025-07-04,
sub_001221,cus_001218,price_business_m,active,2025-07-28,
sub_001224,cus_001221,price_starter_m,active,2025-07-05,
sub_001225,cus_001222,price_starter_y,active,2025-07-08,
sub_001227,cus_001224,price_pro_m,active,2025-07-26,
sub_001228,cus_001225,price_business_y,active,2025-07-19,
sub_001231,cus_001228,price_free,active,2025-07-24,
sub_001232,cus_001229,price_starter_m,active,2025-07-01,
sub_001233,cus_001230,price_starter_y,active,2025-07-22,
sub_001235,cus_001232,price_starter_m,active,2025-07-23,
sub_001236,cus_001233,price_enterprise_m,active,2025-07-11,
sub_001237,cus_001234,price_free,active,2025-07-31,
sub_001238,cus_001235,price_starter_m,active,2025-07-27,
sub_001239,cus_001236,price_free,active,2025-07-12,
sub_001241,cus_001238,price_business_m,active,2025-07-29,
sub_001242,cus_001239,price_business_y,active,2025-07-13,
sub_001245,cus_001242,price_business_y,active,2025-07-17,
sub_001247,cus_001244,price_enterprise_m,active,2025-07-30,
sub_001249,cus_001246,price_business_y,active,2025-07-11,
sub_001250,cus_001247,price_enterprise_m,active,2025-07-29,
sub_001252,cus_001249,price_business_y,active,2025-07-24,
sub_001255,cus_001252,price_starter_m,active,2025-07-05,
sub_001256,cus_001253,price_pro_m,active,2025-07-28,
sub_001257,cus_001254,price_starter_m,active,2025-07-03,
sub_001258,cus_001255,price_pro_m,active,2025-07-27,
sub_001259,cus_001256,price_business_m,active,2025-07-24,
sub_001260,cus_001257,price_free,active,2025-07-14,
sub_001261,cus_001258,price_pro_m,active,2025-07-02,
sub_001262,cus_001259,price_starter_m,active,2025-07-17,
sub_001263,cus_001260,price_pro_m,active,2025-07-10,
sub_001264,cus_001261,price_pro_m,active,2025-07-10,
sub_001266,cus_001263,price_enterprise_m,active,2025-07-07,
sub_001267,cus_001264,price_pro_m,active,2025-07-27,
sub_001268,cus_001265,price_starter_y,active,2025-07-02,
sub_001270,cus_001267,price_business_m,active,2025-07-02,
sub_001274,cus_001271,price_business_m,active,2025-07-02,
sub_001275,cus_001272,price_business_y,active,2025-07-10,
sub_001276,cus_001273,price_starter_m,active,2025-07-18,
sub_001278,cus_001275,price_free,active,2025-07-22,
sub_001279,cus_001276,price_pro_y,active,2025-07-01,
sub_001281,cus_001278,price_pro_y,active,2025-07-24,
sub_001282,cus_001279,price_enterprise_m,active,2025-07-05,
sub_001283,cus_001280,price_business_y,active,2025-07-26,
sub_001286,cus_001283,price_starter_m,active,2025-07-31,
sub_001287,cus_001284,price_business_m,active,2025-07-15,
sub_001288,cus_001285,price_business_y,active,2025-07-25,
sub_001292,cus_001289,price_starter_m,active,2025-07-13,
sub_001293,cus_001290,price_business_y,active,2025-07-02,
sub_001295,cus_001292,price_free,active,2025-07-04,
sub_001297,cus_001294,price_starter_m,active,2025-07-25,
sub_001298,cus_001295,price_enterprise_m,active,2025-07-14,
sub_001300,cus_001297,price_starter_m,active,2025-07-13,
sub_001302,cus_001299,price_starter_y,active,2025-07-17,
sub_001303,cus_001300,price_enterprise_m,active,2025-07-09,
sub_001304,cus_001301,price_business_m,active,2025-07-03,
sub_001307,cus_001304,price_starter_m,active,2025-07-02,
sub_001308,cus_001305,price_business_y,active,2025-07-06,
sub_001309,cus_001306,price_pro_m,active,2025-07-08,
sub_001311,cus_001308,price_business_y,active,2025-07-08,
sub_001313,cus_001310,price_starter_m,active,2025-07-09,
sub_001314,cus_001311,price_starter_m,active,2025-07-08,
sub_001316,cus_001313,price_free,active,2025-07-14,
sub_001317,cus_001314,price_free,active,2025-07-17,
sub_001318,cus_001315,price_starter_m,active,2025-07-29,
sub_001319,cus_001316,price_free,active,2025-07-28,
sub_001322,cus_001319,price_enterprise_m,active,2025-07-19,
sub_001324,cus_001321,price_pro_m,active,2025-07-12,
sub_001326,cus_001323,price_enterprise_m,active,2025-07-01,
sub_001327,cus_001324,price_pro_y,active,2025-07-10,
sub_001328,cus_001325,price_enterprise_m,active,2025-07-16,
sub_001329,cus_001326,price_starter_m,active,2025-07-26,
sub_001332,cus_001329,price_free,active,2025-07-26,
sub_001335,cus_001332,price_starter_y,active,2025-07-20,
sub_001336,cus_001333,price_starter_m,active,2025-07-13,
sub_001337,cus_001334,price_pro_m,active,2025-07-30,
sub_001339,cus_001336,price_business_m,active,2025-07-20,
sub_001340,cus_001337,price_pro_m,active,2025-07-10,
sub_001341,cus_001338,price_pro_m,active,2025-07-25,
sub_001344,cus_001341,price_pro_y,active,2025-07-29,
sub_001345,cus_001342,price_starter_m,active,2025-07-08,
sub_001346,cus_001343,price_pro_m,active,2025-07-10,
sub_001347,cus_001344,price_free,active,2025-07-16,
sub_001348,cus_001345,price_business_y,active,2025-07-23,
sub_001349,cus_001346,price_starter_m,active,2025-07-12,
sub_001350,cus_001347,price_starter_m,active,2025-07-11,
sub_001351,cus_001348,price_business_y,active,2025-07-07,
sub_001353,cus_001350,price_pro_m,active,2025-07-07,
sub_001355,cus_001352,price_starter_m,active,2025-07-12,
sub_001356,cus_001353,price_starter_m,active,2025-07-23,
sub_001357,cus_001354,price_pro_y,active,2025-07-19,
sub_001358,cus_001355,price_pro_m,active,2025-07-22,
sub_001359,cus_001356,price_starter_m,active,2025-07-14,
sub_001360,cus_001357,price_pro_m,active,2025-07-09,
sub_001361,cus_001358,price_pro_y,active,2025-07-02,
sub_001362,cus_001359,price_free,active,2025-07-06,
sub_001363,cus_001360,price_business_m,active,2025-07-24,
sub_001364,cus_001361,price_enterprise_m,active,2025-07-19,
sub_001366,cus_001363,price_pro_m,active,2025-07-12,
sub_001367,cus_001364,price_free,active,2025-07-21,
sub_001369,cus_001366,price_starter_m,active,2025-07-13,
sub_001370,cus_001367,price_starter_m,active,2025-07-31,
sub_001372,cus_001369,price_free,active,2025-07-14,
sub_001373,cus_001370,price_free,active,2025-07-20,
sub_001374,cus_001371,price_starter_y,active,2025-07-19,
sub_001376,cus_001373,price_free,active,2025-07-08,
sub_001377,cus_001374,price_starter_m,active,2025-07-31,
sub_001378,cus_001375,price_starter_m,active,2025-07-26,
sub_001379,cus_001376,price_starter_y,active,2025-07-01,
sub_001380,cus_001377,price_pro_y,active,2025-07-22,
sub_001382,cus_001379,price_free,active,2025-07-05,
sub_001384,cus_001381,price_business_m,active,2025-07-30,
sub_001385,cus_001382,price_pro_m,active,2025-07-10,
sub_001386,cus_001383,price_free,active,2025-07-15,
sub_001388,cus_001385,price_pro_y,active,2025-07-19,
sub_001391,cus_001388,price_starter_m,active,2025-07-08,
sub_001396,cus_001393,price_starter_y,active,2025-07-21,
sub_001397,cus_001394,price_pro_m,active,2025-07-31,
sub_001398,cus_001395,price_business_y,active,2025-07-24,
sub_001399,cus_001396,price_free,active,2025-07-29,
sub_001402,cus_001399,price_business_m,active,2025-07-13,
sub_001404,cus_001401,price_starter_m,active,2025-07-25,
sub_001405,cus_001402,price_starter_m,active,2025-07-05,
sub_001406,cus_001403,price_business_y,active,2025-07-24,
sub_001408,cus_001405,price_pro_m,active,2025-07-08,
sub_001411,cus_001408,price_starter_m,active,2025-07-30,
sub_001412,cus_001409,price_starter_m,active,2025-07-03,
sub_001414,cus_001411,price_free,active,2025-07-10,
sub_001416,cus_001413,price_pro_y,active,2025-07-15,
sub_001417,cus_001414,price_starter_m,active,2025-07-10,
sub_001418,cus_001415,price_starter_m,active,2025-07-09,
sub_001419,cus_001416,price_starter_m,active,2025-07-03,
sub_001420,cus_001417,price_business_m,active,2025-07-18,
sub_001422,cus_001419,price_free,active,2025-07-29,
sub_001423,cus_000512,price_starter_m,active,2025-07-29,
sub_001424,cus_001420,price_pro_m,active,2025-08-14,
sub_001426,cus_001422,price_starter_y,active,2025-08-10,
sub_001428,cus_001424,price_business_m,active,2025-08-12,
sub_001429,cus_001425,price_starter_y,active,2025-08-26,
sub_001431,cus_001427,price_business_y,active,2025-08-06,
sub_001432,cus_001428,price_business_m,active,2025-08-31,
sub_001433,cus_001429,price_starter_m,active,2025-08-29,
sub_001434,cus_001430,price_enterprise_m,active,2025-08-06,
sub_001436,cus_001432,price_free,active,2025-08-08,
sub_001438,cus_001434,price_pro_m,active,2025-08-16,
sub_001439,cus_001435,price_enterprise_m,active,2025-08-15,
sub_001440,cus_001436,price_pro_m,active,2025-08-02,
sub_001443,cus_001439,price_pro_m,active,2025-08-30,
sub_001445,cus_001441,price_starter_y,active,2025-08-23,
sub_001447,cus_001443,price_starter_y,active,2025-08-02,
sub_001448,cus_001444,price_starter_m,active,2025-08-23,
sub_001449,cus_001445,price_starter_m,active,2025-08-23,
sub_001450,cus_001446,price_free,active,2025-08-08,
sub_001451,cus_001447,price_free,active,2025-08-12,
sub_001452,cus_001448,price_pro_y,active,2025-08-02,
sub_001453,cus_001449,price_enterprise_m,active,2025-08-06,
sub_001454,cus_001450,price_business_m,active,2025-08-09,
sub_001456,cus_001452,price_business_m,active,2025-08-26,
sub_001458,cus_001454,price_business_m,active,2025-08-31,
sub_001459,cus_001455,price_enterprise_m,active,2025-08-29,
sub_001460,cus_001456,price_pro_m,active,2025-08-11,
sub_001461,cus_001457,price_enterprise_m,active,2025-08-14,
sub_001462,cus_001458,price_free,active,2025-08-06,
sub_001463,cus_001459,price_business_m,active,2025-08-31,
sub_001465,cus_001461,price_starter_m,active,2025-08-13,
sub_001466,cus_001462,price_business_m,active,2025-08-05,
sub_001468,cus_001464,price_starter_y,active,2025-08-19,
sub_001470,cus_001466,price_enterprise_m,active,2025-08-20,
sub_001471,cus_001467,price_free,active,2025-08-29,
sub_001472,cus_001468,price_free,active,2025-08-15,
sub_001474,cus_001470,price_starter_y,active,2025-08-03,
sub_001475,cus_001471,price_pro_m,active,2025-08-20,
sub_001477,cus_001473,price_starter_m,active,2025-08-15,
sub_001478,cus_001474,price_starter_m,active,2025-08-18,
sub_001479,cus_001475,price_business_m,active,2025-08-05,
sub_001482,cus_001478,price_pro_m,active,2025-08-31,
sub_001483,cus_001479,price_starter_m,active,2025-08-15,
sub_001485,cus_001481,price_pro_m,active,2025-08-27,
sub_001487,cus_001483,price_enterprise_m,active,2025-08-22,
sub_001488,cus_001484,price_enterprise_m,active,2025-08-13,
sub_001489,cus_001485,price_pro_m,active,2025-08-29,
sub_001490,cus_001486,price_business_m,active,2025-08-08,
sub_001491,cus_001487,price_enterprise_m,active,2025-08-05,
sub_001492,cus_001488,price_pro_y,active,2025-08-27,
sub_001493,cus_001489,price_business_m,active,2025-08-12,
sub_001494,cus_001490,price_enterprise_m,active,2025-08-24,
sub_001495,cus_001491,price_enterprise_m,active,2025-08-12,
sub_001496,cus_001492,price_starter_y,active,2025-08-22,
sub_001497,cus_001493,price_free,active,2025-08-03,
sub_001499,cus_001495,price_starter_m,active,2025-08-28,
sub_001500,cus_001496,price_business_m,active,2025-08-29,
sub_001501,cus_001497,price_pro_m,active,2025-08-24,
sub_001502,cus_001498,price_starter_m,active,2025-08-16,
sub_001505,cus_001501,price_starter_m,active,2025-08-28,
sub_001506,cus_001502,price_pro_m,active,2025-08-25,
sub_001507,cus_001503,price_business_m,active,2025-08-01,
sub_001509,cus_001505,price_starter_m,active,2025-08-15,
sub_001510,cus_001506,price_enterprise_m,active,2025-08-16,
sub_001511,cus_001507,price_pro_m,active,2025-08-31,
sub_001512,cus_001508,price_starter_y,active,2025-08-01,
sub_001513,cus_001509,price_enterprise_m,active,2025-08-15,
sub_001514,cus_001510,price_pro_y,active,2025-08-26,
sub_001515,cus_001511,price_business_m,active,2025-08-28,
sub_001516,cus_001512,price_starter_m,active,2025-08-03,
sub_001517,cus_001513,price_pro_m,active,2025-08-14,
sub_001519,cus_001515,price_starter_m,active,2025-08-05,
sub_001522,cus_001518,price_pro_y,active,2025-08-16,
sub_001523,cus_001519,price_enterprise_m,active,2025-08-14,
sub_001524,cus_001520,price_pro_m,active,2025-08-24,
sub_001525,cus_001521,price_pro_m,active,2025-08-24,
sub_001526,cus_001522,price_business_m,active,2025-08-13,
sub_001529,cus_001525,price_enterprise_m,active,2025-08-04,
sub_001530,cus_001526,price_starter_m,active,2025-08-15,
sub_001535,cus_001531,price_starter_y,active,2025-08-21,
sub_001537,cus_001533,price_pro_m,active,2025-08-24,
sub_001538,cus_001534,price_free,active,2025-08-02,
sub_001539,cus_001535,price_starter_y,active,2025-08-22,
sub_001541,cus_001537,price_pro_y,active,2025-08-31,
sub_001542,cus_001538,price_starter_y,active,2025-08-25,
sub_001543,cus_001539,price_free,active,2025-08-13,
sub_001544,cus_001540,price_enterprise_m,active,2025-08-25,
sub_001546,cus_001542,price_free,active,2025-08-22,
sub_001547,cus_001543,price_starter_m,active,2025-08-14,
sub_001549,cus_001545,price_business_y,active,2025-08-12,
sub_001550,cus_001546,price_enterprise_m,active,2025-08-02,
sub_001551,cus_001547,price_starter_y,active,2025-08-29,
sub_001552,cus_001548,price_starter_m,active,2025-08-04,
sub_001556,cus_001552,price_starter_y,active,2025-08-24,
sub_001557,cus_001553,price_free,active,2025-08-03,
sub_001558,cus_001554,price_business_m,active,2025-08-06,
sub_001559,cus_001555,price_pro_m,active,2025-08-13,
sub_001560,cus_001556,price_free,active,2025-08-23,
sub_001561,cus_001557,price_enterprise_m,active,2025-08-26,
sub_001562,cus_001558,price_starter_m,active,2025-08-25,
sub_001563,cus_001559,price_business_m,active,2025-08-29,
sub_001564,cus_001560,price_pro_m,active,2025-08-12,
sub_001565,cus_001561,price_pro_m,active,2025-08-13,
sub_001567,cus_001563,price_starter_y,active,2025-08-27,
sub_001568,cus_001564,price_pro_m,active,2025-08-18,
sub_001569,cus_001565,price_starter_m,active,2025-08-09,
sub_001570,cus_001566,price_enterprise_m,active,2025-08-05,
sub_001571,cus_001567,price_pro_m,active,2025-08-22,
sub_001572,cus_001568,price_free,active,2025-08-10,
sub_001574,cus_001570,price_enterprise_m,active,2025-08-11,
sub_001576,cus_001572,price_starter_m,active,2025-08-03,
sub_001577,cus_001573,price_pro_m,active,2025-08-25,
sub_001578,cus_001574,price_starter_y,active,2025-08-26,
sub_001579,cus_001575,price_pro_m,active,2025-08-11,
sub_001580,cus_001576,price_starter_y,active,2025-08-03,
sub_001583,cus_001579,price_free,active,2025-08-19,
sub_001584,cus_001580,price_business_m,active,2025-08-10,
sub_001585,cus_001581,price_business_m,active,2025-08-26,
sub_001586,cus_001582,price_pro_m,active,2025-08-01,
sub_001587,cus_001583,price_free,active,2025-08-06,
sub_001588,cus_001584,price_starter_y,active,2025-08-21,
sub_001589,cus_001585,price_enterprise_m,active,2025-08-08,
sub_001591,cus_001587,price_business_y,active,2025-08-10,
sub_001592,cus_001588,price_starter_m,active,2025-08-18,
sub_001593,cus_001589,price_starter_y,active,2025-08-04,
sub_001594,cus_001590,price_starter_m,active,2025-08-14,
sub_001595,cus_001591,price_starter_y,active,2025-08-16,
sub_001596,cus_001592,price_free,active,2025-08-15,
sub_001599,cus_001595,price_starter_m,active,2025-08-14,
sub_001600,cus_001596,price_starter_m,active,2025-08-03,
sub_001601,cus_001597,price_business_y,active,2025-08-02,
sub_001603,cus_001599,price_business_m,active,2025-08-19,
sub_001604,cus_001600,price_pro_m,active,2025-08-09,
sub_001605,cus_001601,price_business_m,active,2025-08-22,
sub_001609,cus_001605,price_pro_m,active,2025-08-02,
sub_001611,cus_001607,price_free,active,2025-08-22,
sub_001613,cus_001609,price_starter_m,active,2025-08-12,
sub_001614,cus_001610,price_starter_m,active,2025-08-18,
sub_001615,cus_001611,price_enterprise_m,active,2025-08-18,
sub_001616,cus_001612,price_enterprise_m,active,2025-08-30,
sub_001617,cus_001613,price_pro_m,active,2025-08-11,
sub_001620,cus_001616,price_free,active,2025-08-21,
sub_001621,cus_001617,price_enterprise_m,active,2025-08-10,
sub_001622,cus_001618,price_pro_m,active,2025-08-03,
sub_001623,cus_001619,price_starter_y,active,2025-08-27,
sub_001628,cus_001624,price_business_m,active,2025-08-22,
sub_001629,cus_001625,price_business_m,active,2025-08-03,
sub_001630,cus_001626,price_starter_m,active,2025-08-31,
sub_001631,cus_001627,price_starter_m,active,2025-08-12,
sub_001632,cus_001628,price_free,active,2025-08-18,
sub_001633,cus_001629,price_starter_m,active,2025-08-12,
sub_001634,cus_001630,price_starter_y,active,2025-08-03,
sub_001635,cus_001631,price_starter_y,active,2025-08-09,
sub_001636,cus_001632,price_pro_y,active,2025-08-07,
sub_001637,cus_001633,price_pro_m,active,2025-08-30,
sub_001638,cus_001634,price_pro_m,active,2025-08-29,
sub_001639,cus_001635,price_business_y,active,2025-08-11,
sub_001641,cus_001637,price_free,active,2025-08-02,
sub_001643,cus_001639,price_starter_m,active,2025-09-13,
sub_001644,cus_001640,price_enterprise_m,active,2025-09-06,
sub_001645,cus_001641,price_enterprise_m,active,2025-09-01,
sub_001646,cus_001642,price_pro_m,active,2025-09-29,
sub_001647,cus_001643,price_enterprise_m,active,2025-09-05,
sub_001648,cus_001644,price_starter_m,active,2025-09-13,
sub_001649,cus_001645,price_starter_m,active,2025-09-27,
sub_001650,cus_001646,price_starter_y,active,2025-09-05,
sub_001652,cus_001648,price_starter_m,active,2025-09-29,
sub_001653,cus_001649,price_business_m,active,2025-09-24,
sub_001657,cus_001653,price_free,active,2025-09-08,
sub_001658,cus_001654,price_free,active,2025-09-24,
sub_001659,cus_001655,price_pro_m,active,2025-09-11,
sub_001660,cus_001656,price_pro_m,active,2025-09-16,
sub_001663,cus_001659,price_pro_m,active,2025-09-30,
sub_001664,cus_001660,price_business_m,active,2025-09-09,
sub_001665,cus_001661,price_free,active,2025-09-04,
sub_001667,cus_001663,price_free,active,2025-09-14,
sub_001668,cus_001664,price_business_m,active,2025-09-19,
sub_001669,cus_001665,price_free,active,2025-09-26,
sub_001670,cus_001666,price_starter_m,active,2025-09-22,
sub_001672,cus_001668,price_starter_m,active,2025-09-17,
sub_001673,cus_001669,price_business_y,active,2025-09-22,
sub_001674,cus_001670,price_starter_m,active,2025-09-05,
sub_001676,cus_001672,price_starter_m,active,2025-09-15,
sub_001677,cus_001673,price_pro_y,active,2025-09-16,
sub_001678,cus_001674,price_starter_y,active,2025-09-19,
sub_001679,cus_001675,price_starter_m,active,2025-09-08,
sub_001682,cus_001678,price_pro_m,active,2025-09-06,
sub_001683,cus_001679,price_business_m,active,2025-09-29,
sub_001684,cus_001680,price_pro_m,active,2025-09-16,
sub_001685,cus_001681,price_starter_y,active,2025-09-10,
sub_001686,cus_001682,price_business_m,active,2025-09-01,
sub_001687,cus_001683,price_business_y,active,2025-09-08,
sub_001688,cus_001684,price_starter_m,active,2025-09-29,
sub_001689,cus_001685,price_free,active,2025-09-17,
sub_001690,cus_001686,price_free,active,2025-09-02,
sub_001691,cus_001687,price_pro_m,active,2025-09-15,
sub_001692,cus_001688,price_pro_m,active,2025-09-11,
sub_001694,cus_001690,price_free,active,2025-09-06,
sub_001697,cus_001693,price_starter_m,active,2025-09-10,
sub_001698,cus_001694,price_starter_m,active,2025-09-22,
sub_001702,cus_001698,price_starter_m,active,2025-09-19,
sub_001703,cus_001699,price_pro_y,active,2025-09-17,
sub_001704,cus_001700,price_pro_m,active,2025-09-18,
sub_001706,cus_001702,price_enterprise_m,active,2025-09-15,
sub_001707,cus_001703,price_pro_m,active,2025-09-01,
sub_001708,cus_001704,price_starter_m,active,2025-09-30,
sub_001709,cus_001705,price_starter_m,active,2025-09-05,
sub_001710,cus_001706,price_enterprise_m,active,2025-09-15,
sub_001711,cus_001707,price_starter_y,active,2025-09-13,
sub_001712,cus_001708,price_pro_m,active,2025-09-23,
sub_001713,cus_001709,price_enterprise_m,active,2025-09-01,
sub_001714,cus_001710,price_free,active,2025-09-13,
sub_001715,cus_001711,price_business_m,active,2025-09-08,
sub_001716,cus_001712,price_business_m,active,2025-09-27,
sub_001717,cus_001713,price_starter_m,active,2025-09-02,
sub_001718,cus_001714,price_free,active,2025-09-18,
sub_001719,cus_001715,price_free,active,2025-09-19,
sub_001720,cus_001716,price_pro_y,active,2025-09-06,
sub_001721,cus_001717,price_enterprise_m,active,2025-09-24,
sub_001722,cus_001718,price_business_y,active,2025-09-01,
sub_001723,cus_001719,price_starter_m,active,2025-09-11,
sub_001725,cus_001721,price_pro_m,active,2025-09-19,
sub_001727,cus_001723,price_free,active,2025-09-09,
sub_001733,cus_001729,price_starter_m,active,2025-09-02,
sub_001734,cus_001730,price_pro_y,active,2025-09-03,
sub_001735,cus_001731,price_enterprise_m,active,2025-09-04,
sub_001736,cus_001732,price_pro_m,active,2025-09-28,
sub_001737,cus_001733,price_free,active,2025-09-03,
sub_001738,cus_001734,price_starter_m,active,2025-09-03,
sub_001739,cus_001735,price_pro_y,active,2025-09-26,
sub_001742,cus_001738,price_enterprise_m,active,2025-09-10,
sub_001743,cus_001739,price_starter_m,active,2025-09-23,
sub_001744,cus_001740,price_starter_m,active,2025-09-22,
sub_001745,cus_001741,price_business_y,active,2025-09-08,
sub_001746,cus_001742,price_pro_m,active,2025-09-28,
sub_001747,cus_001743,price_enterprise_m,active,2025-09-29,
sub_001748,cus_001744,price_free,active,2025-09-30,
sub_001750,cus_001746,price_free,active,2025-09-05,
sub_001751,cus_001747,price_enterprise_m,active,2025-09-21,
sub_001752,cus_001748,price_enterprise_m,active,2025-09-16,
sub_001753,cus_001749,price_free,active,2025-09-08,
sub_001754,cus_001750,price_business_m,active,2025-09-15,
sub_001755,cus_001751,price_pro_m,active,2025-09-26,
sub_001756,cus_001752,price_enterprise_m,active,2025-09-30,
sub_001757,cus_001753,price_starter_y,active,2025-09-19,
sub_001758,cus_001754,price_pro_m,active,2025-09-11,
sub_001759,cus_001755,price_free,active,2025-09-10,
sub_001760,cus_001756,price_starter_y,active,2025-09-13,
sub_001761,cus_001757,price_starter_y,active,2025-09-16,
sub_001763,cus_001759,price_starter_m,active,2025-09-10,
sub_001764,cus_001760,price_pro_m,active,2025-09-01,
sub_001765,cus_001761,price_enterprise_m,active,2025-09-20,
sub_001766,cus_001762,price_pro_m,active,2025-09-18,
sub_001767,cus_001763,price_free,active,2025-09-26,
sub_001768,cus_001764,price_business_y,active,2025-09-29,
sub_001769,cus_001765,price_pro_m,active,2025-09-11,
sub_001770,cus_001766,price_free,active,2025-09-19,
sub_001773,cus_001769,price_starter_m,active,2025-09-29,
sub_001774,cus_001770,price_free,active,2025-09-06,
sub_001776,cus_001772,price_business_y,active,2025-09-17,
sub_001777,cus_001773,price_enterprise_m,active,2025-09-23,
sub_001779,cus_001775,price_pro_y,active,2025-09-03,
sub_001780,cus_001776,price_enterprise_m,active,2025-09-01,
sub_001781,cus_001777,price_enterprise_m,active,2025-09-14,
sub_001785,cus_001781,price_pro_m,active,2025-09-13,
sub_001786,cus_001782,price_business_y,active,2025-09-23,
sub_001787,cus_001783,price_starter_y,active,2025-09-21,
sub_001788,cus_001784,price_enterprise_m,active,2025-09-22,
sub_001790,cus_001786,price_starter_m,active,2025-09-04,
sub_001791,cus_001787,price_free,active,2025-09-05,
sub_001792,cus_001788,price_pro_m,active,2025-09-24,
sub_001793,cus_001789,price_enterprise_m,active,2025-09-29,
sub_001794,cus_001790,price_enterprise_m,active,2025-09-28,
sub_001795,cus_001791,price_free,active,2025-09-11,
sub_001796,cus_001792,price_starter_m,active,2025-09-15,
sub_001799,cus_001795,price_starter_m,active,2025-09-12,
sub_001800,cus_001796,price_starter_y,active,2025-09-20,
sub_001801,cus_001797,price_enterprise_m,active,2025-09-03,
sub_001802,cus_001798,price_starter_m,active,2025-09-05,
sub_001803,cus_001799,price_free,active,2025-09-19,
sub_001805,cus_001801,price_starter_y,active,2025-09-03,
sub_001809,cus_001805,price_free,active,2025-09-07,
sub_001810,cus_001806,price_pro_y,active,2025-09-10,
sub_001811,cus_001807,price_starter_m,active,2025-09-28,
sub_001812,cus_001808,price_pro_m,active,2025-09-15,
sub_001813,cus_001809,price_free,active,2025-09-03,
sub_001816,cus_001812,price_pro_m,active,2025-09-23,
sub_001817,cus_001813,price_business_y,active,2025-09-26,
sub_001818,cus_001814,price_business_m,active,2025-09-27,
sub_001820,cus_001816,price_starter_m,active,2025-09-11,
sub_001821,cus_001817,price_pro_m,active,2025-09-17,
sub_001823,cus_001819,price_free,active,2025-09-03,
sub_001824,cus_001820,price_business_m,active,2025-09-25,
sub_001825,cus_001821,price_business_y,active,2025-09-07,
sub_001826,cus_001822,price_starter_y,active,2025-09-13,
sub_001827,cus_001823,price_enterprise_m,active,2025-09-11,
sub_001830,cus_001826,price_enterprise_m,active,2025-09-08,
sub_001831,cus_001827,price_business_m,active,2025-09-27,
sub_001833,cus_001829,price_pro_m,active,2025-09-21,
sub_001834,cus_001830,price_pro_y,active,2025-09-09,
sub_001835,cus_001831,price_starter_y,active,2025-09-04,
sub_001836,cus_001832,price_enterprise_m,active,2025-09-20,
sub_001838,cus_001834,price_starter_m,active,2025-09-21,
sub_001839,cus_001835,price_enterprise_m,active,2025-09-06,
sub_001841,cus_001837,price_pro_y,active,2025-09-02,
sub_001842,cus_001838,price_starter_m,active,2025-09-13,
sub_001844,cus_001840,price_starter_m,active,2025-09-18,
sub_001847,cus_001843,price_starter_m,active,2025-09-04,
sub_001848,cus_001844,price_business_m,active,2025-09-27,
sub_001849,cus_001845,price_starter_m,active,2025-09-23,
sub_001851,cus_001847,price_pro_m,active,2025-09-24,
sub_001852,cus_001848,price_starter_m,active,2025-09-15,
sub_001853,cus_001849,price_pro_m,active,2025-09-27,
sub_001855,cus_001851,price_enterprise_m,active,2025-09-24,
sub_001856,cus_001852,price_business_m,active,2025-09-21,
sub_001858,cus_001854,price_free,active,2025-09-09,
sub_001859,cus_001855,price_pro_m,active,2025-09-05,
sub_001860,cus_001856,price_pro_m,active,2025-09-12,
sub_001861,cus_001857,price_business_m,active,2025-09-19,
sub_001862,cus_001858,price_pro_m,active,2025-09-21,
sub_001863,cus_001859,price_starter_m,active,2025-09-26,
sub_001864,cus_001860,price_free,active,2025-09-10,
sub_001865,cus_001861,price_pro_m,active,2025-09-07,
sub_001866,cus_001862,price_enterprise_m,active,2025-09-04,
sub_001867,cus_001863,price_free,active,2025-09-16,
sub_001868,cus_001864,price_enterprise_m,active,2025-09-11,
sub_001869,cus_001865,price_starter_y,active,2025-09-27,
sub_001870,cus_001866,price_pro_m,active,2025-09-11,
sub_001871,cus_001867,price_pro_y,active,2025-09-12,
sub_001872,cus_001868,price_free,active,2025-09-17,
sub_001873,cus_001869,price_pro_y,active,2025-09-14,
sub_001874,cus_001870,price_business_y,active,2025-09-09,
sub_001875,cus_001871,price_starter_m,active,2025-09-14,
sub_001876,cus_001872,price_starter_m,active,2025-09-11,
sub_001877,cus_001873,price_starter_y,active,2025-09-04,
sub_001878,cus_001874,price_business_m,active,2025-09-24,
sub_001879,cus_001875,price_free,active,2025-09-01,
sub_001880,cus_001876,price_business_m,active,2025-09-01,
sub_001882,cus_001878,price_business_m,active,2025-09-18,
sub_001886,cus_001881,price_free,active,2025-10-15,
sub_001887,cus_001882,price_starter_m,active,2025-10-28,
sub_001888,cus_001883,price_free,active,2025-10-15,
sub_001889,cus_001884,price_starter_m,active,2025-10-20,
sub_001891,cus_001886,price_free,active,2025-10-27,
sub_001892,cus_001887,price_pro_m,active,2025-10-31,
sub_001893,cus_001888,price_starter_m,active,2025-10-31,
sub_001894,cus_001889,price_starter_m,active,2025-10-08,
sub_001895,cus_001890,price_starter_m,active,2025-10-11,
sub_001896,cus_001891,price_business_y,active,2025-10-10,
sub_001898,cus_001893,price_business_m,active,2025-10-24,
sub_001899,cus_001894,price_starter_m,active,2025-10-18,
sub_001901,cus_001896,price_starter_y,active,2025-10-21,
sub_001902,cus_001897,price_free,active,2025-10-22,
sub_001904,cus_001899,price_pro_m,active,2025-10-22,
sub_001906,cus_001901,price_business_m,active,2025-10-27,
sub_001908,cus_001903,price_starter_y,active,2025-10-07,
sub_001909,cus_001904,price_starter_m,active,2025-10-15,
sub_001910,cus_001905,price_pro_m,active,2025-10-17,
sub_001912,cus_001907,price_enterprise_m,active,2025-10-18,
sub_001913,cus_001908,price_starter_m,active,2025-10-18,
sub_001914,cus_001909,price_free,active,2025-10-03,
sub_001915,cus_001910,price_pro_m,active,2025-10-27,
sub_001916,cus_001911,price_enterprise_m,active,2025-10-27,
sub_001917,cus_001912,price_enterprise_m,active,2025-10-09,
sub_001919,cus_001914,price_pro_m,active,2025-10-12,
sub_001921,cus_001916,price_starter_m,active,2025-10-04,
sub_001922,cus_001917,price_enterprise_m,active,2025-10-12,
sub_001923,cus_001918,price_pro_m,active,2025-10-15,
sub_001924,cus_001919,price_starter_m,active,2025-10-31,
sub_001925,cus_001920,price_business_m,active,2025-10-23,
sub_001927,cus_001922,price_free,active,2025-10-03,
sub_001929,cus_001924,price_starter_m,active,2025-10-10,
sub_001930,cus_001925,price_pro_m,active,2025-10-26,
sub_001931,cus_001926,price_free,active,2025-10-25,
sub_001933,cus_001928,price_pro_y,active,2025-10-30,
sub_001935,cus_001930,price_enterprise_m,active,2025-10-17,
sub_001937,cus_001932,price_business_m,active,2025-10-26,
sub_001938,cus_001933,price_starter_y,active,2025-10-31,
sub_001939,cus_001934,price_free,active,2025-10-15,
sub_001940,cus_001935,price_free,active,2025-10-23,
sub_001942,cus_001937,price_enterprise_m,active,2025-10-24,
sub_001943,cus_001938,price_pro_y,active,2025-10-13,
sub_001945,cus_001940,price_pro_m,active,2025-10-08,
sub_001946,cus_001941,price_free,active,2025-10-19,
sub_001949,cus_001944,price_starter_m,active,2025-10-19,
sub_001950,cus_001945,price_pro_m,active,2025-10-15,
sub_001952,cus_001947,price_starter_m,active,2025-10-31,
sub_001953,cus_001948,price_enterprise_m,active,2025-10-03,
sub_001954,cus_001949,price_free,active,2025-10-09,
sub_001958,cus_001953,price_starter_m,active,2025-10-23,
sub_001959,cus_001954,price_business_y,active,2025-10-22,
sub_001960,cus_001955,price_starter_y,active,2025-10-25,
sub_001961,cus_001956,price_free,active,2025-10-28,
sub_001962,cus_001957,price_pro_m,active,2025-10-05,
sub_001963,cus_001958,price_pro_m,active,2025-10-19,
sub_001964,cus_001959,price_free,active,2025-10-30,
sub_001966,cus_001961,price_pro_m,active,2025-10-11,
sub_001967,cus_001962,price_starter_m,active,2025-10-21,
sub_001968,cus_001963,price_starter_y,active,2025-10-13,
sub_001969,cus_001964,price_business_m,active,2025-10-25,
sub_001970,cus_001965,price_pro_m,active,2025-10-31,
sub_001971,cus_001966,price_business_y,active,2025-10-01,
sub_001972,cus_001967,price_starter_m,active,2025-10-09,
sub_001973,cus_001968,price_pro_m,active,2025-10-26,
sub_001975,cus_001970,price_free,active,2025-10-30,
sub_001976,cus_001971,price_pro_m,active,2025-10-30,
sub_001977,cus_001972,price_free,active,2025-10-13,
sub_001979,cus_001974,price_starter_m,active,2025-10-30,
sub_001980,cus_001975,price_free,active,2025-10-16,
sub_001981,cus_001976,price_starter_m,active,2025-10-25,
sub_001983,cus_001978,price_pro_m,active,2025-10-22,
sub_001984,cus_001979,price_business_y,active,2025-10-19,
sub_001985,cus_001980,price_pro_m,active,2025-10-21,
sub_001986,cus_001981,price_free,active,2025-10-19,
sub_001987,cus_001982,price_free,active,2025-10-23,
sub_001988,cus_001983,price_pro_y,active,2025-10-01,
sub_001989,cus_001984,price_pro_m,active,2025-10-17,
sub_001990,cus_001985,price_starter_m,active,2025-10-09,
sub_001992,cus_001987,price_free,active,2025-10-01,
sub_001995,cus_001990,price_enterprise_m,active,2025-10-21,
sub_001996,cus_001991,price_starter_m,active,2025-10-26,
sub_001997,cus_001992,price_enterprise_m,active,2025-10-11,
sub_001998,cus_001993,price_business_m,active,2025-10-28,
sub_001999,cus_001994,price_pro_m,active,2025-10-31,
sub_002000,cus_001995,price_free,active,2025-10-01,
sub_002001,cus_001996,price_business_m,active,2025-10-31,
sub_002002,cus_001997,price_pro_m,active,2025-10-02,
sub_002004,cus_001999,price_starter_m,active,2025-10-04,
sub_002005,cus_002000,price_pro_y,active,2025-10-25,
sub_002006,cus_002001,price_free,active,2025-10-09,
sub_002007,cus_002002,price_starter_m,active,2025-10-25,
sub_002008,cus_002003,price_pro_y,active,2025-10-12,
sub_002009,cus_002004,price_business_m,active,2025-10-23,
sub_002010,cus_002005,price_free,active,2025-10-03,
sub_002011,cus_002006,price_free,active,2025-10-01,
sub_002012,cus_002007,price_pro_y,active,2025-10-25,
sub_002013,cus_002008,price_pro_y,active,2025-10-17,
sub_002014,cus_002009,price_free,active,2025-10-16,
sub_002015,cus_002010,price_free,active,2025-10-14,
sub_002016,cus_002011,price_starter_m,active,2025-10-14,
sub_002018,cus_002013,price_starter_m,active,2025-10-14,
sub_002019,cus_002014,price_starter_m,active,2025-10-24,
sub_002020,cus_002015,price_pro_y,active,2025-10-10,
sub_002021,cus_002016,price_pro_m,active,2025-10-28,
sub_002022,cus_002017,price_business_m,active,2025-10-23,
sub_002024,cus_002019,price_enterprise_m,active,2025-10-06,
sub_002025,cus_002020,price_business_m,active,2025-10-25,
sub_002026,cus_002021,price_pro_y,active,2025-10-29,
sub_002027,cus_002022,price_starter_m,active,2025-10-25,
sub_002028,cus_002023,price_business_y,active,2025-10-25,
sub_002029,cus_002024,price_pro_m,active,2025-10-14,
sub_002030,cus_002025,price_starter_m,active,2025-10-15,
sub_002031,cus_002026,price_enterprise_m,active,2025-10-05,
sub_002033,cus_002028,price_pro_m,active,2025-10-12,
sub_002034,cus_002029,price_starter_y,active,2025-10-17,
sub_002035,cus_002030,price_starter_m,active,2025-10-05,
sub_002036,cus_002031,price_business_m,active,2025-10-29,
sub_002037,cus_002032,price_starter_m,active,2025-10-26,
sub_002038,cus_002033,price_business_m,active,2025-10-07,
sub_002039,cus_002034,price_starter_m,active,2025-10-19,
sub_002040,cus_002035,price_starter_m,active,2025-10-29,
sub_002041,cus_002036,price_free,active,2025-10-18,
sub_002042,cus_002037,price_starter_m,active,2025-10-24,
sub_002044,cus_002039,price_starter_m,active,2025-10-11,
sub_002045,cus_002040,price_free,active,2025-10-10,
sub_002046,cus_002041,price_enterprise_m,active,2025-10-22,
sub_002048,cus_002043,price_pro_m,active,2025-10-11,
sub_002049,cus_002044,price_enterprise_m,active,2025-10-16,
sub_002050,cus_002045,price_pro_m,active,2025-10-06,
sub_002051,cus_002046,price_starter_m,active,2025-10-11,
sub_002053,cus_002048,price_starter_m,active,2025-10-03,
sub_002054,cus_002049,price_enterprise_m,active,2025-10-04,
sub_002055,cus_002050,price_pro_y,active,2025-10-19,
sub_002056,cus_002051,price_pro_m,active,2025-10-20,
sub_002057,cus_002052,price_pro_m,active,2025-10-20,
sub_002058,cus_002053,price_starter_m,active,2025-10-09,
sub_002059,cus_002054,price_starter_m,active,2025-10-05,
sub_002060,cus_002055,price_enterprise_m,active,2025-10-27,
sub_002061,cus_002056,price_pro_m,active,2025-10-11,
sub_002062,cus_002057,price_business_y,active,2025-10-25,
sub_002063,cus_002058,price_enterprise_m,active,2025-10-04,
sub_002064,cus_002059,price_starter_y,active,2025-10-01,
sub_002065,cus_002060,price_free,active,2025-10-10,
sub_002067,cus_002062,price_business_y,active,2025-10-10,
sub_002068,cus_002063,price_free,active,2025-10-04,
sub_002069,cus_002064,price_business_m,active,2025-10-14,
sub_002070,cus_002065,price_business_y,active,2025-10-27,
sub_002071,cus_002066,price_enterprise_m,active,2025-10-06,
sub_002072,cus_002067,price_starter_m,active,2025-10-29,
sub_002073,cus_002068,price_free,active,2025-10-13,
sub_002074,cus_002069,price_free,active,2025-10-18,
sub_002075,cus_002070,price_starter_y,active,2025-10-26,
sub_002076,cus_002071,price_pro_m,active,2025-10-26,
sub_002077,cus_002072,price_starter_y,active,2025-10-16,
sub_002078,cus_002073,price_free,active,2025-10-09,
sub_002080,cus_002075,price_starter_m,active,2025-10-04,
sub_002081,cus_002076,price_enterprise_m,active,2025-10-15,
sub_002084,cus_002079,price_pro_y,active,2025-10-08,
sub_002085,cus_002080,price_starter_m,active,2025-10-16,
sub_002086,cus_002081,price_starter_m,active,2025-10-28,
sub_002087,cus_002082,price_pro_m,active,2025-10-05,
sub_002088,cus_002083,price_business_y,active,2025-10-25,
sub_002089,cus_002084,price_pro_m,active,2025-10-20,
sub_002090,cus_002085,price_pro_y,active,2025-10-02,
sub_002091,cus_002086,price_pro_m,active,2025-10-10,
sub_002092,cus_002087,price_starter_m,active,2025-10-22,
sub_002093,cus_002088,price_business_y,active,2025-10-26,
sub_002094,cus_002089,price_business_m,active,2025-10-16,
sub_002095,cus_002090,price_pro_y,active,2025-10-23,
sub_002096,cus_002091,price_starter_m,active,2025-10-12,
sub_002097,cus_002092,price_pro_m,active,2025-10-05,
sub_002098,cus_002093,price_pro_m,active,2025-10-22,
sub_002100,cus_002095,price_enterprise_m,active,2025-10-07,
sub_002101,cus_002096,price_pro_m,active,2025-10-19,
sub_002102,cus_002097,price_enterprise_m,active,2025-10-20,
sub_002104,cus_002099,price_pro_m,active,2025-10-06,
sub_002106,cus_002101,price_starter_m,active,2025-10-15,
sub_002107,cus_002102,price_starter_m,active,2025-10-04,
sub_002108,cus_002103,price_pro_m,active,2025-10-24,
sub_002110,cus_002105,price_free,active,2025-10-01,
sub_002111,cus_002106,price_starter_m,active,2025-10-25,
sub_002112,cus_002107,price_enterprise_m,active,2025-10-14,
sub_002113,cus_002108,price_pro_m,active,2025-10-26,
sub_002114,cus_002109,price_free,active,2025-10-26,
sub_002115,cus_002110,price_starter_m,active,2025-10-17,
sub_002116,cus_002111,price_pro_m,active,2025-10-23,
sub_002117,cus_002112,price_business_m,active,2025-10-27,
sub_002120,cus_002115,price_free,active,2025-10-24,
sub_002121,cus_002116,price_starter_m,active,2025-10-28,
sub_002122,cus_002117,price_business_m,active,2025-10-30,
sub_002123,cus_002118,price_pro_m,active,2025-10-25,
sub_002124,cus_002119,price_starter_m,active,2025-10-13,
sub_002125,cus_002120,price_starter_y,active,2025-10-05,
sub_002126,cus_002121,price_business_m,active,2025-10-01,
sub_002128,cus_002123,price_free,active,2025-10-22,
sub_002129,cus_002124,price_starter_m,active,2025-10-11,
sub_002130,cus_002125,price_starter_m,active,2025-10-25,
sub_002132,cus_002127,price_free,active,2025-10-23,
sub_002133,cus_002128,price_business_m,active,2025-10-28,
sub_002134,cus_002129,price_starter_m,active,2025-10-06,
sub_002136,cus_002131,price_business_m,active,2025-10-24,
sub_002137,cus_002132,price_pro_m,active,2025-10-07,
sub_002139,cus_002134,price_starter_m,active,2025-10-21,
sub_002140,cus_002135,price_starter_m,active,2025-10-26,
sub_002141,cus_002136,price_starter_m,active,2025-10-19,
sub_002142,cus_002137,price_business_y,active,2025-10-20,
sub_002145,cus_002140,price_business_m,active,2025-10-29,
sub_002148,cus_002143,price_pro_m,active,2025-10-08,
sub_002149,cus_002144,price_enterprise_m,active,2025-10-21,
sub_002150,cus_002145,price_starter_m,active,2025-10-04,
sub_002151,cus_002146,price_pro_m,active,2025-10-25,
sub_002152,cus_002147,price_starter_m,active,2025-10-30,
sub_002154,cus_002149,price_starter_y,active,2025-10-02,
sub_002155,cus_002150,price_pro_y,active,2025-10-05,
sub_002156,cus_000280,price_starter_y,active,2025-10-09,
sub_002158,cus_002152,price_starter_m,active,2025-11-28,
sub_002160,cus_002154,price_pro_m,active,2025-11-09,
sub_002161,cus_002155,price_enterprise_m,active,2025-11-29,
sub_002162,cus_002156,price_pro_m,active,2025-11-28,
sub_002164,cus_002158,price_business_m,active,2025-11-29,
sub_002165,cus_002159,price_starter_m,active,2025-11-30,
sub_002166,cus_002160,price_starter_y,active,2025-11-07,
sub_002167,cus_002161,price_business_m,active,2025-11-17,
sub_002170,cus_002164,price_enterprise_m,active,2025-11-16,
sub_002173,cus_002167,price_business_y,active,2025-11-03,
sub_002176,cus_002170,price_business_y,active,2025-11-18,
sub_002177,cus_002171,price_starter_y,active,2025-11-24,
sub_002178,cus_002172,price_pro_m,active,2025-11-09,
sub_002181,cus_002175,price_free,active,2025-11-03,
sub_002182,cus_002176,price_pro_m,active,2025-11-16,
sub_002183,cus_002177,price_starter_m,active,2025-11-25,
sub_002184,cus_002178,price_pro_m,active,2025-11-20,
sub_002185,cus_002179,price_starter_m,active,2025-11-07,
sub_002191,cus_002185,price_free,active,2025-11-15,
sub_002192,cus_002186,price_starter_m,active,2025-11-06,
sub_002193,cus_002187,price_pro_m,active,2025-11-14,
sub_002194,cus_002188,price_pro_m,active,2025-11-10,
sub_002195,cus_002189,price_free,active,2025-11-02,
sub_002196,cus_002190,price_enterprise_m,active,2025-11-14,
sub_002198,cus_002192,price_free,active,2025-11-19,
sub_002202,cus_002196,price_business_m,active,2025-11-18,
sub_002204,cus_002198,price_pro_m,active,2025-11-01,
sub_002205,cus_002199,price_starter_m,active,2025-11-06,
sub_002206,cus_002200,price_business_y,active,2025-11-05,
sub_002208,cus_002202,price_free,active,2025-11-10,
sub_002209,cus_002203,price_pro_m,active,2025-11-06,
sub_002210,cus_002204,price_starter_m,active,2025-11-26,
sub_002212,cus_002206,price_pro_m,active,2025-11-12,
sub_002214,cus_002208,price_enterprise_m,active,2025-11-13,
sub_002215,cus_002209,price_business_m,active,2025-11-02,
sub_002216,cus_002210,price_starter_m,active,2025-11-07,
sub_002217,cus_002211,price_starter_m,active,2025-11-11,
sub_002219,cus_002213,price_business_m,active,2025-11-14,
sub_002222,cus_002216,price_starter_y,active,2025-11-04,
sub_002223,cus_002217,price_enterprise_m,active,2025-11-08,
sub_002224,cus_002218,price_business_m,active,2025-11-19,
sub_002225,cus_002219,price_enterprise_m,active,2025-11-28,
sub_002226,cus_002220,price_free,active,2025-11-03,
sub_002227,cus_002221,price_free,active,2025-11-20,
sub_002228,cus_002222,price_starter_m,active,2025-11-16,
sub_002230,cus_002224,price_pro_m,active,2025-11-24,
sub_002233,cus_002227,price_starter_m,active,2025-11-02,
sub_002235,cus_002229,price_business_m,active,2025-11-07,
sub_002236,cus_002230,price_starter_m,active,2025-11-07,
sub_002237,cus_002231,price_pro_m,active,2025-11-30,
sub_002239,cus_002233,price_starter_m,active,2025-11-13,
sub_002240,cus_002234,price_business_y,active,2025-11-22,
sub_002241,cus_002235,price_starter_y,active,2025-11-11,
sub_002243,cus_002237,price_pro_y,active,2025-11-04,
sub_002245,cus_002239,price_starter_m,active,2025-11-16,
sub_002246,cus_002240,price_pro_m,active,2025-11-01,
sub_002247,cus_002241,price_pro_m,active,2025-11-04,
sub_002248,cus_002242,price_starter_m,active,2025-11-18,
sub_002249,cus_002243,price_pro_m,active,2025-11-22,
sub_002250,cus_002244,price_starter_m,active,2025-11-20,
sub_002252,cus_002246,price_free,active,2025-11-13,
sub_002253,cus_002247,price_starter_m,active,2025-11-28,
sub_002254,cus_002248,price_business_y,active,2025-11-01,
sub_002256,cus_002250,price_pro_m,active,2025-11-14,
sub_002257,cus_002251,price_starter_m,active,2025-11-01,
sub_002258,cus_002252,price_free,active,2025-11-05,
sub_002259,cus_002253,price_starter_m,active,2025-11-17,
sub_002260,cus_002254,price_starter_y,active,2025-11-30,
sub_002261,cus_002255,price_starter_y,active,2025-11-02,
sub_002262,cus_002256,price_pro_m,active,2025-11-25,
sub_002264,cus_002258,price_starter_m,active,2025-11-22,
sub_002265,cus_002259,price_business_y,active,2025-11-19,
sub_002266,cus_002260,price_starter_y,active,2025-11-26,
sub_002267,cus_002261,price_starter_m,active,2025-11-12,
sub_002268,cus_002262,price_enterprise_m,active,2025-11-11,
sub_002270,cus_002264,price_free,active,2025-11-23,
sub_002271,cus_002265,price_free,active,2025-11-19,
sub_002272,cus_002266,price_pro_m,active,2025-11-04,
sub_002273,cus_002267,price_starter_y,active,2025-11-19,
sub_002274,cus_002268,price_pro_m,active,2025-11-05,
sub_002276,cus_002270,price_business_m,active,2025-11-22,
sub_002277,cus_002271,price_free,active,2025-11-06,
sub_002278,cus_002272,price_starter_y,active,2025-11-03,
sub_002279,cus_002273,price_starter_m,active,2025-11-13,
sub_002280,cus_002274,price_enterprise_m,active,2025-11-16,
sub_002281,cus_002275,price_business_y,active,2025-11-28,
sub_002282,cus_002276,price_starter_y,active,2025-11-24,
sub_002284,cus_002278,price_starter_m,active,2025-11-29,
sub_002285,cus_002279,price_free,active,2025-11-13,
sub_002286,cus_002280,price_starter_m,active,2025-11-04,
sub_002288,cus_002282,price_enterprise_m,active,2025-11-19,
sub_002289,cus_002283,price_free,active,2025-11-17,
sub_002290,cus_002284,price_starter_m,active,2025-11-02,
sub_002291,cus_002285,price_free,active,2025-11-09,
sub_002292,cus_002286,price_pro_m,active,2025-11-08,
sub_002294,cus_002288,price_starter_m,active,2025-11-01,
sub_002295,cus_002289,price_starter_m,active,2025-11-10,
sub_002296,cus_002290,price_free,active,2025-11-08,
sub_002297,cus_002291,price_business_y,active,2025-11-10,
sub_002298,cus_002292,price_starter_m,active,2025-11-16,
sub_002299,cus_002293,price_pro_m,active,2025-11-05,
sub_002300,cus_002294,price_starter_m,active,2025-11-02,
sub_002301,cus_002295,price_enterprise_m,active,2025-11-13,
sub_002302,cus_002296,price_business_m,active,2025-11-01,
sub_002303,cus_002297,price_enterprise_m,active,2025-11-10,
sub_002304,cus_002298,price_free,active,2025-11-15,
sub_002305,cus_002299,price_starter_m,active,2025-11-19,
sub_002307,cus_002301,price_starter_m,active,2025-11-19,
sub_002310,cus_002304,price_pro_m,active,2025-11-28,
sub_002311,cus_002305,price_starter_m,active,2025-11-05,
sub_002312,cus_002306,price_free,active,2025-11-01,
sub_002313,cus_002307,price_starter_y,active,2025-11-22,
sub_002314,cus_002308,price_starter_m,active,2025-11-13,
sub_002315,cus_002309,price_business_m,active,2025-11-08,
sub_002316,cus_002310,price_business_m,active,2025-11-18,
sub_002317,cus_002311,price_pro_m,active,2025-11-10,
sub_002318,cus_002312,price_pro_m,active,2025-11-07,
sub_002319,cus_002313,price_starter_y,active,2025-11-08,
sub_002320,cus_002314,price_business_m,active,2025-11-20,
sub_002322,cus_002316,price_business_m,active,2025-11-21,
sub_002323,cus_002317,price_business_y,active,2025-11-06,
sub_002324,cus_002318,price_starter_m,active,2025-11-04,
sub_002325,cus_002319,price_pro_y,active,2025-11-18,
sub_002326,cus_002320,price_starter_m,active,2025-11-06,
sub_002327,cus_002321,price_starter_m,active,2025-11-23,
sub_002328,cus_002322,price_business_m,active,2025-11-06,
sub_002329,cus_002323,price_business_m,active,2025-11-20,
sub_002330,cus_002324,price_free,active,2025-11-25,
sub_002331,cus_002325,price_starter_m,active,2025-11-16,
sub_002332,cus_002326,price_starter_m,active,2025-11-14,
sub_002334,cus_002328,price_business_y,active,2025-11-15,
sub_002337,cus_002331,price_starter_m,active,2025-11-20,
sub_002338,cus_002332,price_starter_y,active,2025-11-14,
sub_002339,cus_002333,price_pro_m,active,2025-11-22,
sub_002340,cus_002334,price_enterprise_m,active,2025-11-15,
sub_002341,cus_002335,price_pro_m,active,2025-11-18,
sub_002342,cus_002336,price_pro_m,active,2025-11-23,
sub_002343,cus_002337,price_pro_m,active,2025-11-06,
sub_002344,cus_002338,price_pro_m,active,2025-11-24,
sub_002345,cus_002339,price_enterprise_m,active,2025-11-01,
sub_002346,cus_002340,price_pro_m,active,2025-11-09,
sub_002347,cus_002341,price_starter_m,active,2025-11-27,
sub_002348,cus_002342,price_pro_y,active,2025-11-04,
sub_002349,cus_002343,price_starter_y,active,2025-11-23,
sub_002351,cus_002345,price_pro_m,active,2025-11-23,
sub_002352,cus_002346,price_pro_y,active,2025-11-07,
sub_002354,cus_002348,price_starter_m,active,2025-11-10,
sub_002355,cus_002349,price_starter_m,active,2025-11-03,
sub_002356,cus_002350,price_free,active,2025-11-07,
sub_002357,cus_002351,price_pro_m,active,2025-11-26,
sub_002359,cus_002353,price_pro_m,active,2025-11-30,
sub_002360,cus_002354,price_starter_m,active,2025-11-26,
sub_002361,cus_002355,price_pro_m,active,2025-11-02,
sub_002363,cus_002357,price_free,active,2025-11-21,
sub_002364,cus_002358,price_starter_m,active,2025-11-15,
sub_002365,cus_002359,price_business_m,active,2025-11-13,
sub_002366,cus_002360,price_enterprise_m,active,2025-11-26,
sub_002367,cus_002361,price_enterprise_m,active,2025-11-13,
sub_002369,cus_002363,price_pro_y,active,2025-11-26,
sub_002370,cus_002364,price_starter_y,active,2025-11-21,
sub_002371,cus_002365,price_business_m,active,2025-11-05,
sub_002372,cus_002366,price_free,active,2025-11-14,
sub_002373,cus_002367,price_pro_y,active,2025-11-15,
sub_002375,cus_002369,price_starter_y,active,2025-11-25,
sub_002376,cus_002370,price_starter_m,active,2025-11-23,
sub_002378,cus_002372,price_pro_m,active,2025-11-30,
sub_002380,cus_002374,price_starter_m,active,2025-11-17,
sub_002381,cus_002375,price_starter_y,active,2025-11-22,
sub_002383,cus_002377,price_free,active,2025-11-19,
sub_002384,cus_002378,price_business_m,active,2025-11-23,
sub_002385,cus_002379,price_business_m,active,2025-11-23,
sub_002386,cus_002380,price_enterprise_m,active,2025-11-08,
sub_002387,cus_002381,price_pro_y,active,2025-11-13,
sub_002388,cus_002382,price_starter_m,active,2025-11-20,
sub_002389,cus_002383,price_pro_m,active,2025-11-30,
sub_002392,cus_002386,price_pro_m,active,2025-11-05,
sub_002393,cus_002387,price_free,active,2025-11-06,
sub_002394,cus_002388,price_starter_m,active,2025-11-14,
sub_002396,cus_002390,price_starter_m,active,2025-11-15,
sub_002397,cus_002391,price_pro_m,active,2025-11-04,
sub_002398,cus_002392,price_enterprise_m,active,2025-11-10,
sub_002401,cus_002395,price_pro_m,active,2025-11-04,
sub_002402,cus_002396,price_enterprise_m,active,2025-11-08,
sub_002403,cus_002397,price_starter_y,active,2025-11-18,
sub_002405,cus_002399,price_starter_m,active,2025-11-04,
sub_002406,cus_002400,price_free,active,2025-11-07,
sub_002408,cus_002402,price_enterprise_m,active,2025-11-30,
sub_002409,cus_002403,price_starter_m,active,2025-11-29,
sub_002410,cus_002404,price_starter_y,active,2025-11-24,
sub_002413,cus_002407,price_enterprise_m,active,2025-11-15,
sub_002414,cus_002408,price_starter_m,active,2025-11-10,
sub_002415,cus_002409,price_free,active,2025-11-28,
sub_002417,cus_002411,price_pro_m,active,2025-11-29,
sub_002418,cus_002412,price_pro_y,active,2025-11-23,
sub_002419,cus_002413,price_business_m,active,2025-11-19,
sub_002420,cus_002414,price_pro_m,active,2025-11-29,
sub_002421,cus_002415,price_pro_m,active,2025-11-08,
sub_002423,cus_002417,price_free,active,2025-11-12,
sub_002424,cus_002418,price_starter_m,active,2025-11-22,
sub_002425,cus_002419,price_starter_m,active,2025-11-28,
sub_002426,cus_002420,price_starter_m,active,2025-11-08,
sub_002427,cus_002421,price_enterprise_m,active,2025-11-25,
sub_002429,cus_002423,price_free,active,2025-11-02,
sub_002431,cus_002425,price_free,active,2025-11-16,
sub_002432,cus_002426,price_pro_m,active,2025-11-18,
sub_002434,cus_002428,price_starter_m,active,2025-11-06,
sub_002435,cus_002429,price_pro_m,active,2025-11-26,
sub_002436,cus_002430,price_enterprise_m,active,2025-11-27,
sub_002437,cus_002431,price_starter_y,active,2025-11-13,
sub_002439,cus_002433,price_enterprise_m,active,2025-11-22,
sub_002440,cus_002434,price_enterprise_m,active,2025-11-21,
sub_002441,cus_002435,price_starter_m,active,2025-12-22,
sub_002442,cus_002436,price_enterprise_m,active,2025-12-23,
sub_002445,cus_002439,price_starter_m,active,2025-12-07,
sub_002446,cus_002440,price_starter_y,active,2025-12-18,
sub_002447,cus_002441,price_business_y,active,2025-12-16,
sub_002448,cus_002442,price_enterprise_m,active,2025-12-04,
sub_002449,cus_002443,price_starter_y,active,2025-12-23,
sub_002450,cus_002444,price_starter_m,active,2025-12-28,
sub_002451,cus_002445,price_business_m,active,2025-12-22,
sub_002452,cus_002446,price_enterprise_m,active,2025-12-13,
sub_002453,cus_002447,price_enterprise_m,active,2025-12-11,
sub_002454,cus_002448,price_business_m,active,2025-12-05,
sub_002455,cus_002449,price_business_m,active,2025-12-16,
sub_002456,cus_002450,price_starter_m,active,2025-12-05,
sub_002457,cus_002451,price_starter_m,active,2025-12-11,
sub_002458,cus_002452,price_starter_m,active,2025-12-15,
sub_002459,cus_002453,price_pro_m,active,2025-12-20,
sub_002460,cus_002454,price_starter_m,active,2025-12-16,
sub_002461,cus_002455,price_enterprise_m,active,2025-12-31,
sub_002463,cus_002457,price_starter_m,active,2025-12-18,
sub_002464,cus_002458,price_pro_y,active,2025-12-10,
sub_002465,cus_002459,price_free,active,2025-12-04,
sub_002466,cus_002460,price_enterprise_m,active,2025-12-18,
sub_002467,cus_002461,price_starter_m,active,2025-12-16,
sub_002469,cus_002463,price_business_y,active,2025-12-16,
sub_002471,cus_002465,price_starter_y,active,2025-12-07,
sub_002472,cus_002466,price_starter_m,active,2025-12-29,
sub_002473,cus_002467,price_starter_m,active,2025-12-27,
sub_002474,cus_002468,price_enterprise_m,active,2025-12-20,
sub_002476,cus_002470,price_business_m,active,2025-12-10,
sub_002477,cus_002471,price_starter_y,active,2025-12-25,
sub_002479,cus_002473,price_business_m,active,2025-12-28,
sub_002480,cus_002474,price_starter_m,active,2025-12-02,
sub_002481,cus_002475,price_starter_m,active,2025-12-05,
sub_002482,cus_002476,price_business_m,active,2025-12-06,
sub_002483,cus_002477,price_free,active,2025-12-29,
sub_002484,cus_002478,price_enterprise_m,active,2025-12-04,
sub_002485,cus_002479,price_free,active,2025-12-20,
sub_002486,cus_002480,price_free,active,2025-12-13,
sub_002487,cus_002481,price_pro_m,active,2025-12-20,
sub_002488,cus_002482,price_enterprise_m,active,2025-12-22,
sub_002490,cus_002484,price_pro_y,active,2025-12-04,
sub_002491,cus_002485,price_business_m,active,2025-12-01,
sub_002492,cus_002486,price_free,active,2025-12-17,
sub_002493,cus_002487,price_starter_m,active,2025-12-29,
sub_002494,cus_002488,price_pro_m,active,2025-12-18,
sub_002495,cus_002489,price_starter_y,active,2025-12-26,
sub_002496,cus_002490,price_free,active,2025-12-21,
sub_002497,cus_002491,price_pro_m,active,2025-12-19,
sub_002498,cus_002492,price_pro_m,active,2025-12-05,
sub_002499,cus_002493,price_starter_m,active,2025-12-06,
sub_002500,cus_002494,price_free,active,2025-12-10,
sub_002501,cus_002495,price_starter_y,active,2025-12-29,
sub_002502,cus_002496,price_pro_m,active,2025-12-02,
sub_002503,cus_002497,price_free,active,2025-12-24,
sub_002504,cus_002498,price_business_m,active,2025-12-07,
sub_002505,cus_002499,price_business_m,active,2025-12-26,
sub_002506,cus_002500,price_starter_m,active,2025-12-14,
sub_002507,cus_002501,price_enterprise_m,active,2025-12-03,
sub_002508,cus_002502,price_business_m,active,2025-12-02,
sub_002509,cus_002503,price_free,active,2025-12-27,
sub_002510,cus_002504,price_starter_m,active,2025-12-09,
sub_002511,cus_002505,price_starter_m,active,2025-12-27,
sub_002513,cus_002507,price_business_y,active,2025-12-14,
sub_002515,cus_002509,price_starter_m,active,2025-12-03,
sub_002516,cus_002510,price_free,active,2025-12-03,
sub_002517,cus_002511,price_pro_m,active,2025-12-16,
sub_002518,cus_002512,price_enterprise_m,active,2025-12-19,
sub_002519,cus_002513,price_pro_m,active,2025-12-25,
sub_002521,cus_002515,price_starter_m,active,2025-12-03,
sub_002522,cus_002516,price_free,active,2025-12-30,
sub_002523,cus_002517,price_pro_m,active,2025-12-06,
sub_002524,cus_002518,price_pro_m,active,2025-12-10,
sub_002525,cus_002519,price_starter_m,active,2025-12-27,
sub_002526,cus_002520,price_enterprise_m,active,2025-12-14,
sub_002527,cus_002521,price_pro_m,active,2025-12-22,
sub_002528,cus_002522,price_enterprise_m,active,2025-12-10,
sub_002529,cus_002523,price_enterprise_m,active,2025-12-01,
sub_002530,cus_002524,price_pro_m,active,2025-12-16,
sub_002531,cus_002525,price_enterprise_m,active,2025-12-28,
sub_002532,cus_002526,price_enterprise_m,active,2025-12-06,
sub_002533,cus_002527,price_pro_y,active,2025-12-11,
sub_002534,cus_002528,price_pro_m,active,2025-12-19,
sub_002535,cus_002529,price_starter_y,active,2025-12-31,
sub_002536,cus_002530,price_free,active,2025-12-10,
sub_002537,cus_002531,price_starter_m,active,2025-12-29,
sub_002538,cus_002532,price_starter_m,active,2025-12-16,
sub_002539,cus_002533,price_business_m,active,2025-12-05,
sub_002540,cus_002534,price_business_m,active,2025-12-15,
sub_002541,cus_002535,price_business_m,active,2025-12-05,
sub_002542,cus_002536,price_pro_m,active,2025-12-21,
sub_002543,cus_002537,price_enterprise_m,active,2025-12-05,
sub_002545,cus_002539,price_starter_y,active,2025-12-29,
sub_002546,cus_002540,price_starter_m,active,2025-12-19,
sub_002547,cus_002541,price_starter_y,active,2025-12-23,
sub_002548,cus_002542,price_enterprise_m,active,2025-12-01,
sub_002550,cus_002544,price_starter_m,active,2025-12-05,
sub_002551,cus_002545,price_free,active,2025-12-07,
sub_002552,cus_002546,price_pro_m,active,2025-12-14,
sub_002554,cus_002548,price_business_m,active,2025-12-23,
sub_002557,cus_002551,price_free,active,2025-12-27,
sub_002558,cus_002552,price_starter_m,active,2025-12-12,
sub_002559,cus_002553,price_starter_m,active,2025-12-01,
sub_002561,cus_002555,price_business_m,active,2025-12-15,
sub_002562,cus_002556,price_starter_m,active,2025-12-13,
sub_002563,cus_002557,price_free,active,2025-12-18,
sub_002564,cus_002558,price_pro_m,active,2025-12-15,
sub_002565,cus_002559,price_business_m,active,2025-12-09,
sub_002566,cus_002560,price_starter_m,active,2025-12-07,
sub_002567,cus_002561,price_starter_m,active,2025-12-06,
sub_002568,cus_002562,price_pro_m,active,2025-12-22,
sub_002570,cus_002564,price_starter_m,active,2025-12-16,
sub_002571,cus_002565,price_starter_m,active,2025-12-15,
sub_002572,cus_002566,price_free,active,2025-12-31,
sub_002573,cus_002567,price_business_m,active,2025-12-12,
sub_002574,cus_002568,price_business_m,active,2025-12-24,
sub_002575,cus_002569,price_starter_y,active,2025-12-13,
sub_002576,cus_002570,price_starter_m,active,2025-12-09,
sub_002577,cus_002571,price_free,active,2025-12-29,
sub_002580,cus_002574,price_enterprise_m,active,2025-12-08,
sub_002581,cus_002575,price_free,active,2025-12-25,
sub_002582,cus_002576,price_starter_m,active,2025-12-15,
sub_002583,cus_002577,price_business_m,active,2025-12-29,
sub_002584,cus_002578,price_starter_m,active,2025-12-02,
sub_002588,cus_002582,price_free,active,2025-12-05,
sub_002589,cus_002583,price_pro_m,active,2025-12-11,
sub_002590,cus_002584,price_free,active,2025-12-04,
sub_002591,cus_002585,price_pro_m,active,2025-12-25,
sub_002592,cus_002586,price_free,active,2025-12-25,
sub_002594,cus_002588,price_free,active,2025-12-29,
sub_002595,cus_002589,price_pro_m,active,2025-12-10,
sub_002596,cus_002590,price_business_m,active,2025-12-03,
sub_002598,cus_002592,price_starter_m,active,2025-12-10,
sub_002599,cus_002593,price_business_m,active,2025-12-08,
sub_002600,cus_002594,price_pro_m,active,2025-12-16,
sub_002602,cus_002596,price_starter_m,active,2025-12-15,
sub_002603,cus_002597,price_starter_m,active,2025-12-16,
sub_002604,cus_002598,price_pro_m,active,2025-12-03,
sub_002607,cus_002601,price_starter_m,active,2025-12-13,
sub_002610,cus_002604,price_pro_m,active,2025-12-03,
sub_002611,cus_002605,price_pro_m,active,2025-12-15,
sub_002612,cus_002606,price_starter_m,active,2025-12-31,
sub_002613,cus_002607,price_pro_m,active,2025-12-02,
sub_002614,cus_002608,price_pro_m,active,2025-12-05,
sub_002615,cus_002609,price_pro_m,active,2025-12-04,
sub_002616,cus_002610,price_business_y,active,2025-12-31,
sub_002617,cus_002611,price_starter_m,active,2025-12-09,
sub_002618,cus_002612,price_business_m,active,2025-12-07,
sub_002619,cus_002613,price_starter_m,active,2025-12-08,
sub_002620,cus_002614,price_enterprise_m,active,2025-12-17,
sub_002621,cus_002615,price_enterprise_m,active,2025-12-05,
sub_002622,cus_002616,price_starter_m,active,2025-12-09,
sub_002623,cus_002617,price_pro_m,active,2025-12-22,
sub_002624,cus_002618,price_starter_m,active,2025-12-30,
sub_002625,cus_002619,price_business_m,active,2025-12-27,
sub_002626,cus_002620,price_free,active,2025-12-12,
sub_002627,cus_002621,price_pro_m,active,2025-12-19,
sub_002628,cus_002622,price_starter_m,active,2025-12-27,
sub_002629,cus_002623,price_enterprise_m,active,2025-12-29,
sub_002630,cus_002624,price_free,active,2025-12-07,
sub_002631,cus_002625,price_starter_y,active,2025-12-14,
sub_002632,cus_002626,price_free,active,2025-12-12,
sub_002633,cus_002627,price_starter_y,active,2025-12-06,
sub_002636,cus_002630,price_pro_m,active,2025-12-07,
sub_002637,cus_002631,price_free,active,2025-12-12,
sub_002638,cus_002632,price_pro_m,active,2025-12-07,
sub_002639,cus_002633,price_enterprise_m,active,2025-12-30,
sub_002640,cus_002634,price_enterprise_m,active,2025-12-29,
sub_002641,cus_002635,price_business_y,active,2025-12-27,
sub_002642,cus_002636,price_pro_y,active,2025-12-31,
sub_002643,cus_002637,price_pro_m,active,2025-12-15,
sub_002644,cus_002638,price_free,active,2025-12-05,
sub_002645,cus_002639,price_pro_m,active,2025-12-04,
sub_002646,cus_002640,price_starter_m,active,2025-12-21,
sub_002647,cus_002641,price_pro_m,active,2025-12-03,
sub_002648,cus_002642,price_free,active,2025-12-28,
sub_002649,cus_002643,price_pro_m,active,2025-12-29,
sub_002650,cus_002644,price_pro_y,active,2025-12-13,
sub_002651,cus_002645,price_starter_m,active,2025-12-08,
sub_002652,cus_002646,price_pro_m,active,2025-12-23,
sub_002653,cus_002647,price_pro_m,active,2025-12-24,
sub_002654,cus_002648,price_pro_m,active,2025-12-31,
sub_002655,cus_002649,price_starter_m,active,2025-12-06,
sub_002657,cus_002651,price_business_m,active,2025-12-15,
sub_002658,cus_002652,price_pro_y,active,2025-12-15,
sub_002659,cus_002653,price_free,active,2025-12-29,
sub_002660,cus_002654,price_pro_y,active,2025-12-18,
sub_002661,cus_002655,price_starter_m,active,2025-12-31,
sub_002662,cus_002656,price_starter_m,active,2025-12-22,
sub_002663,cus_002657,price_pro_m,active,2025-12-30,
sub_002665,cus_002659,price_free,active,2025-12-23,
sub_002666,cus_002660,price_free,active,2025-12-31,
sub_002667,cus_002661,price_pro_y,active,2025-12-06,
sub_002668,cus_002662,price_starter_y,active,2025-12-04,
sub_002669,cus_002663,price_pro_m,active,2025-12-28,
sub_002671,cus_002665,price_pro_m,active,2025-12-23,
sub_002672,cus_002666,price_business_m,active,2025-12-20,
sub_002673,cus_002667,price_pro_m,active,2025-12-22,
sub_002675,cus_002669,price_starter_y,active,2025-12-01,
sub_002676,cus_002670,price_starter_y,active,2025-12-19,
sub_002677,cus_002671,price_pro_m,active,2025-12-26,
sub_002678,cus_002672,price_starter_m,active,2025-12-23,
sub_002679,cus_002673,price_starter_m,active,2025-12-11,
sub_002680,cus_002674,price_pro_m,active,2025-12-17,
sub_002681,cus_002675,price_business_m,active,2025-12-28,
sub_002682,cus_002676,price_enterprise_m,active,2025-12-06,
sub_002683,cus_002677,price_enterprise_m,active,2025-12-01,
sub_002684,cus_002678,price_pro_m,active,2025-12-16,
sub_002686,cus_002680,price_free,active,2025-12-02,
sub_002687,cus_002681,price_starter_y,active,2025-12-14,
sub_002688,cus_002682,price_free,active,2025-12-14,
sub_002689,cus_002683,price_business_m,active,2025-12-20,
sub_002690,cus_002684,price_enterprise_m,active,2025-12-02,
sub_002691,cus_002685,price_business_m,active,2025-12-19,
sub_002693,cus_002687,price_pro_m,active,2025-12-19,
sub_002694,cus_002688,price_business_m,active,2025-12-08,
sub_002695,cus_002689,price_business_m,active,2025-12-27,
sub_002696,cus_002690,price_free,active,2025-12-30,
sub_002698,cus_001898,price_starter_m,active,2025-12-23,
sub_002699,cus_002692,price_enterprise_m,active,2026-01-02,
sub_002700,cus_002693,price_business_m,active,2026-01-20,
sub_002701,cus_002694,price_pro_m,active,2026-01-01,
sub_002702,cus_002695,price_starter_m,active,2026-01-23,
sub_002703,cus_002696,price_enterprise_m,active,2026-01-18,
sub_002704,cus_002697,price_starter_y,active,2026-01-05,
sub_002706,cus_002699,price_starter_m,active,2026-01-22,
sub_002707,cus_002700,price_business_y,active,2026-01-28,
sub_002708,cus_002701,price_starter_y,active,2026-01-04,
sub_002709,cus_002702,price_free,active,2026-01-20,
sub_002711,cus_002704,price_starter_m,active,2026-01-10,
sub_002712,cus_002705,price_free,active,2026-01-24,
sub_002713,cus_002706,price_pro_y,active,2026-01-28,
sub_002714,cus_002707,price_business_y,active,2026-01-20,
sub_002715,cus_002708,price_enterprise_m,active,2026-01-28,
sub_002716,cus_002709,price_pro_m,active,2026-01-15,
sub_002717,cus_002710,price_pro_y,active,2026-01-05,
sub_002719,cus_002712,price_business_y,active,2026-01-18,
sub_002720,cus_002713,price_free,active,2026-01-19,
sub_002721,cus_002714,price_business_y,active,2026-01-11,
sub_002722,cus_002715,price_starter_m,active,2026-01-10,
sub_002723,cus_002716,price_pro_m,active,2026-01-07,
sub_002724,cus_002717,price_free,active,2026-01-27,
sub_002725,cus_002718,price_starter_m,active,2026-01-16,
sub_002727,cus_002720,price_pro_y,active,2026-01-26,
sub_002728,cus_002721,price_pro_m,active,2026-01-20,
sub_002729,cus_002722,price_business_m,active,2026-01-20,
sub_002730,cus_002723,price_enterprise_m,active,2026-01-08,
sub_002732,cus_002725,price_pro_m,active,2026-01-02,
sub_002733,cus_002726,price_free,active,2026-01-30,
sub_002734,cus_002727,price_pro_m,active,2026-01-21,
sub_002735,cus_002728,price_pro_m,active,2026-01-23,
sub_002736,cus_002729,price_pro_m,active,2026-01-20,
sub_002737,cus_002730,price_starter_m,active,2026-01-31,
sub_002738,cus_002731,price_pro_m,active,2026-01-12,
sub_002739,cus_002732,price_free,active,2026-01-27,
sub_002740,cus_002733,price_business_m,active,2026-01-30,
sub_002741,cus_002734,price_enterprise_m,active,2026-01-29,
sub_002742,cus_002735,price_business_m,active,2026-01-10,
sub_002743,cus_002736,price_pro_m,active,2026-01-04,
sub_002744,cus_002737,price_enterprise_m,active,2026-01-15,
sub_002745,cus_002738,price_starter_m,active,2026-01-17,
sub_002746,cus_002739,price_pro_m,active,2026-01-07,
sub_002747,cus_002740,price_enterprise_m,active,2026-01-30,
sub_002748,cus_002741,price_enterprise_m,active,2026-01-11,
sub_002749,cus_002742,price_business_m,active,2026-01-28,
sub_002750,cus_002743,price_business_m,active,2026-01-11,
sub_002751,cus_002744,price_free,active,2026-01-09,
sub_002752,cus_002745,price_pro_m,active,2026-01-11,
sub_002753,cus_002746,price_pro_m,active,2026-01-16,
sub_002754,cus_002747,price_starter_m,active,2026-01-14,
sub_002755,cus_002748,price_free,active,2026-01-28,
sub_002756,cus_002749,price_starter_y,active,2026-01-12,
sub_002757,cus_002750,price_starter_m,active,2026-01-25,
sub_002758,cus_002751,price_free,active,2026-01-24,
sub_002759,cus_002752,price_starter_m,active,2026-01-25,
sub_002760,cus_002753,price_pro_y,active,2026-01-12,
sub_002762,cus_002755,price_enterprise_m,active,2026-01-08,
sub_002763,cus_002756,price_pro_y,active,2026-01-16,
sub_002764,cus_002757,price_free,active,2026-01-14,
sub_002765,cus_002758,price_business_y,active,2026-01-04,
sub_002767,cus_002760,price_free,active,2026-01-01,
sub_002768,cus_002761,price_free,active,2026-01-23,
sub_002769,cus_002762,price_enterprise_m,active,2026-01-02,
sub_002770,cus_002763,price_starter_m,active,2026-01-18,
sub_002771,cus_002764,price_pro_y,active,2026-01-20,
sub_002773,cus_002766,price_pro_m,active,2026-01-28,
sub_002774,cus_002767,price_starter_m,active,2026-01-12,
sub_002775,cus_002768,price_starter_m,active,2026-01-18,
sub_002776,cus_002769,price_starter_m,active,2026-01-06,
sub_002777,cus_002770,price_pro_m,active,2026-01-04,
sub_002778,cus_002771,price_pro_m,active,2026-01-01,
sub_002780,cus_002773,price_free,active,2026-01-06,
sub_002781,cus_002774,price_starter_m,active,2026-01-03,
sub_002782,cus_002775,price_starter_m,active,2026-01-31,
sub_002783,cus_002776,price_starter_y,active,2026-01-01,
sub_002784,cus_002777,price_business_y,active,2026-01-27,
sub_002785,cus_002778,price_pro_m,active,2026-01-28,
sub_002786,cus_002779,price_business_m,active,2026-01-13,
sub_002787,cus_002780,price_starter_y,active,2026-01-19,
sub_002788,cus_002781,price_starter_m,active,2026-01-09,
sub_002789,cus_002782,price_starter_m,active,2026-01-07,
sub_002790,cus_002783,price_business_m,active,2026-01-05,
sub_002791,cus_002784,price_pro_m,active,2026-01-11,
sub_002792,cus_002785,price_starter_m,active,2026-01-13,
sub_002794,cus_002787,price_starter_m,active,2026-01-21,
sub_002795,cus_002788,price_free,active,2026-01-12,
sub_002797,cus_002790,price_enterprise_m,active,2026-01-29,
sub_002798,cus_002791,price_enterprise_m,active,2026-01-05,
sub_002799,cus_002792,price_pro_m,active,2026-01-29,
sub_002800,cus_002793,price_pro_m,active,2026-01-23,
sub_002801,cus_002794,price_starter_m,active,2026-01-25,
sub_002803,cus_002796,price_pro_m,active,2026-01-01,
sub_002804,cus_002797,price_business_m,active,2026-01-01,
sub_002805,cus_002798,price_business_m,active,2026-01-17,
sub_002806,cus_002799,price_pro_m,active,2026-01-30,
sub_002807,cus_002800,price_business_y,active,2026-01-17,
sub_002808,cus_002801,price_starter_m,active,2026-01-28,
sub_002809,cus_002802,price_pro_m,active,2026-01-05,
sub_002810,cus_002803,price_free,active,2026-01-16,
sub_002812,cus_002805,price_business_m,active,2026-01-11,
sub_002813,cus_002806,price_pro_y,active,2026-01-27,
sub_002814,cus_002807,price_business_m,active,2026-01-12,
sub_002816,cus_002809,price_business_m,active,2026-01-13,
sub_002818,cus_002811,price_business_m,active,2026-01-20,
sub_002819,cus_002812,price_free,active,2026-01-31,
sub_002820,cus_002813,price_starter_m,active,2026-01-14,
sub_002821,cus_002814,price_pro_m,active,2026-01-19,
sub_002822,cus_002815,price_starter_m,active,2026-01-15,
sub_002823,cus_002816,price_enterprise_m,active,2026-01-02,
sub_002825,cus_002818,price_starter_y,active,2026-01-02,
sub_002826,cus_002819,price_business_y,active,2026-01-14,
sub_002827,cus_002820,price_starter_m,active,2026-01-29,
sub_002828,cus_002821,price_pro_m,active,2026-01-22,
sub_002829,cus_002822,price_enterprise_m,active,2026-01-30,
sub_002830,cus_002823,price_starter_m,active,2026-01-31,
sub_002831,cus_002824,price_pro_m,active,2026-01-15,
sub_002832,cus_002825,price_enterprise_m,active,2026-01-13,
sub_002833,cus_002826,price_pro_m,active,2026-01-19,
sub_002834,cus_002827,price_business_m,active,2026-01-25,
sub_002836,cus_002829,price_starter_m,active,2026-01-21,
sub_002837,cus_002830,price_starter_m,active,2026-01-17,
sub_002838,cus_002831,price_free,active,2026-01-14,
sub_002839,cus_002832,price_starter_m,active,2026-01-05,
sub_002840,cus_002833,price_starter_y,active,2026-01-21,
sub_002841,cus_002834,price_business_y,active,2026-01-12,
sub_002842,cus_002835,price_business_m,active,2026-01-07,
sub_002843,cus_002836,price_starter_m,active,2026-01-16,
sub_002844,cus_002837,price_starter_y,active,2026-01-14,
sub_002845,cus_002838,price_starter_m,active,2026-01-07,
sub_002847,cus_002840,price_business_m,active,2026-01-12,
sub_002848,cus_002841,price_pro_y,active,2026-01-26,
sub_002849,cus_002842,price_free,active,2026-01-11,
sub_002851,cus_002844,price_enterprise_m,active,2026-01-03,
sub_002852,cus_002845,price_pro_m,active,2026-01-25,
sub_002853,cus_002846,price_starter_m,active,2026-01-30,
sub_002854,cus_002847,price_free,active,2026-01-19,
sub_002855,cus_002848,price_pro_m,active,2026-01-11,
sub_002856,cus_002849,price_pro_y,active,2026-01-04,
sub_002858,cus_002851,price_business_m,active,2026-01-22,
sub_002859,cus_002852,price_free,active,2026-01-21,
sub_002860,cus_002853,price_starter_y,active,2026-01-08,
sub_002861,cus_002854,price_enterprise_m,active,2026-01-14,
sub_002862,cus_002855,price_starter_m,active,2026-01-14,
sub_002863,cus_002856,price_business_y,active,2026-01-15,
sub_002864,cus_002857,price_starter_m,active,2026-01-03,
sub_002865,cus_002858,price_starter_m,active,2026-01-12,
sub_002866,cus_002859,price_business_m,active,2026-01-01,
sub_002867,cus_002860,price_enterprise_m,active,2026-01-18,
sub_002868,cus_002861,price_starter_y,active,2026-01-19,
sub_002871,cus_002864,price_enterprise_m,active,2026-01-13,
sub_002872,cus_002865,price_business_m,active,2026-01-19,
sub_002873,cus_002866,price_free,active,2026-01-23,
sub_002874,cus_002867,price_enterprise_m,active,2026-01-31,
sub_002875,cus_002868,price_pro_m,active,2026-01-24,
sub_002876,cus_002869,price_starter_m,active,2026-01-17,
sub_002878,cus_002871,price_free,active,2026-01-16,
sub_002879,cus_002872,price_business_m,active,2026-01-03,
sub_002880,cus_002873,price_starter_y,active,2026-01-22,
sub_002881,cus_002874,price_free,active,2026-01-04,
sub_002882,cus_002875,price_starter_m,active,2026-01-13,
sub_002884,cus_002877,price_pro_m,active,2026-01-19,
sub_002885,cus_002878,price_starter_y,active,2026-01-28,
sub_002886,cus_002879,price_business_m,active,2026-01-19,
sub_002887,cus_002880,price_business_m,active,2026-01-17,
sub_002889,cus_002882,price_pro_m,active,2026-01-22,
sub_002890,cus_002883,price_business_y,active,2026-01-21,
sub_002891,cus_002884,price_business_m,active,2026-01-26,
sub_002892,cus_002885,price_starter_m,active,2026-01-15,
sub_002893,cus_002886,price_business_y,active,2026-01-18,
sub_002894,cus_002887,price_free,active,2026-01-13,
sub_002895,cus_002888,price_business_m,active,2026-01-16,
sub_002896,cus_002889,price_business_m,active,2026-01-11,
sub_002897,cus_002890,price_free,active,2026-01-29,
sub_002898,cus_002891,price_starter_y,active,2026-01-31,
sub_002899,cus_002892,price_pro_m,active,2026-01-04,
sub_002900,cus_002893,price_business_m,active,2026-01-31,
sub_002901,cus_002894,price_free,active,2026-01-10,
sub_002902,cus_002895,price_pro_m,active,2026-01-08,
sub_002903,cus_002896,price_business_m,active,2026-01-15,
sub_002904,cus_002897,price_starter_y,active,2026-01-01,
sub_002905,cus_002898,price_starter_m,active,2026-01-29,
sub_002906,cus_002899,price_pro_m,active,2026-01-20,
sub_002907,cus_002900,price_starter_y,active,2026-01-26,
sub_002909,cus_002902,price_pro_m,active,2026-01-05,
sub_002910,cus_002903,price_starter_y,active,2026-01-19,
sub_002911,cus_002904,price_pro_y,active,2026-01-20,
sub_002912,cus_002905,price_pro_m,active,2026-01-12,
sub_002913,cus_002906,price_pro_y,active,2026-01-12,
sub_002914,cus_002907,price_pro_y,active,2026-01-19,
sub_002915,cus_002908,price_business_m,active,2026-01-17,
sub_002916,cus_002909,price_starter_y,active,2026-01-02,
sub_002918,cus_002911,price_pro_m,active,2026-01-31,
sub_002919,cus_002912,price_starter_m,active,2026-01-05,
sub_002920,cus_002913,price_starter_m,active,2026-01-08,
sub_002922,cus_002915,price_business_m,active,2026-01-30,
sub_002923,cus_002916,price_pro_m,active,2026-01-24,
sub_002924,cus_002917,price_free,active,2026-01-13,
sub_002925,cus_002918,price_business_m,active,2026-01-08,
sub_002926,cus_002919,price_pro_m,active,2026-01-20,
sub_002927,cus_002920,price_pro_m,active,2026-01-01,
sub_002928,cus_002921,price_business_y,active,2026-01-19,
sub_002930,cus_002923,price_starter_m,active,2026-01-18,
sub_002931,cus_002924,price_business_m,active,2026-01-22,
sub_002932,cus_002925,price_free,active,2026-01-17,
sub_002933,cus_002926,price_free,active,2026-01-06,
sub_002934,cus_002927,price_free,active,2026-01-16,
sub_002935,cus_002928,price_pro_m,active,2026-01-18,
sub_002936,cus_002929,price_starter_m,active,2026-01-19,
sub_002937,cus_002930,price_starter_m,active,2026-01-10,
sub_002939,cus_002932,price_free,active,2026-01-05,
sub_002940,cus_002933,price_enterprise_m,active,2026-01-25,
sub_002941,cus_002934,price_free,active,2026-01-26,
sub_002943,cus_002936,price_pro_y,active,2026-01-28,
sub_002944,cus_002937,price_enterprise_m,active,2026-01-12,
sub_002945,cus_002938,price_business_m,active,2026-01-01,
sub_002946,cus_002939,price_starter_m,active,2026-01-04,
sub_002947,cus_002940,price_starter_m,active,2026-01-29,
sub_002949,cus_002942,price_pro_y,active,2026-01-09,
sub_002950,cus_002943,price_starter_m,active,2026-01-26,
sub_002951,cus_002944,price_free,active,2026-01-31,
sub_002952,cus_002945,price_business_m,active,2026-01-21,
sub_002953,cus_002946,price_pro_m,active,2026-01-07,
sub_002954,cus_002947,price_starter_m,active,2026-01-19,
sub_002955,cus_002948,price_pro_m,active,2026-01-31,
sub_002956,cus_002949,price_free,active,2026-01-06,
sub_002957,cus_002950,price_starter_m,active,2026-01-12,
sub_002958,cus_002951,price_starter_m,active,2026-01-31,
sub_002959,cus_002952,price_enterprise_m,active,2026-01-02,
sub_002960,cus_002953,price_pro_m,active,2026-01-08,
sub_002961,cus_002954,price_enterprise_m,active,2026-01-17,
sub_002962,cus_002955,price_starter_m,active,2026-01-20,
sub_002963,cus_002956,price_business_y,active,2026-01-28,
sub_002964,cus_002957,price_enterprise_m,active,2026-01-14,
sub_002965,cus_002958,price_starter_y,active,2026-01-06,
sub_002966,cus_002959,price_business_m,active,2026-01-12,
sub_002967,cus_002960,price_pro_m,active,2026-01-27,
sub_002970,cus_002963,price_pro_m,active,2026-01-19,
sub_002971,cus_002964,price_starter_m,active,2026-01-07,
sub_002972,cus_002965,price_business_y,active,2026-01-14,
sub_002975,cus_002968,price_pro_m,active,2026-01-24,
sub_002976,cus_002969,price_enterprise_m,active,2026-01-01,
sub_002977,cus_002970,price_pro_m,active,2026-01-11,
sub_002978,cus_002971,price_enterprise_m,active,2026-01-01,
sub_002979,cus_002972,price_free,active,2026-01-23,
sub_002981,cus_002974,price_free,active,2026-01-12,
sub_002982,cus_002975,price_business_m,active,2026-01-16,
sub_002983,cus_002976,price_pro_m,active,2026-01-11,
sub_002984,cus_002977,price_pro_m,active,2026-01-21,
sub_002985,cus_002978,price_starter_y,active,2026-01-27,
sub_002986,cus_002979,price_enterprise_m,active,2026-01-21,
sub_002987,cus_002980,price_pro_m,active,2026-01-13,
sub_002988,cus_002981,price_pro_m,active,2026-01-21,
sub_002989,cus_002982,price_free,active,2026-02-11,
sub_002990,cus_002983,price_starter_m,active,2026-02-15,
sub_002991,cus_002984,price_starter_m,active,2026-02-23,
sub_002992,cus_002985,price_starter_m,active,2026-02-20,
sub_002993,cus_002986,price_enterprise_m,active,2026-02-11,
sub_002994,cus_002987,price_free,active,2026-02-05,
sub_002996,cus_002989,price_pro_m,active,2026-02-10,
sub_002997,cus_002990,price_pro_y,active,2026-02-13,
sub_002998,cus_002991,price_free,active,2026-02-06,
sub_002999,cus_002992,price_free,active,2026-02-28,
sub_003000,cus_002993,price_starter_m,active,2026-02-15,
sub_003001,cus_002994,price_pro_m,active,2026-02-18,
sub_003002,cus_002995,price_business_m,active,2026-02-17,
sub_003003,cus_002996,price_business_m,active,2026-02-08,
sub_003004,cus_002997,price_starter_m,active,2026-02-16,
sub_003005,cus_002998,price_enterprise_m,active,2026-02-21,
sub_003006,cus_002999,price_starter_m,active,2026-02-14,
sub_003007,cus_003000,price_starter_m,active,2026-02-06,
sub_003008,cus_003001,price_pro_m,active,2026-02-23,
sub_003009,cus_003002,price_starter_m,active,2026-02-19,
sub_003010,cus_003003,price_enterprise_m,active,2026-02-16,
sub_003012,cus_003005,price_free,active,2026-02-28,
sub_003013,cus_003006,price_enterprise_m,active,2026-02-17,
sub_003014,cus_003007,price_pro_m,active,2026-02-10,
sub_003015,cus_003008,price_free,active,2026-02-15,
sub_003016,cus_003009,price_starter_m,active,2026-02-05,
sub_003017,cus_003010,price_starter_m,active,2026-02-12,
sub_003018,cus_003011,price_business_m,active,2026-02-22,
sub_003020,cus_003013,price_starter_m,active,2026-02-16,
sub_003021,cus_003014,price_pro_m,active,2026-02-07,
sub_003022,cus_003015,price_pro_m,active,2026-02-20,
sub_003023,cus_003016,price_starter_m,active,2026-02-16,
sub_003024,cus_003017,price_starter_m,active,2026-02-01,
sub_003025,cus_003018,price_pro_y,active,2026-02-21,
sub_003027,cus_003020,price_enterprise_m,active,2026-02-04,
sub_003028,cus_003021,price_pro_m,active,2026-02-10,
sub_003029,cus_003022,price_enterprise_m,active,2026-02-14,
sub_003031,cus_003024,price_business_y,active,2026-02-21,
sub_003032,cus_003025,price_pro_m,active,2026-02-24,
sub_003033,cus_003026,price_enterprise_m,active,2026-02-18,
sub_003034,cus_003027,price_enterprise_m,active,2026-02-16,
sub_003035,cus_003028,price_pro_y,active,2026-02-25,
sub_003036,cus_003029,price_pro_y,active,2026-02-20,
sub_003037,cus_003030,price_starter_m,active,2026-02-05,
sub_003038,cus_003031,price_starter_m,active,2026-02-16,
sub_003039,cus_003032,price_starter_m,active,2026-02-26,
sub_003040,cus_003033,price_business_m,active,2026-02-04,
sub_003042,cus_003035,price_business_m,active,2026-02-13,
sub_003043,cus_003036,price_pro_m,active,2026-02-15,
sub_003044,cus_003037,price_starter_m,active,2026-02-06,
sub_003045,cus_003038,price_free,active,2026-02-20,
sub_003046,cus_003039,price_business_m,active,2026-02-04,
sub_003047,cus_003040,price_pro_m,active,2026-02-21,
sub_003048,cus_003041,price_pro_m,active,2026-02-24,
sub_003049,cus_003042,price_starter_y,active,2026-02-06,
sub_003050,cus_003043,price_enterprise_m,active,2026-02-04,
sub_003051,cus_003044,price_free,active,2026-02-13,
sub_003052,cus_003045,price_starter_m,active,2026-02-09,
sub_003053,cus_003046,price_pro_m,active,2026-02-09,
sub_003054,cus_003047,price_free,active,2026-02-08,
sub_003055,cus_003048,price_business_m,active,2026-02-15,
sub_003056,cus_003049,price_pro_y,active,2026-02-13,
sub_003057,cus_003050,price_starter_m,active,2026-02-19,
sub_003058,cus_003051,price_starter_y,active,2026-02-20,
sub_003059,cus_003052,price_free,active,2026-02-20,
sub_003060,cus_003053,price_pro_m,active,2026-02-27,
sub_003061,cus_003054,price_starter_m,active,2026-02-15,
sub_003062,cus_003055,price_enterprise_m,active,2026-02-18,
sub_003063,cus_003056,price_free,active,2026-02-14,
sub_003064,cus_003057,price_pro_y,active,2026-02-13,
sub_003065,cus_003058,price_pro_y,active,2026-02-05,
sub_003066,cus_003059,price_business_m,active,2026-02-02,
sub_003067,cus_003060,price_enterprise_m,active,2026-02-23,
sub_003068,cus_003061,price_starter_m,active,2026-02-23,
sub_003069,cus_003062,price_starter_m,active,2026-02-09,
sub_003070,cus_003063,price_pro_m,active,2026-02-06,
sub_003071,cus_003064,price_starter_m,active,2026-02-12,
sub_003072,cus_003065,price_business_m,active,2026-02-06,
sub_003073,cus_003066,price_pro_m,active,2026-02-20,
sub_003074,cus_003067,price_free,active,2026-02-15,
sub_003075,cus_003068,price_pro_m,active,2026-02-20,
sub_003077,cus_003070,price_starter_m,active,2026-02-08,
sub_003078,cus_003071,price_pro_m,active,2026-02-15,
sub_003079,cus_003072,price_pro_m,active,2026-02-02,
sub_003080,cus_003073,price_business_y,active,2026-02-24,
sub_003081,cus_003074,price_starter_m,active,2026-02-08,
sub_003082,cus_003075,price_starter_m,active,2026-02-17,
sub_003083,cus_003076,price_enterprise_m,active,2026-02-08,
sub_003085,cus_003078,price_pro_m,active,2026-02-16,
sub_003086,cus_003079,price_starter_y,active,2026-02-18,
sub_003087,cus_003080,price_business_m,active,2026-02-05,
sub_003088,cus_003081,price_business_m,active,2026-02-07,
sub_003089,cus_003082,price_business_m,active,2026-02-10,
sub_003090,cus_003083,price_pro_m,active,2026-02-21,
sub_003092,cus_003085,price_starter_m,active,2026-02-22,
sub_003093,cus_003086,price_free,active,2026-02-18,
sub_003094,cus_003087,price_enterprise_m,active,2026-02-04,
sub_003095,cus_003088,price_business_m,active,2026-02-20,
sub_003096,cus_003089,price_pro_m,active,2026-02-14,
sub_003097,cus_003090,price_free,active,2026-02-12,
sub_003099,cus_003092,price_free,active,2026-02-09,
sub_003100,cus_003093,price_starter_m,active,2026-02-14,
sub_003101,cus_003094,price_starter_m,active,2026-02-23,
sub_003102,cus_003095,price_pro_m,active,2026-02-26,
sub_003103,cus_003096,price_starter_m,active,2026-02-16,
sub_003104,cus_003097,price_free,active,2026-02-10,
sub_003105,cus_003098,price_pro_m,active,2026-02-25,
sub_003107,cus_003100,price_starter_m,active,2026-02-27,
sub_003110,cus_003103,price_free,active,2026-02-18,
sub_003113,cus_003106,price_starter_m,active,2026-02-21,
sub_003114,cus_003107,price_free,active,2026-02-06,
sub_003115,cus_003108,price_pro_m,active,2026-02-14,
sub_003116,cus_003109,price_pro_m,active,2026-02-24,
sub_003117,cus_003110,price_free,active,2026-02-21,
sub_003118,cus_003111,price_enterprise_m,active,2026-02-14,
sub_003119,cus_003112,price_pro_m,active,2026-02-25,
sub_003120,cus_003113,price_starter_m,active,2026-02-22,
sub_003121,cus_003114,price_free,active,2026-02-03,
sub_003122,cus_003115,price_pro_m,active,2026-02-15,
sub_003123,cus_003116,price_business_m,active,2026-02-19,
sub_003124,cus_003117,price_starter_m,active,2026-02-21,
sub_003125,cus_003118,price_free,active,2026-02-25,
sub_003126,cus_003119,price_pro_m,active,2026-02-24,
sub_003127,cus_003120,price_starter_m,active,2026-02-26,
sub_003128,cus_003121,price_pro_m,active,2026-02-22,
sub_003129,cus_003122,price_free,active,2026-02-28,
sub_003130,cus_003123,price_business_m,active,2026-02-21,
sub_003131,cus_003124,price_business_m,active,2026-02-21,
sub_003133,cus_003126,price_pro_m,active,2026-02-05,
sub_003134,cus_003127,price_starter_m,active,2026-02-10,
sub_003135,cus_003128,price_free,active,2026-02-08,
sub_003136,cus_003129,price_free,active,2026-02-22,
sub_003137,cus_003130,price_enterprise_m,active,2026-02-02,
sub_003138,cus_003131,price_free,active,2026-02-19,
sub_003139,cus_003132,price_enterprise_m,active,2026-02-09,
sub_003140,cus_003133,price_pro_m,active,2026-02-20,
sub_003141,cus_003134,price_starter_m,active,2026-02-22,
sub_003143,cus_003136,price_pro_m,active,2026-02-07,
sub_003144,cus_003137,price_pro_m,active,2026-02-05,
sub_003145,cus_003138,price_free,active,2026-02-04,
sub_003146,cus_003139,price_pro_m,active,2026-02-08,
sub_003147,cus_003140,price_enterprise_m,active,2026-02-19,
sub_003148,cus_003141,price_free,active,2026-02-26,
sub_003149,cus_003142,price_pro_m,active,2026-02-02,
sub_003153,cus_003146,price_enterprise_m,active,2026-02-12,
sub_003154,cus_003147,price_free,active,2026-02-16,
sub_003155,cus_003148,price_enterprise_m,active,2026-02-16,
sub_003156,cus_003149,price_free,active,2026-02-27,
sub_003157,cus_003150,price_free,active,2026-02-24,
sub_003158,cus_003151,price_free,active,2026-02-09,
sub_003159,cus_003152,price_free,active,2026-02-22,
sub_003160,cus_003153,price_business_m,active,2026-02-21,
sub_003161,cus_003154,price_pro_m,active,2026-02-08,
sub_003162,cus_003155,price_free,active,2026-02-01,
sub_003163,cus_003156,price_pro_m,active,2026-02-14,
sub_003164,cus_003157,price_starter_y,active,2026-02-09,
sub_003165,cus_003158,price_starter_m,active,2026-02-08,
sub_003166,cus_003159,price_pro_m,active,2026-02-23,
sub_003167,cus_003160,price_free,active,2026-02-06,
sub_003168,cus_003161,price_starter_m,active,2026-02-02,
sub_003169,cus_003162,price_enterprise_m,active,2026-02-27,
sub_003172,cus_003165,price_enterprise_m,active,2026-02-27,
sub_003173,cus_003166,price_enterprise_m,active,2026-02-22,
sub_003174,cus_003167,price_free,active,2026-02-15,
sub_003175,cus_003168,price_pro_m,active,2026-02-25,
sub_003176,cus_003169,price_enterprise_m,active,2026-02-19,
sub_003177,cus_003170,price_starter_y,active,2026-02-23,
sub_003178,cus_003171,price_business_m,active,2026-02-12,
sub_003179,cus_003172,price_pro_m,active,2026-02-10,
sub_003180,cus_003173,price_pro_y,active,2026-02-10,
sub_003181,cus_003174,price_free,active,2026-02-17,
sub_003182,cus_003175,price_business_m,active,2026-02-04,
sub_003183,cus_003176,price_business_m,active,2026-02-11,
sub_003184,cus_003177,price_free,active,2026-02-11,
sub_003186,cus_003179,price_starter_m,active,2026-02-04,
sub_003187,cus_003180,price_starter_m,active,2026-02-26,
sub_003188,cus_003181,price_pro_m,active,2026-02-24,
sub_003189,cus_003182,price_free,active,2026-02-24,
sub_003190,cus_003183,price_starter_y,active,2026-02-23,
sub_003191,cus_003184,price_free,active,2026-02-25,
sub_003192,cus_003185,price_business_m,active,2026-02-03,
sub_003193,cus_003186,price_starter_m,active,2026-02-28,
sub_003194,cus_003187,price_pro_y,active,2026-02-06,
sub_003195,cus_003188,price_enterprise_m,active,2026-02-26,
sub_003196,cus_003189,price_pro_m,active,2026-02-28,
sub_003197,cus_003190,price_starter_m,active,2026-02-03,
sub_003198,cus_003191,price_pro_m,active,2026-02-21,
sub_003200,cus_003193,price_enterprise_m,active,2026-02-11,
sub_003201,cus_003194,price_starter_m,active,2026-02-13,
sub_003202,cus_003195,price_enterprise_m,active,2026-02-23,
sub_003204,cus_003197,price_enterprise_m,active,2026-02-06,
sub_003205,cus_003198,price_free,active,2026-02-18,
sub_003206,cus_003199,price_enterprise_m,active,2026-02-12,
sub_003207,cus_003200,price_business_m,active,2026-02-26,
sub_003208,cus_003201,price_starter_m,active,2026-02-22,
sub_003209,cus_003202,price_starter_m,active,2026-02-17,
sub_003210,cus_003203,price_starter_m,active,2026-02-13,
sub_003211,cus_003204,price_pro_m,active,2026-02-17,
sub_003212,cus_003205,price_free,active,2026-02-08,
sub_003214,cus_003207,price_business_y,active,2026-02-15,
sub_003215,cus_003208,price_pro_m,active,2026-02-05,
sub_003216,cus_003209,price_starter_m,active,2026-02-25,
sub_003217,cus_003210,price_pro_m,active,2026-02-07,
sub_003219,cus_003212,price_enterprise_m,active,2026-02-21,
sub_003220,cus_003213,price_pro_m,active,2026-02-08,
sub_003221,cus_003214,price_free,active,2026-02-12,
sub_003222,cus_003215,price_starter_m,active,2026-02-16,
sub_003223,cus_003216,price_free,active,2026-02-01,
sub_003224,cus_003217,price_starter_m,active,2026-02-20,
sub_003225,cus_003218,price_pro_m,active,2026-02-28,
sub_003226,cus_003219,price_pro_m,active,2026-02-24,
sub_003228,cus_003221,price_pro_m,active,2026-02-03,
sub_003229,cus_003222,price_free,active,2026-02-15,
sub_003232,cus_003225,price_business_m,active,2026-02-20,
sub_003233,cus_003226,price_enterprise_m,active,2026-02-13,
sub_003234,cus_003227,price_pro_m,active,2026-02-18,
sub_003236,cus_003229,price_starter_m,active,2026-02-22,
sub_003237,cus_003230,price_business_m,active,2026-02-08,
sub_003238,cus_003231,price_enterprise_m,active,2026-02-18,
sub_003239,cus_003232,price_pro_m,active,2026-02-27,
sub_003240,cus_003233,price_enterprise_m,active,2026-02-05,
sub_003241,cus_003234,price_pro_m,active,2026-02-06,
sub_003242,cus_003235,price_pro_m,active,2026-02-07,
sub_003243,cus_003236,price_starter_m,active,2026-02-14,
sub_003244,cus_003237,price_pro_m,active,2026-02-03,
sub_003245,cus_003238,price_free,active,2026-02-20,
sub_003246,cus_003239,price_free,active,2026-02-16,
sub_003247,cus_003240,price_starter_y,active,2026-02-26,
sub_003248,cus_003241,price_enterprise_m,active,2026-02-12,
sub_003249,cus_003242,price_pro_m,active,2026-02-28,
sub_003250,cus_003243,price_free,active,2026-02-28,
sub_003251,cus_003244,price_enterprise_m,active,2026-02-19,
sub_003253,cus_003246,price_pro_m,active,2026-02-15,
sub_003254,cus_003247,price_business_y,active,2026-02-09,
sub_003255,cus_003248,price_pro_m,active,2026-02-11,
sub_003256,cus_003249,price_business_y,active,2026-02-05,
sub_003257,cus_003250,price_free,active,2026-02-03,
sub_003258,cus_003251,price_free,active,2026-02-16,
sub_003259,cus_003252,price_free,active,2026-02-06,
sub_003260,cus_003253,price_enterprise_m,active,2026-02-23,
sub_003261,cus_003254,price_pro_m,active,2026-02-10,
sub_003262,cus_003255,price_starter_m,active,2026-02-12,
sub_003263,cus_003256,price_enterprise_m,active,2026-02-20,
sub_003265,cus_003258,price_pro_m,active,2026-02-08,
sub_003266,cus_003259,price_starter_m,active,2026-02-08,
sub_003268,cus_003261,price_starter_m,active,2026-02-01,
sub_003269,cus_003262,price_pro_m,active,2026-02-09,
sub_003270,cus_003263,price_pro_m,active,2026-02-27,
sub_003271,cus_003264,price_free,active,2026-02-22,
sub_003272,cus_003265,price_pro_m,active,2026-02-25,
sub_003273,cus_003266,price_pro_m,active,2026-02-10,
sub_003274,cus_003267,price_enterprise_m,active,2026-02-23,
sub_003275,cus_003268,price_starter_m,active,2026-02-25,
sub_003276,cus_003269,price_starter_m,active,2026-02-08,
sub_003277,cus_003270,price_starter_m,active,2026-02-02,
sub_003278,cus_003271,price_free,active,2026-02-03,
sub_003279,cus_003272,price_pro_m,active,2026-02-24,
sub_003281,cus_003274,price_enterprise_m,active,2026-02-27,
sub_003282,cus_003275,price_business_m,active,2026-02-22,
sub_003283,cus_003276,price_free,active,2026-02-16,
sub_003284,cus_003277,price_pro_m,active,2026-02-08,
sub_003285,cus_003278,price_enterprise_m,active,2026-02-07,
sub_003286,cus_003279,price_pro_m,active,2026-02-25,
sub_003288,cus_003281,price_starter_y,active,2026-02-22,
sub_003289,cus_003282,price_starter_y,active,2026-02-23,
sub_003290,cus_003283,price_starter_y,active,2026-02-18,
sub_003291,cus_003284,price_starter_m,active,2026-02-28,
sub_003292,cus_003285,price_business_m,active,2026-02-17,
sub_003293,cus_003286,price_starter_m,active,2026-02-25,
sub_003294,cus_003287,price_business_m,active,2026-02-28,
sub_003295,cus_003288,price_starter_m,active,2026-02-26,
sub_003296,cus_003289,price_starter_m,active,2026-02-04,
sub_003297,cus_003290,price_starter_y,active,2026-02-27,
sub_003298,cus_003291,price_pro_m,active,2026-02-17,
sub_003299,cus_003292,price_starter_m,active,2026-02-17,
sub_003300,cus_003293,price_business_y,active,2026-02-08,
sub_003301,cus_003294,price_pro_m,active,2026-03-11,
sub_003302,cus_003295,price_starter_y,active,2026-03-19,
sub_003303,cus_003296,price_starter_m,active,2026-03-18,
sub_003304,cus_003297,price_pro_m,active,2026-03-07,
sub_003305,cus_003298,price_business_m,active,2026-03-31,
sub_003306,cus_003299,price_starter_m,active,2026-03-03,
sub_003307,cus_003300,price_starter_y,active,2026-03-25,
sub_003308,cus_003301,price_free,active,2026-03-25,
sub_003309,cus_003302,price_starter_m,active,2026-03-04,
sub_003310,cus_003303,price_free,active,2026-03-11,
sub_003311,cus_003304,price_starter_m,active,2026-03-25,
sub_003312,cus_003305,price_pro_m,active,2026-03-23,
sub_003313,cus_003306,price_free,active,2026-03-03,
sub_003314,cus_003307,price_starter_m,active,2026-03-17,
sub_003315,cus_003308,price_free,active,2026-03-25,
sub_003316,cus_003309,price_free,active,2026-03-19,
sub_003317,cus_003310,price_starter_m,active,2026-03-03,
sub_003318,cus_003311,price_pro_m,active,2026-03-06,
sub_003319,cus_003312,price_starter_m,active,2026-03-18,
sub_003320,cus_003313,price_free,active,2026-03-12,
sub_003321,cus_003314,price_starter_m,active,2026-03-20,
sub_003322,cus_003315,price_starter_m,active,2026-03-31,
sub_003323,cus_003316,price_starter_m,active,2026-03-28,
sub_003324,cus_003317,price_pro_y,active,2026-03-05,
sub_003325,cus_003318,price_starter_m,active,2026-03-18,
sub_003326,cus_003319,price_starter_m,active,2026-03-15,
sub_003327,cus_003320,price_starter_m,active,2026-03-05,
sub_003328,cus_003321,price_pro_m,active,2026-03-06,
sub_003329,cus_003322,price_free,active,2026-03-25,
sub_003330,cus_003323,price_starter_m,active,2026-03-19,
sub_003331,cus_003324,price_pro_y,active,2026-03-01,
sub_003332,cus_003325,price_pro_m,active,2026-03-23,
sub_003333,cus_003326,price_business_m,active,2026-03-04,
sub_003334,cus_003327,price_starter_m,active,2026-03-19,
sub_003335,cus_003328,price_starter_y,active,2026-03-04,
sub_003336,cus_003329,price_business_y,active,2026-03-06,
sub_003337,cus_003330,price_pro_m,active,2026-03-19,
sub_003338,cus_003331,price_enterprise_m,active,2026-03-12,
sub_003339,cus_003332,price_pro_m,active,2026-03-08,
sub_003340,cus_003333,price_business_y,active,2026-03-16,
sub_003341,cus_003334,price_free,active,2026-03-23,
sub_003342,cus_003335,price_free,active,2026-03-09,
sub_003343,cus_003336,price_starter_m,active,2026-03-31,
sub_003344,cus_003337,price_starter_m,active,2026-03-22,
sub_003345,cus_003338,price_starter_y,active,2026-03-25,
sub_003346,cus_003339,price_pro_y,active,2026-03-02,
sub_003347,cus_003340,price_free,active,2026-03-17,
sub_003348,cus_003341,price_starter_m,active,2026-03-08,
sub_003349,cus_003342,price_starter_m,active,2026-03-04,
sub_003350,cus_003343,price_pro_y,active,2026-03-19,
sub_003351,cus_003344,price_free,active,2026-03-03,
sub_003354,cus_003347,price_starter_y,active,2026-03-23,
sub_003355,cus_003348,price_business_m,active,2026-03-25,
sub_003356,cus_003349,price_free,active,2026-03-27,
sub_003357,cus_003350,price_free,active,2026-03-11,
sub_003358,cus_003351,price_business_m,active,2026-03-25,
sub_003359,cus_003352,price_starter_m,active,2026-03-13,
sub_003361,cus_003354,price_business_y,active,2026-03-08,
sub_003362,cus_003355,price_pro_m,active,2026-03-11,
sub_003363,cus_003356,price_starter_m,active,2026-03-07,
sub_003364,cus_003357,price_starter_y,active,2026-03-28,
sub_003365,cus_003358,price_free,active,2026-03-07,
sub_003366,cus_003359,price_starter_m,active,2026-03-21,
sub_003367,cus_003360,price_enterprise_m,active,2026-03-18,
sub_003368,cus_003361,price_free,active,2026-03-11,
sub_003369,cus_003362,price_enterprise_m,active,2026-03-09,
sub_003370,cus_003363,price_enterprise_m,active,2026-03-23,
sub_003371,cus_003364,price_business_m,active,2026-03-09,
sub_003372,cus_003365,price_business_m,active,2026-03-18,
sub_003373,cus_003366,price_pro_y,active,2026-03-27,
sub_003374,cus_003367,price_starter_m,active,2026-03-12,
sub_003376,cus_003369,price_business_m,active,2026-03-06,
sub_003377,cus_003370,price_business_m,active,2026-03-20,
sub_003378,cus_003371,price_enterprise_m,active,2026-03-03,
sub_003379,cus_003372,price_starter_y,active,2026-03-29,
sub_003380,cus_003373,price_pro_m,active,2026-03-22,
sub_003381,cus_003374,price_free,active,2026-03-27,
sub_003382,cus_003375,price_business_m,active,2026-03-01,
sub_003383,cus_003376,price_pro_m,active,2026-03-26,
sub_003384,cus_003377,price_starter_m,active,2026-03-03,
sub_003386,cus_003379,price_starter_m,active,2026-03-15,
sub_003387,cus_003380,price_starter_y,active,2026-03-10,
sub_003388,cus_003381,price_pro_m,active,2026-03-24,
sub_003389,cus_003382,price_business_m,active,2026-03-09,
sub_003390,cus_003383,price_enterprise_m,active,2026-03-28,
sub_003392,cus_003385,price_pro_m,active,2026-03-10,
sub_003393,cus_003386,price_starter_m,active,2026-03-13,
sub_003394,cus_003387,price_free,active,2026-03-04,
sub_003395,cus_003388,price_starter_m,active,2026-03-16,
sub_003396,cus_003389,price_business_y,active,2026-03-08,
sub_003397,cus_003390,price_free,active,2026-03-02,
sub_003398,cus_003391,price_free,active,2026-03-17,
sub_003400,cus_003393,price_enterprise_m,active,2026-03-20,
sub_003401,cus_003394,price_business_m,active,2026-03-24,
sub_003402,cus_003395,price_business_m,active,2026-03-29,
sub_003403,cus_003396,price_business_y,active,2026-03-10,
sub_003404,cus_003397,price_free,active,2026-03-31,
sub_003405,cus_003398,price_starter_m,active,2026-03-16,
sub_003406,cus_003399,price_pro_m,active,2026-03-28,
sub_003407,cus_003400,price_starter_m,active,2026-03-30,
sub_003408,cus_003401,price_business_m,active,2026-03-27,
sub_003409,cus_003402,price_starter_m,active,2026-03-03,
sub_003410,cus_003403,price_enterprise_m,active,2026-03-15,
sub_003411,cus_003404,price_free,active,2026-03-11,
sub_003412,cus_003405,price_pro_y,active,2026-03-03,
sub_003413,cus_003406,price_pro_m,active,2026-03-01,
sub_003414,cus_003407,price_enterprise_m,active,2026-03-16,
sub_003415,cus_003408,price_free,active,2026-03-21,
sub_003416,cus_003409,price_starter_y,active,2026-03-01,
sub_003417,cus_003410,price_pro_m,active,2026-03-11,
sub_003418,cus_003411,price_starter_m,active,2026-03-18,
sub_003419,cus_003412,price_free,active,2026-03-21,
sub_003420,cus_003413,price_starter_m,active,2026-03-01,
sub_003421,cus_003414,price_pro_m,active,2026-03-11,
sub_003422,cus_003415,price_starter_y,active,2026-03-19,
sub_003423,cus_003416,price_starter_m,active,2026-03-24,
sub_003424,cus_003417,price_business_y,active,2026-03-24,
sub_003425,cus_003418,price_starter_y,active,2026-03-13,
sub_003426,cus_003419,price_free,active,2026-03-26,
sub_003427,cus_003420,price_business_y,active,2026-03-13,
sub_003430,cus_003423,price_starter_y,active,2026-03-09,
sub_003431,cus_003424,price_starter_m,active,2026-03-01,
sub_003432,cus_003425,price_business_y,active,2026-03-31,
sub_003433,cus_003426,price_free,active,2026-03-30,
sub_003434,cus_003427,price_starter_y,active,2026-03-29,
sub_003435,cus_003428,price_starter_m,active,2026-03-17,
sub_003436,cus_003429,price_enterprise_m,active,2026-03-07,
sub_003438,cus_003431,price_enterprise_m,active,2026-03-29,
sub_003439,cus_003432,price_starter_m,active,2026-03-28,
sub_003440,cus_003433,price_free,active,2026-03-05,
sub_003441,cus_003434,price_pro_m,active,2026-03-20,
sub_003442,cus_003435,price_pro_m,active,2026-03-06,
sub_003443,cus_003436,price_starter_m,active,2026-03-13,
sub_003445,cus_003438,price_starter_m,active,2026-03-03,
sub_003447,cus_003440,price_enterprise_m,active,2026-03-14,
sub_003448,cus_003441,price_business_m,active,2026-03-02,
sub_003450,cus_003443,price_starter_m,active,2026-03-11,
sub_003451,cus_003444,price_business_m,active,2026-03-15,
sub_003452,cus_003445,price_starter_y,active,2026-03-01,
sub_003453,cus_003446,price_pro_y,active,2026-03-01,
sub_003454,cus_003447,price_enterprise_m,active,2026-03-11,
sub_003455,cus_003448,price_business_y,active,2026-03-01,
sub_003456,cus_003449,price_free,active,2026-03-03,
sub_003457,cus_003450,price_starter_y,active,2026-03-21,
sub_003458,cus_003451,price_pro_m,active,2026-03-08,
sub_003459,cus_003452,price_business_m,active,2026-03-26,
sub_003460,cus_003453,price_starter_y,active,2026-03-24,
sub_003462,cus_003455,price_starter_m,active,2026-03-05,
sub_003463,cus_003456,price_starter_m,active,2026-03-17,
sub_003464,cus_003457,price_pro_m,active,2026-03-07,
sub_003465,cus_003458,price_starter_m,active,2026-03-07,
sub_003466,cus_003459,price_free,active,2026-03-12,
sub_003467,cus_003460,price_free,active,2026-03-15,
sub_003468,cus_003461,price_enterprise_m,active,2026-03-27,
sub_003470,cus_003463,price_pro_m,active,2026-03-10,
sub_003471,cus_003464,price_starter_y,active,2026-03-13,
sub_003473,cus_003466,price_business_m,active,2026-03-28,
sub_003474,cus_003467,price_enterprise_m,active,2026-03-30,
sub_003475,cus_003468,price_pro_m,active,2026-03-16,
sub_003476,cus_003469,price_free,active,2026-03-19,
sub_003477,cus_003470,price_enterprise_m,active,2026-03-06,
sub_003478,cus_003471,price_pro_m,active,2026-03-09,
sub_003479,cus_003472,price_free,active,2026-03-03,
sub_003480,cus_003473,price_starter_m,active,2026-03-25,
sub_003481,cus_003474,price_pro_m,active,2026-03-14,
sub_003482,cus_003475,price_free,active,2026-03-27,
sub_003483,cus_003476,price_enterprise_m,active,2026-03-22,
sub_003484,cus_003477,price_starter_m,active,2026-03-27,
sub_003485,cus_003478,price_starter_m,active,2026-03-20,
sub_003486,cus_003479,price_starter_m,active,2026-03-18,
sub_003488,cus_003481,price_free,active,2026-03-31,
sub_003489,cus_003482,price_free,active,2026-03-02,
sub_003490,cus_003483,price_starter_m,active,2026-03-08,
sub_003491,cus_003484,price_pro_m,active,2026-03-12,
sub_003492,cus_003485,price_starter_m,active,2026-03-10,
sub_003493,cus_003486,price_starter_m,active,2026-03-20,
sub_003494,cus_003487,price_free,active,2026-03-01,
sub_003495,cus_003488,price_free,active,2026-03-25,
sub_003496,cus_003489,price_pro_m,active,2026-03-29,
sub_003497,cus_003490,price_pro_m,active,2026-03-05,
sub_003498,cus_003491,price_pro_y,active,2026-03-11,
sub_003500,cus_003493,price_pro_m,active,2026-03-25,
sub_003501,cus_003494,price_business_m,active,2026-03-10,
sub_003502,cus_003495,price_free,active,2026-03-11,
sub_003503,cus_003496,price_starter_m,active,2026-03-08,
sub_003504,cus_003497,price_pro_m,active,2026-03-04,
sub_003505,cus_003498,price_pro_y,active,2026-03-07,
sub_003506,cus_003499,price_pro_m,active,2026-03-08,
sub_003507,cus_003500,price_enterprise_m,active,2026-03-09,
sub_003508,cus_003501,price_starter_m,active,2026-03-19,
sub_003509,cus_003502,price_starter_m,active,2026-03-07,
sub_003510,cus_003503,price_starter_y,active,2026-03-04,
sub_003511,cus_003504,price_starter_m,active,2026-03-22,
sub_003514,cus_003507,price_starter_m,active,2026-03-20,
sub_003516,cus_003509,price_starter_m,active,2026-03-07,
sub_003517,cus_003510,price_starter_m,active,2026-03-20,
sub_003518,cus_003511,price_business_y,active,2026-03-25,
sub_003519,cus_003512,price_starter_m,active,2026-03-14,
sub_003521,cus_003514,price_starter_m,active,2026-03-29,
sub_003522,cus_003515,price_starter_m,active,2026-03-14,
sub_003523,cus_003516,price_business_m,active,2026-03-24,
sub_003524,cus_003517,price_free,active,2026-03-05,
sub_003525,cus_003518,price_starter_y,active,2026-03-23,
sub_003526,cus_003519,price_business_m,active,2026-03-19,
sub_003528,cus_003521,price_starter_y,active,2026-03-12,
sub_003529,cus_003522,price_free,active,2026-03-28,
sub_003531,cus_003524,price_free,active,2026-03-24,
sub_003532,cus_003525,price_pro_m,active,2026-03-01,
sub_003533,cus_003526,price_free,active,2026-03-11,
sub_003534,cus_003527,price_pro_m,active,2026-03-12,
sub_003535,cus_003528,price_starter_y,active,2026-03-20,
sub_003536,cus_003529,price_business_y,active,2026-03-04,
sub_003538,cus_003531,price_business_y,active,2026-03-06,
sub_003539,cus_003532,price_starter_m,active,2026-03-14,
sub_003540,cus_003533,price_pro_m,active,2026-03-28,
sub_003541,cus_003534,price_free,active,2026-03-21,
sub_003542,cus_003535,price_enterprise_m,active,2026-03-17,
sub_003543,cus_003536,price_enterprise_m,active,2026-03-24,
sub_003544,cus_003537,price_free,active,2026-03-16,
sub_003545,cus_003538,price_pro_m,active,2026-03-05,
sub_003546,cus_003539,price_free,active,2026-03-07,
sub_003547,cus_003540,price_free,active,2026-03-21,
sub_003548,cus_003541,price_starter_m,active,2026-03-07,
sub_003549,cus_003542,price_starter_m,active,2026-03-26,
sub_003551,cus_003544,price_business_m,active,2026-03-07,
sub_003552,cus_003545,price_free,active,2026-03-07,
sub_003553,cus_003546,price_business_m,active,2026-03-31,
sub_003554,cus_003547,price_pro_m,active,2026-03-28,
sub_003556,cus_003549,price_starter_m,active,2026-03-22,
sub_003557,cus_003550,price_free,active,2026-03-12,
sub_003558,cus_003551,price_free,active,2026-03-09,
sub_003560,cus_003553,price_enterprise_m,active,2026-03-19,
sub_003562,cus_003555,price_free,active,2026-03-06,
sub_003563,cus_003556,price_enterprise_m,active,2026-03-04,
sub_003564,cus_003557,price_pro_m,active,2026-03-02,
sub_003566,cus_003559,price_pro_m,active,2026-03-03,
sub_003567,cus_003560,price_starter_y,active,2026-03-21,
sub_003568,cus_003561,price_pro_m,active,2026-03-02,
sub_003569,cus_003562,price_free,active,2026-03-02,
sub_003570,cus_003563,price_starter_m,active,2026-03-01,
sub_003571,cus_003564,price_pro_m,active,2026-03-16,
sub_003572,cus_003565,price_pro_m,active,2026-03-16,
sub_003573,cus_003566,price_starter_m,active,2026-03-31,
sub_003574,cus_003567,price_pro_m,active,2026-03-23,
sub_003575,cus_003568,price_pro_y,active,2026-03-11,
sub_003576,cus_003569,price_business_m,active,2026-03-07,
sub_003577,cus_003570,price_pro_m,active,2026-03-25,
sub_003578,cus_003571,price_free,active,2026-03-12,
sub_003579,cus_003572,price_pro_y,active,2026-03-26,
sub_003581,cus_003574,price_enterprise_m,active,2026-03-20,
sub_003582,cus_003575,price_pro_m,active,2026-03-25,
sub_003583,cus_003576,price_pro_m,active,2026-03-09,
sub_003584,cus_003577,price_free,active,2026-03-24,
sub_003585,cus_003578,price_free,active,2026-03-15,
sub_003586,cus_003579,price_business_y,active,2026-03-04,
sub_003587,cus_003580,price_pro_y,active,2026-03-09,
sub_003588,cus_003581,price_pro_m,active,2026-03-02,
sub_003590,cus_003583,price_pro_m,active,2026-03-08,
sub_003591,cus_003584,price_enterprise_m,active,2026-03-14,
sub_003592,cus_003585,price_starter_m,active,2026-03-15,
sub_003593,cus_003586,price_business_m,active,2026-03-29,
sub_003594,cus_003587,price_starter_m,active,2026-04-23,
sub_003595,cus_003588,price_pro_m,active,2026-04-05,
sub_003596,cus_003589,price_business_y,active,2026-04-13,
sub_003597,cus_003590,price_free,active,2026-04-12,
sub_003598,cus_003591,price_starter_m,active,2026-04-27,
sub_003599,cus_003592,price_pro_m,active,2026-04-22,
sub_003600,cus_003593,price_starter_m,active,2026-04-15,
sub_003601,cus_003594,price_free,active,2026-04-26,
sub_003602,cus_003595,price_free,active,2026-04-07,
sub_003603,cus_003596,price_starter_m,active,2026-04-30,
sub_003604,cus_003597,price_enterprise_m,active,2026-04-28,
sub_003605,cus_003598,price_free,active,2026-04-28,
sub_003606,cus_003599,price_starter_m,active,2026-04-04,
sub_003607,cus_003600,price_business_m,active,2026-04-30,
sub_003608,cus_003601,price_pro_m,active,2026-04-07,
sub_003609,cus_003602,price_pro_m,active,2026-04-15,
sub_003610,cus_003603,price_pro_m,active,2026-04-07,
sub_003613,cus_003606,price_pro_m,active,2026-04-09,
sub_003614,cus_003607,price_enterprise_m,active,2026-04-26,
sub_003615,cus_003608,price_pro_m,active,2026-04-16,
sub_003616,cus_003609,price_business_y,active,2026-04-20,
sub_003617,cus_003610,price_starter_m,active,2026-04-14,
sub_003618,cus_003611,price_free,active,2026-04-24,
sub_003619,cus_003612,price_starter_m,active,2026-04-29,
sub_003620,cus_003613,price_free,active,2026-04-10,
sub_003621,cus_003614,price_enterprise_m,active,2026-04-30,
sub_003622,cus_003615,price_starter_m,active,2026-04-21,
sub_003623,cus_003616,price_pro_m,active,2026-04-16,
sub_003624,cus_003617,price_business_m,active,2026-04-08,
sub_003625,cus_003618,price_pro_m,active,2026-04-22,
sub_003626,cus_003619,price_free,active,2026-04-21,
sub_003627,cus_003620,price_business_m,active,2026-04-18,
sub_003628,cus_003621,price_free,active,2026-04-02,
sub_003629,cus_003622,price_pro_m,active,2026-04-26,
sub_003630,cus_003623,price_pro_m,active,2026-04-08,
sub_003632,cus_003625,price_starter_m,active,2026-04-20,
sub_003633,cus_003626,price_business_m,active,2026-04-30,
sub_003634,cus_003627,price_starter_m,active,2026-04-20,
sub_003635,cus_003628,price_starter_y,active,2026-04-06,
sub_003636,cus_003629,price_starter_m,active,2026-04-15,
sub_003637,cus_003630,price_free,active,2026-04-09,
sub_003638,cus_003631,price_starter_m,active,2026-04-17,
sub_003639,cus_003632,price_business_m,active,2026-04-29,
sub_003640,cus_003633,price_enterprise_m,active,2026-04-25,
sub_003641,cus_003634,price_business_m,active,2026-04-03,
sub_003642,cus_003635,price_starter_m,active,2026-04-13,
sub_003643,cus_003636,price_pro_m,active,2026-04-12,
sub_003644,cus_003637,price_pro_m,active,2026-04-28,
sub_003646,cus_003639,price_business_m,active,2026-04-15,
sub_003647,cus_003640,price_pro_m,active,2026-04-25,
sub_003648,cus_003641,price_starter_m,active,2026-04-22,
sub_003649,cus_003642,price_free,active,2026-04-24,
sub_003650,cus_003643,price_pro_m,active,2026-04-20,
sub_003651,cus_003644,price_free,active,2026-04-25,
sub_003652,cus_003645,price_pro_y,active,2026-04-25,
sub_003654,cus_003647,price_enterprise_m,active,2026-04-04,
sub_003655,cus_003648,price_pro_y,active,2026-04-16,
sub_003656,cus_003649,price_enterprise_m,active,2026-04-24,
sub_003657,cus_003650,price_business_m,active,2026-04-05,
sub_003658,cus_003651,price_business_m,active,2026-04-10,
sub_003659,cus_003652,price_free,active,2026-04-04,
sub_003660,cus_003653,price_enterprise_m,active,2026-04-09,
sub_003661,cus_003654,price_pro_m,active,2026-04-21,
sub_003662,cus_003655,price_starter_m,active,2026-04-14,
sub_003663,cus_003656,price_free,active,2026-04-04,
sub_003664,cus_003657,price_pro_y,active,2026-04-27,
sub_003665,cus_003658,price_pro_m,active,2026-04-30,
sub_003666,cus_003659,price_starter_m,active,2026-04-16,
sub_003667,cus_003660,price_free,active,2026-04-21,
sub_003668,cus_003661,price_business_y,active,2026-04-12,
sub_003669,cus_003662,price_free,active,2026-04-16,
sub_003670,cus_003663,price_pro_m,active,2026-04-27,
sub_003671,cus_003664,price_pro_m,active,2026-04-19,
sub_003672,cus_003665,price_pro_m,active,2026-04-23,
sub_003673,cus_003666,price_starter_m,active,2026-04-29,
sub_003674,cus_003667,price_free,active,2026-04-22,
sub_003675,cus_003668,price_starter_m,active,2026-04-10,
sub_003676,cus_003669,price_enterprise_m,active,2026-04-12,
sub_003677,cus_003670,price_starter_y,active,2026-04-18,
sub_003679,cus_003672,price_enterprise_m,active,2026-04-17,
sub_003680,cus_003673,price_business_y,active,2026-04-26,
sub_003681,cus_003674,price_starter_m,active,2026-04-11,
sub_003682,cus_003675,price_pro_m,active,2026-04-30,
sub_003683,cus_003676,price_pro_m,active,2026-04-03,
sub_003684,cus_003677,price_business_y,active,2026-04-06,
sub_003685,cus_003678,price_pro_y,active,2026-04-13,
sub_003686,cus_003679,price_starter_m,active,2026-04-21,
sub_003687,cus_003680,price_starter_m,active,2026-04-15,
sub_003688,cus_003681,price_business_m,active,2026-04-15,
sub_003689,cus_003682,price_pro_m,active,2026-04-30,
sub_003690,cus_003683,price_pro_m,active,2026-04-07,
sub_003691,cus_003684,price_starter_m,active,2026-04-02,
sub_003692,cus_003685,price_starter_y,active,2026-04-04,
sub_003693,cus_003686,price_enterprise_m,active,2026-04-25,
sub_003694,cus_003687,price_starter_y,active,2026-04-15,
sub_003696,cus_003689,price_starter_m,active,2026-04-14,
sub_003697,cus_003690,price_enterprise_m,active,2026-04-20,
sub_003699,cus_003692,price_starter_y,active,2026-04-05,
sub_003700,cus_003693,price_free,active,2026-04-03,
sub_003701,cus_003694,price_starter_m,active,2026-04-03,
sub_003702,cus_003695,price_pro_m,active,2026-04-01,
sub_003703,cus_003696,price_starter_m,active,2026-04-13,
sub_003704,cus_003697,price_free,active,2026-04-19,
sub_003705,cus_003698,price_starter_m,active,2026-04-14,
sub_003707,cus_003700,price_starter_m,active,2026-04-01,
sub_003708,cus_003701,price_free,active,2026-04-22,
sub_003709,cus_003702,price_starter_m,active,2026-04-27,
sub_003710,cus_003703,price_free,active,2026-04-04,
sub_003711,cus_003704,price_business_m,active,2026-04-01,
sub_003713,cus_003706,price_starter_m,active,2026-04-10,
sub_003714,cus_003707,price_starter_y,active,2026-04-23,
sub_003715,cus_003708,price_starter_m,active,2026-04-15,
sub_003716,cus_003709,price_starter_m,active,2026-04-22,
sub_003717,cus_003710,price_business_m,active,2026-04-12,
sub_003718,cus_003711,price_business_m,active,2026-04-26,
sub_003719,cus_003712,price_free,active,2026-04-14,
sub_003720,cus_003713,price_business_m,active,2026-04-28,
sub_003721,cus_003714,price_enterprise_m,active,2026-04-22,
sub_003722,cus_003715,price_enterprise_m,active,2026-04-02,
sub_003724,cus_003717,price_business_y,active,2026-04-10,
sub_003725,cus_003718,price_pro_m,active,2026-04-09,
sub_003726,cus_003719,price_business_m,active,2026-04-11,
sub_003727,cus_003720,price_free,active,2026-04-02,
sub_003728,cus_003721,price_pro_m,active,2026-04-12,
sub_003729,cus_003722,price_pro_m,active,2026-04-24,
sub_003730,cus_003723,price_business_m,active,2026-04-03,
sub_003731,cus_003724,price_starter_m,active,2026-04-26,
sub_003732,cus_003725,price_starter_m,active,2026-04-27,
sub_003733,cus_003726,price_starter_y,active,2026-04-04,
sub_003734,cus_003727,price_pro_m,active,2026-04-05,
sub_003735,cus_003728,price_starter_m,active,2026-04-28,
sub_003736,cus_003729,price_pro_y,active,2026-04-15,
sub_003737,cus_003730,price_free,active,2026-04-16,
sub_003738,cus_003731,price_pro_m,active,2026-04-13,
sub_003739,cus_003732,price_pro_m,active,2026-04-02,
sub_003740,cus_003733,price_pro_m,active,2026-04-03,
sub_003741,cus_003734,price_business_m,active,2026-04-26,
sub_003742,cus_003735,price_starter_m,active,2026-04-11,
sub_003743,cus_003736,price_starter_m,active,2026-04-05,
sub_003744,cus_003737,price_starter_m,active,2026-04-14,
sub_003745,cus_003738,price_pro_m,active,2026-04-19,
sub_003746,cus_003739,price_starter_m,active,2026-04-01,
sub_003747,cus_003740,price_starter_m,active,2026-04-11,
sub_003749,cus_003742,price_free,active,2026-04-27,
sub_003750,cus_003743,price_free,active,2026-04-17,
sub_003751,cus_003744,price_starter_m,active,2026-04-28,
sub_003752,cus_003745,price_business_m,active,2026-04-26,
sub_003753,cus_003746,price_free,active,2026-04-24,
sub_003754,cus_003747,price_pro_m,active,2026-04-24,
sub_003755,cus_003748,price_pro_m,active,2026-04-26,
sub_003756,cus_003749,price_free,active,2026-04-09,
sub_003757,cus_003750,price_business_m,active,2026-04-27,
sub_003758,cus_003751,price_pro_m,active,2026-04-19,
sub_003759,cus_003752,price_starter_m,active,2026-04-10,
sub_003760,cus_003753,price_business_m,active,2026-04-30,
sub_003761,cus_003754,price_starter_m,active,2026-04-19,
sub_003762,cus_003755,price_free,active,2026-04-27,
sub_003763,cus_003756,price_business_m,active,2026-04-24,
sub_003764,cus_003757,price_starter_m,active,2026-04-08,
sub_003765,cus_003758,price_pro_m,active,2026-04-19,
sub_003766,cus_003759,price_free,active,2026-04-21,
sub_003767,cus_003760,price_starter_m,active,2026-04-07,
sub_003768,cus_003761,price_free,active,2026-04-03,
sub_003769,cus_003762,price_starter_m,active,2026-04-13,
sub_003770,cus_003763,price_starter_m,active,2026-04-03,
sub_003771,cus_003764,price_pro_m,active,2026-04-05,
sub_003772,cus_003765,price_free,active,2026-04-10,
sub_003773,cus_003766,price_pro_m,active,2026-04-02,
sub_003774,cus_003767,price_starter_m,active,2026-04-29,
sub_003775,cus_003768,price_pro_m,active,2026-04-03,
sub_003776,cus_003769,price_enterprise_m,active,2026-04-09,
sub_003777,cus_003770,price_pro_m,active,2026-04-08,
sub_003778,cus_003771,price_pro_y,active,2026-04-07,
sub_003779,cus_003772,price_pro_y,active,2026-04-26,
sub_003780,cus_003773,price_pro_m,active,2026-04-14,
sub_003781,cus_003774,price_free,active,2026-04-05,
sub_003782,cus_003775,price_starter_m,active,2026-04-16,
sub_003783,cus_003776,price_starter_y,active,2026-04-24,
sub_003784,cus_003777,price_starter_m,active,2026-04-02,
sub_003785,cus_003778,price_free,active,2026-04-05,
sub_003786,cus_003779,price_starter_y,active,2026-04-28,
sub_003787,cus_003780,price_business_y,active,2026-04-14,
sub_003788,cus_003781,price_enterprise_m,active,2026-04-09,
sub_003789,cus_003782,price_pro_m,active,2026-04-22,
sub_003790,cus_003783,price_pro_m,active,2026-04-21,
sub_003791,cus_003784,price_starter_m,active,2026-04-26,
sub_003792,cus_003785,price_starter_m,active,2026-04-16,
sub_003793,cus_003786,price_pro_y,active,2026-04-02,
sub_003794,cus_003787,price_pro_m,active,2026-04-09,
sub_003795,cus_003788,price_starter_m,active,2026-04-25,
sub_003796,cus_003789,price_enterprise_m,active,2026-04-11,
sub_003797,cus_003790,price_business_m,active,2026-04-22,
sub_003798,cus_003791,price_pro_m,active,2026-04-09,
sub_003799,cus_003792,price_free,active,2026-04-17,
sub_003800,cus_003793,price_enterprise_m,active,2026-04-25,
sub_003801,cus_003794,price_enterprise_m,active,2026-04-17,
sub_003802,cus_003795,price_starter_m,active,2026-04-03,
sub_003803,cus_003796,price_starter_y,active,2026-04-20,
sub_003804,cus_003797,price_starter_m,active,2026-04-30,
sub_003805,cus_003798,price_starter_m,active,2026-04-09,
sub_003806,cus_003799,price_business_m,active,2026-04-30,
sub_003807,cus_003800,price_pro_m,active,2026-04-20,
sub_003808,cus_003801,price_free,active,2026-04-30,
sub_003809,cus_003802,price_pro_y,active,2026-04-02,
sub_003810,cus_003803,price_pro_m,active,2026-04-02,
sub_003811,cus_003804,price_enterprise_m,active,2026-04-24,
sub_003812,cus_003805,price_free,active,2026-04-10,
sub_003813,cus_003806,price_business_m,active,2026-04-07,
sub_003814,cus_003807,price_business_m,active,2026-04-28,
sub_003815,cus_003808,price_free,active,2026-04-18,
sub_003816,cus_003809,price_free,active,2026-04-05,
sub_003817,cus_003810,price_pro_m,active,2026-04-23,
sub_003818,cus_003811,price_business_m,active,2026-04-11,
sub_003819,cus_003812,price_free,active,2026-04-07,
sub_003821,cus_003814,price_pro_m,active,2026-04-14,
sub_003822,cus_003815,price_free,active,2026-04-28,
sub_003823,cus_003816,price_free,active,2026-04-10,
sub_003824,cus_003817,price_free,active,2026-04-22,
sub_003825,cus_003818,price_business_y,active,2026-04-05,
sub_003826,cus_003819,price_enterprise_m,active,2026-04-24,
sub_003827,cus_003820,price_starter_m,active,2026-04-03,
sub_003829,cus_003822,price_business_m,active,2026-04-17,
sub_003830,cus_003823,price_starter_m,active,2026-04-09,
sub_003831,cus_003824,price_free,active,2026-04-11,
sub_003832,cus_003825,price_business_m,active,2026-04-14,
sub_003833,cus_003826,price_business_m,active,2026-04-15,
sub_003834,cus_003827,price_business_y,active,2026-04-09,
sub_003835,cus_003828,price_free,active,2026-04-22,
sub_003836,cus_003829,price_enterprise_m,active,2026-04-01,
sub_003837,cus_003830,price_pro_m,active,2026-04-10,
sub_003838,cus_003831,price_starter_m,active,2026-04-23,
sub_003839,cus_003832,price_free,active,2026-04-19,
sub_003840,cus_003833,price_starter_m,active,2026-04-26,
sub_003841,cus_003834,price_starter_m,active,2026-04-02,
sub_003842,cus_003835,price_pro_y,active,2026-04-25,
sub_003843,cus_003836,price_starter_m,active,2026-04-02,
sub_003844,cus_003837,price_starter_m,active,2026-04-19,
sub_003845,cus_003838,price_enterprise_m,active,2026-04-20,
sub_003846,cus_003839,price_enterprise_m,active,2026-04-16,
sub_003847,cus_003840,price_business_m,active,2026-04-17,
sub_003848,cus_003841,price_starter_m,active,2026-04-09,
sub_003849,cus_003842,price_business_m,active,2026-04-05,
sub_003850,cus_003843,price_starter_m,active,2026-04-18,
sub_003851,cus_003844,price_business_m,active,2026-04-27,
sub_003852,cus_003845,price_starter_m,active,2026-04-26,
sub_003853,cus_003846,price_free,active,2026-04-25,
sub_003854,cus_003847,price_free,active,2026-04-30,
sub_003855,cus_003848,price_free,active,2026-04-20,
sub_003856,cus_003849,price_starter_m,active,2026-04-26,
sub_003857,cus_003850,price_starter_m,active,2026-04-18,
sub_003858,cus_003851,price_starter_m,active,2026-04-04,
sub_003859,cus_003852,price_free,active,2026-04-07,
sub_003860,cus_003853,price_starter_m,active,2026-04-21,
sub_003861,cus_003854,price_business_m,active,2026-04-25,
sub_003862,cus_003855,price_starter_m,active,2026-04-19,
sub_003863,cus_003856,price_pro_m,active,2026-04-13,
sub_003864,cus_003857,price_free,active,2026-04-19,
sub_003865,cus_003858,price_enterprise_m,active,2026-04-13,
sub_003866,cus_003859,price_starter_m,active,2026-04-04,
sub_003867,cus_003860,price_enterprise_m,active,2026-04-24,
sub_003868,cus_003861,price_pro_y,active,2026-04-05,
sub_003869,cus_003862,price_starter_m,active,2026-04-24,
sub_003871,cus_003864,price_pro_m,active,2026-04-17,
sub_003872,cus_003865,price_starter_m,active,2026-04-01,
sub_003873,cus_003866,price_free,active,2026-04-09,
sub_003874,cus_003867,price_free,active,2026-04-19,
sub_003875,cus_003868,price_free,active,2026-04-27,
sub_003876,cus_003869,price_starter_m,active,2026-04-23,
sub_003877,cus_003870,price_pro_m,active,2026-04-06,
sub_003878,cus_003871,price_starter_m,active,2026-04-11,
sub_003879,cus_003872,price_pro_m,active,2026-04-22,
sub_003880,cus_003873,price_enterprise_m,active,2026-04-06,
sub_003882,cus_003875,price_starter_m,active,2026-04-04,
sub_003883,cus_003876,price_starter_m,active,2026-04-03,
sub_003884,cus_003877,price_enterprise_m,active,2026-04-11,
sub_003885,cus_003878,price_pro_m,active,2026-04-15,
sub_003886,cus_003879,price_business_m,active,2026-04-24,
sub_003887,cus_003880,price_pro_y,active,2026-04-29,
sub_003888,cus_003881,price_enterprise_m,active,2026-04-05,
sub_003889,cus_003882,price_starter_y,active,2026-04-30,
sub_003890,cus_003883,price_business_y,active,2026-04-26,
sub_003891,cus_003884,price_pro_m,active,2026-04-02,
sub_003892,cus_003885,price_pro_y,active,2026-04-18,
sub_003893,cus_003886,price_pro_m,active,2026-04-03,
sub_003894,cus_003887,price_business_m,active,2026-04-21,
sub_003895,cus_003888,price_pro_m,active,2026-04-03,
sub_003897,cus_003890,price_free,active,2026-04-19,
sub_003898,cus_003891,price_free,active,2026-04-24,
sub_003899,cus_003892,price_free,active,2026-04-11,
sub_003900,cus_000632,price_starter_m,active,2026-04-11,
sub_003901,cus_003893,price_free,active,2026-05-29,
sub_003902,cus_003894,price_business_m,active,2026-05-20,
sub_003903,cus_003895,price_business_m,active,2026-05-09,
sub_003904,cus_003896,price_pro_y,active,2026-05-15,
sub_003905,cus_003897,price_pro_m,active,2026-05-11,
sub_003906,cus_003898,price_pro_m,active,2026-05-05,
sub_003907,cus_003899,price_starter_y,active,2026-05-07,
sub_003908,cus_003900,price_pro_m,active,2026-05-24,
sub_003909,cus_003901,price_free,active,2026-05-15,
sub_003910,cus_003902,price_free,active,2026-05-12,
sub_003911,cus_003903,price_free,active,2026-05-30,
sub_003912,cus_003904,price_free,active,2026-05-18,
sub_003913,cus_003905,price_free,active,2026-05-28,
sub_003914,cus_003906,price_free,active,2026-05-16,
sub_003915,cus_003907,price_business_m,active,2026-05-25,
sub_003916,cus_003908,price_free,active,2026-05-17,
sub_003917,cus_003909,price_business_y,active,2026-05-16,
sub_003918,cus_003910,price_pro_m,active,2026-05-01,
sub_003919,cus_003911,price_business_m,active,2026-05-16,
sub_003920,cus_003912,price_free,active,2026-05-16,
sub_003921,cus_003913,price_business_y,active,2026-05-11,
sub_003922,cus_003914,price_pro_m,active,2026-05-16,
sub_003924,cus_003916,price_enterprise_m,active,2026-05-15,
sub_003925,cus_003917,price_pro_m,active,2026-05-02,
sub_003926,cus_003918,price_pro_m,active,2026-05-29,
sub_003927,cus_003919,price_starter_m,active,2026-05-09,
sub_003928,cus_003920,price_business_y,active,2026-05-14,
sub_003929,cus_003921,price_business_m,active,2026-05-26,
sub_003930,cus_003922,price_free,active,2026-05-16,
sub_003931,cus_003923,price_enterprise_m,active,2026-05-06,
sub_003932,cus_003924,price_pro_y,active,2026-05-26,
sub_003933,cus_003925,price_starter_m,active,2026-05-28,
sub_003934,cus_003926,price_enterprise_m,active,2026-05-07,
sub_003935,cus_003927,price_starter_m,active,2026-05-11,
sub_003936,cus_003928,price_pro_m,active,2026-05-07,
sub_003937,cus_003929,price_pro_m,active,2026-05-01,
sub_003938,cus_003930,price_pro_m,active,2026-05-01,
sub_003939,cus_003931,price_free,active,2026-05-08,
sub_003940,cus_003932,price_starter_m,active,2026-05-10,
sub_003941,cus_003933,price_business_m,active,2026-05-08,
sub_003942,cus_003934,price_starter_m,active,2026-05-29,
sub_003943,cus_003935,price_pro_m,active,2026-05-25,
sub_003944,cus_003936,price_free,active,2026-05-30,
sub_003945,cus_003937,price_enterprise_m,active,2026-05-10,
sub_003946,cus_003938,price_pro_m,active,2026-05-27,
sub_003947,cus_003939,price_enterprise_m,active,2026-05-15,
sub_003948,cus_003940,price_free,active,2026-05-21,
sub_003949,cus_003941,price_enterprise_m,active,2026-05-09,
sub_003950,cus_003942,price_pro_m,active,2026-05-25,
sub_003951,cus_003943,price_free,active,2026-05-03,
sub_003953,cus_003945,price_enterprise_m,active,2026-05-11,
sub_003954,cus_003946,price_free,active,2026-05-03,
sub_003955,cus_003947,price_free,active,2026-05-22,
sub_003956,cus_003948,price_pro_m,active,2026-05-13,
sub_003957,cus_003949,price_starter_m,active,2026-05-04,
sub_003958,cus_003950,price_pro_m,active,2026-05-11,
sub_003959,cus_003951,price_free,active,2026-05-17,
sub_003960,cus_003952,price_enterprise_m,active,2026-05-19,
sub_003962,cus_003954,price_starter_m,active,2026-05-12,
sub_003963,cus_003955,price_free,active,2026-05-03,
sub_003964,cus_003956,price_free,active,2026-05-19,
sub_003965,cus_003957,price_free,active,2026-05-04,
sub_003966,cus_003958,price_free,active,2026-05-28,
sub_003967,cus_003959,price_pro_m,active,2026-05-19,
sub_003968,cus_003960,price_free,active,2026-05-26,
sub_003969,cus_003961,price_free,active,2026-05-22,
sub_003970,cus_003962,price_starter_m,active,2026-05-15,
sub_003971,cus_003963,price_starter_m,active,2026-05-14,
sub_003972,cus_003964,price_starter_m,active,2026-05-31,
sub_003973,cus_003965,price_starter_m,active,2026-05-04,
sub_003974,cus_003966,price_free,active,2026-05-12,
sub_003975,cus_003967,price_pro_m,active,2026-05-12,
sub_003976,cus_003968,price_starter_m,active,2026-05-15,
sub_003977,cus_003969,price_starter_m,active,2026-05-09,
sub_003978,cus_003970,price_starter_m,active,2026-05-11,
sub_003979,cus_003971,price_starter_m,active,2026-05-14,
sub_003980,cus_003972,price_enterprise_m,active,2026-05-20,
sub_003981,cus_003973,price_starter_m,active,2026-05-22,
sub_003982,cus_003974,price_enterprise_m,active,2026-05-12,
sub_003983,cus_003975,price_starter_m,active,2026-05-07,
sub_003985,cus_003977,price_free,active,2026-05-24,
sub_003986,cus_003978,price_free,active,2026-05-03,
sub_003987,cus_003979,price_starter_m,active,2026-05-12,
sub_003988,cus_003980,price_starter_m,active,2026-05-09,
sub_003989,cus_003981,price_business_m,active,2026-05-13,
sub_003990,cus_003982,price_business_y,active,2026-05-15,
sub_003992,cus_003984,price_business_m,active,2026-05-12,
sub_003993,cus_003985,price_enterprise_m,active,2026-05-12,
sub_003994,cus_003986,price_free,active,2026-05-26,
sub_003995,cus_003987,price_free,active,2026-05-14,
sub_003996,cus_003988,price_pro_y,active,2026-05-07,
sub_003997,cus_003989,price_pro_m,active,2026-05-13,
sub_003998,cus_003990,price_pro_m,active,2026-05-26,
sub_003999,cus_003991,price_starter_m,active,2026-05-04,
sub_004000,cus_003992,price_free,active,2026-05-08,
sub_004001,cus_003993,price_pro_y,active,2026-05-11,
sub_004002,cus_003994,price_business_m,active,2026-05-03,
sub_004003,cus_003995,price_free,active,2026-05-30,
sub_004004,cus_003996,price_enterprise_m,active,2026-05-24,
sub_004005,cus_003997,price_pro_m,active,2026-05-01,
sub_004006,cus_003998,price_pro_m,active,2026-05-26,
sub_004007,cus_003999,price_pro_m,active,2026-05-05,
sub_004008,cus_004000,price_free,active,2026-05-28,
sub_004009,cus_004001,price_free,active,2026-05-25,
sub_004010,cus_004002,price_pro_y,active,2026-05-25,
sub_004011,cus_004003,price_pro_m,active,2026-05-09,
sub_004012,cus_004004,price_free,active,2026-05-27,
sub_004013,cus_004005,price_free,active,2026-05-24,
sub_004014,cus_004006,price_business_m,active,2026-05-14,
sub_004015,cus_004007,price_pro_m,active,2026-05-21,
sub_004016,cus_004008,price_business_m,active,2026-05-02,
sub_004017,cus_004009,price_starter_m,active,2026-05-16,
sub_004018,cus_004010,price_enterprise_m,active,2026-05-12,
sub_004020,cus_004012,price_business_m,active,2026-05-18,
sub_004021,cus_004013,price_starter_m,active,2026-05-16,
sub_004022,cus_004014,price_starter_m,active,2026-05-20,
sub_004023,cus_004015,price_starter_m,active,2026-05-21,
sub_004024,cus_004016,price_pro_m,active,2026-05-30,
sub_004025,cus_004017,price_free,active,2026-05-18,
sub_004026,cus_004018,price_pro_m,active,2026-05-12,
sub_004027,cus_004019,price_starter_m,active,2026-05-05,
sub_004028,cus_004020,price_pro_m,active,2026-05-27,
sub_004029,cus_004021,price_pro_m,active,2026-05-21,
sub_004030,cus_004022,price_pro_m,active,2026-05-07,
sub_004031,cus_004023,price_free,active,2026-05-22,
sub_004032,cus_004024,price_starter_m,active,2026-05-09,
sub_004033,cus_004025,price_business_m,active,2026-05-06,
sub_004034,cus_004026,price_business_m,active,2026-05-15,
sub_004035,cus_004027,price_business_m,active,2026-05-22,
sub_004036,cus_004028,price_business_m,active,2026-05-01,
sub_004037,cus_004029,price_free,active,2026-05-06,
sub_004038,cus_004030,price_starter_m,active,2026-05-12,
sub_004039,cus_004031,price_business_m,active,2026-05-07,
sub_004040,cus_004032,price_enterprise_m,active,2026-05-02,
sub_004041,cus_004033,price_pro_m,active,2026-05-21,
sub_004042,cus_004034,price_pro_m,active,2026-05-08,
sub_004043,cus_004035,price_starter_m,active,2026-05-02,
sub_004044,cus_004036,price_free,active,2026-05-08,
sub_004045,cus_004037,price_business_y,active,2026-05-28,
sub_004046,cus_004038,price_starter_m,active,2026-05-15,
sub_004047,cus_004039,price_pro_m,active,2026-05-18,
sub_004048,cus_004040,price_starter_m,active,2026-05-04,
sub_004049,cus_004041,price_free,active,2026-05-15,
sub_004050,cus_004042,price_business_y,active,2026-05-05,
sub_004051,cus_004043,price_business_m,active,2026-05-03,
sub_004052,cus_004044,price_free,active,2026-05-24,
sub_004053,cus_004045,price_pro_m,active,2026-05-28,
sub_004054,cus_004046,price_enterprise_m,active,2026-05-04,
sub_004055,cus_004047,price_starter_m,active,2026-05-21,
sub_004056,cus_004048,price_business_m,active,2026-05-12,
sub_004057,cus_004049,price_free,active,2026-05-13,
sub_004058,cus_004050,price_enterprise_m,active,2026-05-24,
sub_004059,cus_004051,price_free,active,2026-05-05,
sub_004060,cus_004052,price_free,active,2026-05-24,
sub_004061,cus_004053,price_starter_m,active,2026-05-26,
sub_004062,cus_004054,price_starter_m,active,2026-05-13,
sub_004063,cus_004055,price_pro_y,active,2026-05-15,
sub_004064,cus_004056,price_business_m,active,2026-05-15,
sub_004066,cus_004058,price_pro_m,active,2026-05-02,
sub_004067,cus_004059,price_free,active,2026-05-10,
sub_004068,cus_004060,price_starter_m,active,2026-05-20,
sub_004069,cus_004061,price_free,active,2026-05-02,
sub_004070,cus_004062,price_business_m,active,2026-05-15,
sub_004071,cus_004063,price_starter_m,active,2026-05-15,
sub_004072,cus_004064,price_starter_m,active,2026-05-08,
sub_004073,cus_004065,price_business_m,active,2026-05-26,
sub_004074,cus_004066,price_pro_m,active,2026-05-30,
sub_004075,cus_004067,price_starter_m,active,2026-05-04,
sub_004076,cus_004068,price_enterprise_m,active,2026-05-09,
sub_004077,cus_004069,price_enterprise_m,active,2026-05-11,
sub_004078,cus_004070,price_business_m,active,2026-05-10,
sub_004079,cus_004071,price_free,active,2026-05-06,
sub_004080,cus_004072,price_pro_m,active,2026-05-26,
sub_004081,cus_004073,price_free,active,2026-05-27,
sub_004082,cus_004074,price_free,active,2026-05-07,
sub_004083,cus_004075,price_business_m,active,2026-05-15,
sub_004084,cus_004076,price_free,active,2026-05-15,
sub_004085,cus_004077,price_starter_m,active,2026-05-18,
sub_004086,cus_004078,price_free,active,2026-05-03,
sub_004087,cus_004079,price_pro_m,active,2026-05-14,
sub_004088,cus_004080,price_starter_m,active,2026-05-22,
sub_004089,cus_004081,price_business_m,active,2026-05-05,
sub_004090,cus_004082,price_pro_m,active,2026-05-21,
sub_004091,cus_004083,price_free,active,2026-05-14,
sub_004092,cus_004084,price_pro_m,active,2026-05-15,
sub_004093,cus_004085,price_pro_m,active,2026-05-12,
sub_004095,cus_004087,price_pro_y,active,2026-05-05,
sub_004096,cus_004088,price_free,active,2026-05-14,
sub_004097,cus_004089,price_starter_m,active,2026-05-23,
sub_004098,cus_004090,price_starter_m,active,2026-05-12,
sub_004099,cus_004091,price_starter_m,active,2026-05-05,
sub_004100,cus_004092,price_business_m,active,2026-05-02,
sub_004101,cus_004093,price_enterprise_m,active,2026-05-21,
sub_004102,cus_004094,price_starter_m,active,2026-05-23,
sub_004103,cus_004095,price_free,active,2026-05-13,
sub_004104,cus_004096,price_starter_m,active,2026-05-19,
sub_004105,cus_004097,price_starter_y,active,2026-05-25,
sub_004106,cus_004098,price_starter_m,active,2026-05-25,
sub_004107,cus_004099,price_business_m,active,2026-05-27,
sub_004108,cus_004100,price_pro_m,active,2026-05-03,
sub_004109,cus_004101,price_business_y,active,2026-05-30,
sub_004110,cus_004102,price_pro_m,active,2026-05-15,
sub_004111,cus_004103,price_pro_y,active,2026-05-02,
sub_004113,cus_004105,price_enterprise_m,active,2026-05-01,
sub_004114,cus_004106,price_pro_m,active,2026-05-13,
sub_004115,cus_004107,price_pro_m,active,2026-05-24,
sub_004116,cus_004108,price_business_m,active,2026-05-14,
sub_004117,cus_004109,price_starter_m,active,2026-05-26,
sub_004118,cus_004110,price_pro_m,active,2026-05-28,
sub_004119,cus_004111,price_starter_m,active,2026-05-17,
sub_004120,cus_004112,price_starter_m,active,2026-05-20,
sub_004121,cus_004113,price_starter_y,active,2026-05-18,
sub_004122,cus_004114,price_business_m,active,2026-05-27,
sub_004123,cus_004115,price_starter_y,active,2026-05-03,
sub_004124,cus_004116,price_starter_m,active,2026-05-20,
sub_004125,cus_004117,price_free,active,2026-05-29,
sub_004126,cus_004118,price_business_m,active,2026-05-23,
sub_004127,cus_004119,price_business_m,active,2026-05-11,
sub_004128,cus_004120,price_pro_m,active,2026-05-27,
sub_004129,cus_004121,price_free,active,2026-05-13,
sub_004130,cus_004122,price_business_m,active,2026-05-26,
sub_004131,cus_004123,price_business_m,active,2026-05-26,
sub_004132,cus_004124,price_enterprise_m,active,2026-05-28,
sub_004133,cus_004125,price_starter_m,active,2026-05-05,
sub_004134,cus_004126,price_pro_m,active,2026-05-22,
sub_004135,cus_004127,price_starter_m,active,2026-05-07,
sub_004136,cus_004128,price_business_m,active,2026-05-13,
sub_004137,cus_004129,price_starter_m,active,2026-05-04,
sub_004138,cus_004130,price_starter_m,active,2026-05-04,
sub_004139,cus_004131,price_starter_y,active,2026-05-31,
sub_004140,cus_004132,price_enterprise_m,active,2026-05-07,
sub_004141,cus_004133,price_business_m,active,2026-05-21,
sub_004142,cus_004134,price_starter_m,active,2026-05-18,
sub_004143,cus_004135,price_pro_m,active,2026-05-03,
sub_004144,cus_004136,price_enterprise_m,active,2026-05-11,
sub_004145,cus_004137,price_enterprise_m,active,2026-05-03,
sub_004146,cus_004138,price_free,active,2026-05-24,
sub_004147,cus_004139,price_free,active,2026-05-22,
sub_004148,cus_004140,price_starter_m,active,2026-05-27,
sub_004149,cus_004141,price_starter_m,active,2026-05-27,
sub_004150,cus_004142,price_pro_m,active,2026-05-27,
sub_004151,cus_004143,price_pro_m,active,2026-05-13,
sub_004152,cus_004144,price_pro_m,active,2026-05-14,
sub_004153,cus_004145,price_starter_m,active,2026-05-20,
sub_004154,cus_004146,price_pro_m,active,2026-05-17,
sub_004155,cus_004147,price_business_y,active,2026-05-15,
sub_004156,cus_004148,price_pro_y,active,2026-05-16,
sub_004157,cus_004149,price_starter_m,active,2026-05-14,
sub_004158,cus_004150,price_free,active,2026-05-03,
sub_004159,cus_004151,price_pro_m,active,2026-05-14,
sub_004160,cus_004152,price_pro_m,active,2026-05-07,
sub_004161,cus_004153,price_starter_m,active,2026-05-27,
sub_004162,cus_004154,price_starter_m,active,2026-05-21,
sub_004163,cus_004155,price_free,active,2026-05-22,
sub_004164,cus_004156,price_business_m,active,2026-05-02,
sub_004165,cus_004157,price_starter_m,active,2026-05-15,
sub_004166,cus_004158,price_free,active,2026-05-22,
sub_004167,cus_004159,price_pro_y,active,2026-05-16,
sub_004168,cus_004160,price_starter_m,active,2026-05-21,
sub_004169,cus_004161,price_starter_y,active,2026-05-27,
sub_004170,cus_004162,price_business_m,active,2026-05-02,
sub_004171,cus_004163,price_enterprise_m,active,2026-05-05,
sub_004172,cus_004164,price_free,active,2026-05-29,
sub_004173,cus_004165,price_pro_m,active,2026-05-21,
sub_004174,cus_004166,price_free,active,2026-05-09,
sub_004175,cus_004167,price_starter_m,active,2026-05-19,
sub_004176,cus_004168,price_enterprise_m,active,2026-05-13,
sub_004177,cus_004169,price_starter_m,active,2026-05-17,
sub_004179,cus_004171,price_pro_y,active,2026-05-24,
sub_004181,cus_004173,price_starter_m,active,2026-05-27,
sub_004182,cus_004174,price_free,active,2026-05-06,
sub_004183,cus_004175,price_free,active,2026-05-15,
sub_004184,cus_004176,price_pro_m,active,2026-05-20,
sub_004185,cus_004177,price_starter_m,active,2026-05-26,
sub_004186,cus_004178,price_pro_m,active,2026-05-14,
sub_004187,cus_004179,price_pro_m,active,2026-05-30,
sub_004188,cus_004180,price_pro_m,active,2026-05-24,
sub_004189,cus_004181,price_business_m,active,2026-05-04,
sub_004190,cus_004182,price_pro_m,active,2026-05-26,
sub_004191,cus_004183,price_pro_y,active,2026-05-02,
sub_004192,cus_004184,price_pro_y,active,2026-05-06,
sub_004193,cus_004185,price_starter_m,active,2026-05-12,
sub_004194,cus_004186,price_pro_m,active,2026-05-26,
sub_004195,cus_004187,price_starter_m,active,2026-05-30,
sub_004196,cus_004188,price_starter_m,active,2026-05-25,
sub_004197,cus_004189,price_free,active,2026-05-15,
sub_004198,cus_004190,price_pro_m,active,2026-05-21,
sub_004199,cus_004191,price_pro_y,active,2026-05-27,
sub_004200,cus_004192,price_starter_m,active,2026-05-13,
sub_004201,cus_004193,price_starter_m,active,2026-05-10,
sub_004202,cus_004194,price_business_m,active,2026-05-28,
sub_004203,cus_004195,price_business_m,active,2026-05-24,
sub_004204,cus_004196,price_enterprise_m,active,2026-05-04,
sub_004205,cus_004197,price_enterprise_m,active,2026-05-12,
sub_004206,cus_004198,price_pro_m,active,2026-05-27,
sub_004207,cus_004199,price_free,active,2026-05-21,
sub_004208,cus_004200,price_pro_m,active,2026-05-26,
sub_004209,cus_004201,price_free,active,2026-05-13,
sub_004210,cus_004202,price_free,active,2026-06-29,
sub_004211,cus_004203,price_starter_m,active,2026-06-18,
sub_004212,cus_004204,price_free,active,2026-06-03,
sub_004213,cus_004205,price_starter_m,active,2026-06-15,
sub_004214,cus_004206,price_free,active,2026-06-16,
sub_004215,cus_004207,price_starter_m,active,2026-06-20,
sub_004216,cus_004208,price_free,active,2026-06-03,
sub_004217,cus_004209,price_free,active,2026-06-30,
sub_004218,cus_004210,price_pro_m,active,2026-06-13,
sub_004219,cus_004211,price_starter_y,active,2026-06-15,
sub_004220,cus_004212,price_pro_m,active,2026-06-09,
sub_004221,cus_004213,price_business_m,active,2026-06-18,
sub_004222,cus_004214,price_free,active,2026-06-22,
sub_004223,cus_004215,price_free,active,2026-06-09,
sub_004224,cus_004216,price_free,active,2026-06-21,
sub_004225,cus_004217,price_starter_m,active,2026-06-18,
sub_004226,cus_004218,price_pro_m,active,2026-06-26,
sub_004227,cus_004219,price_pro_m,active,2026-06-28,
sub_004228,cus_004220,price_starter_m,active,2026-06-10,
sub_004229,cus_004221,price_free,active,2026-06-09,
sub_004230,cus_004222,price_business_m,active,2026-06-07,
sub_004231,cus_004223,price_business_m,active,2026-06-14,
sub_004232,cus_004224,price_starter_m,active,2026-06-14,
sub_004233,cus_004225,price_enterprise_m,active,2026-06-24,
sub_004234,cus_004226,price_pro_m,active,2026-06-11,
sub_004235,cus_004227,price_business_m,active,2026-06-12,
sub_004236,cus_004228,price_free,active,2026-06-16,
sub_004237,cus_004229,price_starter_m,active,2026-06-27,
sub_004238,cus_004230,price_starter_m,active,2026-06-13,
sub_004239,cus_004231,price_pro_m,active,2026-06-10,
sub_004240,cus_004232,price_business_m,active,2026-06-17,
sub_004241,cus_004233,price_pro_m,active,2026-06-15,
sub_004242,cus_004234,price_starter_m,active,2026-06-21,
sub_004243,cus_004235,price_starter_m,active,2026-06-13,
sub_004244,cus_004236,price_free,active,2026-06-02,
sub_004245,cus_004237,price_starter_m,active,2026-06-03,
sub_004246,cus_004238,price_starter_m,active,2026-06-06,
sub_004247,cus_004239,price_free,active,2026-06-16,
sub_004248,cus_004240,price_starter_m,active,2026-06-05,
sub_004249,cus_004241,price_pro_m,active,2026-06-24,
sub_004250,cus_004242,price_starter_m,active,2026-06-23,
sub_004251,cus_004243,price_pro_m,active,2026-06-21,
sub_004252,cus_004244,price_pro_m,active,2026-06-12,
sub_004253,cus_004245,price_enterprise_m,active,2026-06-03,
sub_004254,cus_004246,price_pro_m,active,2026-06-15,
sub_004255,cus_004247,price_starter_m,active,2026-06-24,
sub_004256,cus_004248,price_pro_m,active,2026-06-25,
sub_004257,cus_004249,price_free,active,2026-06-12,
sub_004258,cus_004250,price_starter_m,active,2026-06-30,
sub_004259,cus_004251,price_starter_m,active,2026-06-03,
sub_004260,cus_004252,price_business_m,active,2026-06-01,
sub_004261,cus_004253,price_pro_y,active,2026-06-20,
sub_004262,cus_004254,price_free,active,2026-06-14,
sub_004263,cus_004255,price_business_m,active,2026-06-11,
sub_004264,cus_004256,price_starter_m,active,2026-06-18,
sub_004265,cus_004257,price_free,active,2026-06-13,
sub_004266,cus_004258,price_business_m,active,2026-06-09,
sub_004267,cus_004259,price_free,active,2026-06-29,
sub_004268,cus_004260,price_starter_y,active,2026-06-04,
sub_004269,cus_004261,price_free,active,2026-06-13,
sub_004270,cus_004262,price_business_m,active,2026-06-22,
sub_004271,cus_004263,price_pro_m,active,2026-06-26,
sub_004272,cus_004264,price_business_y,active,2026-06-09,
sub_004273,cus_004265,price_starter_m,active,2026-06-21,
sub_004274,cus_004266,price_business_y,active,2026-06-21,
sub_004275,cus_004267,price_free,active,2026-06-02,
sub_004276,cus_004268,price_starter_m,active,2026-06-24,
sub_004277,cus_004269,price_free,active,2026-06-08,
sub_004278,cus_004270,price_free,active,2026-06-07,
sub_004279,cus_004271,price_pro_m,active,2026-06-02,
sub_004280,cus_004272,price_starter_m,active,2026-06-30,
sub_004281,cus_004273,price_free,active,2026-06-14,
sub_004282,cus_004274,price_starter_m,active,2026-06-20,
sub_004283,cus_004275,price_starter_m,active,2026-06-17,
sub_004284,cus_004276,price_pro_m,active,2026-06-20,
sub_004285,cus_004277,price_business_m,active,2026-06-08,
sub_004286,cus_004278,price_pro_m,active,2026-06-07,
sub_004287,cus_004279,price_business_m,active,2026-06-02,
sub_004288,cus_004280,price_business_m,active,2026-06-11,
sub_004289,cus_004281,price_business_m,active,2026-06-05,
sub_004290,cus_004282,price_starter_m,active,2026-06-01,
sub_004291,cus_004283,price_starter_m,active,2026-06-29,
sub_004292,cus_004284,price_pro_m,active,2026-06-12,
sub_004293,cus_004285,price_pro_m,active,2026-06-26,
sub_004294,cus_004286,price_starter_m,active,2026-06-23,
sub_004295,cus_004287,price_free,active,2026-06-06,
sub_004296,cus_004288,price_starter_m,active,2026-06-21,
sub_004297,cus_004289,price_free,active,2026-06-25,
sub_004298,cus_004290,price_business_m,active,2026-06-05,
sub_004299,cus_004291,price_pro_m,active,2026-06-27,
sub_004300,cus_004292,price_pro_m,active,2026-06-25,
sub_004301,cus_004293,price_pro_m,active,2026-06-14,
sub_004302,cus_004294,price_starter_m,active,2026-06-01,
sub_004303,cus_004295,price_starter_y,active,2026-06-02,
sub_004304,cus_004296,price_pro_m,active,2026-06-30,
sub_004305,cus_004297,price_enterprise_m,active,2026-06-10,
sub_004306,cus_004298,price_enterprise_m,active,2026-06-08,
sub_004307,cus_004299,price_pro_m,active,2026-06-02,
sub_004308,cus_004300,price_starter_m,active,2026-06-06,
sub_004309,cus_004301,price_pro_y,active,2026-06-25,
sub_004310,cus_004302,price_pro_m,active,2026-06-04,
sub_004311,cus_004303,price_pro_m,active,2026-06-16,
sub_004312,cus_004304,price_pro_m,active,2026-06-19,
sub_004313,cus_004305,price_starter_m,active,2026-06-26,
sub_004314,cus_004306,price_pro_y,active,2026-06-24,
sub_004315,cus_004307,price_free,active,2026-06-20,
sub_004316,cus_004308,price_business_m,active,2026-06-27,
sub_004317,cus_004309,price_free,active,2026-06-03,
sub_004318,cus_004310,price_starter_m,active,2026-06-11,
sub_004319,cus_004311,price_free,active,2026-06-18,
sub_004320,cus_004312,price_starter_m,active,2026-06-16,
sub_004321,cus_004313,price_enterprise_m,active,2026-06-22,
sub_004322,cus_004314,price_free,active,2026-06-04,
sub_004323,cus_004315,price_free,active,2026-06-08,
sub_004324,cus_004316,price_business_m,active,2026-06-13,
sub_004325,cus_004317,price_starter_m,active,2026-06-21,
sub_004326,cus_004318,price_business_m,active,2026-06-23,
sub_004327,cus_004319,price_starter_y,active,2026-06-12,
sub_004328,cus_004320,price_starter_m,active,2026-06-23,
sub_004329,cus_004321,price_starter_m,active,2026-06-18,
sub_004330,cus_004322,price_starter_m,active,2026-06-25,
sub_004331,cus_004323,price_free,active,2026-06-24,
sub_004332,cus_004324,price_free,active,2026-06-03,
sub_004333,cus_004325,price_business_m,active,2026-06-04,
sub_004334,cus_004326,price_starter_m,active,2026-06-18,
sub_004335,cus_004327,price_starter_m,active,2026-06-09,
sub_004336,cus_004328,price_pro_m,active,2026-06-13,
sub_004337,cus_004329,price_starter_y,active,2026-06-18,
sub_004338,cus_004330,price_free,active,2026-06-20,
sub_004339,cus_004331,price_free,active,2026-06-06,
sub_004340,cus_004332,price_starter_m,active,2026-06-23,
sub_004341,cus_004333,price_starter_m,active,2026-06-24,
sub_004342,cus_004334,price_pro_y,active,2026-06-09,
sub_004343,cus_004335,price_business_m,active,2026-06-24,
sub_004344,cus_004336,price_business_m,active,2026-06-15,
sub_004345,cus_004337,price_starter_y,active,2026-06-18,
sub_004346,cus_004338,price_pro_m,active,2026-06-15,
sub_004347,cus_004339,price_pro_m,active,2026-06-09,
sub_004348,cus_004340,price_starter_m,active,2026-06-02,
sub_004349,cus_004341,price_pro_m,active,2026-06-10,
sub_004350,cus_004342,price_enterprise_m,active,2026-06-16,
sub_004351,cus_004343,price_business_m,active,2026-06-03,
sub_004352,cus_004344,price_business_m,active,2026-06-04,
sub_004353,cus_004345,price_starter_m,active,2026-06-02,
sub_004354,cus_004346,price_pro_m,active,2026-06-26,
sub_004355,cus_004347,price_business_m,active,2026-06-26,
sub_004356,cus_004348,price_free,active,2026-06-04,
sub_004357,cus_004349,price_starter_y,active,2026-06-08,
sub_004358,cus_004350,price_pro_m,active,2026-06-21,
sub_004359,cus_004351,price_starter_m,active,2026-06-02,
sub_004360,cus_004352,price_business_m,active,2026-06-01,
sub_004361,cus_004353,price_pro_y,active,2026-06-23,
sub_004362,cus_004354,price_free,active,2026-06-09,
sub_004363,cus_004355,price_free,active,2026-06-11,
sub_004364,cus_004356,price_pro_m,active,2026-06-10,
sub_004365,cus_004357,price_starter_m,active,2026-06-03,
sub_004366,cus_004358,price_free,active,2026-06-24,
sub_004367,cus_004359,price_enterprise_m,active,2026-06-22,
sub_004368,cus_004360,price_business_m,active,2026-06-26,
sub_004369,cus_004361,price_starter_m,active,2026-06-03,
sub_004370,cus_004362,price_business_m,active,2026-06-04,
sub_004371,cus_004363,price_business_m,active,2026-06-12,
sub_004372,cus_004364,price_pro_m,active,2026-06-17,
sub_004373,cus_004365,price_pro_m,active,2026-06-20,
sub_004374,cus_004366,price_business_m,active,2026-06-21,
sub_004375,cus_004367,price_starter_m,active,2026-06-03,
sub_004376,cus_004368,price_business_m,active,2026-06-30,
sub_004377,cus_004369,price_starter_m,active,2026-06-15,
sub_004378,cus_004370,price_pro_m,active,2026-06-11,
sub_004379,cus_004371,price_pro_m,active,2026-06-30,
sub_004380,cus_004372,price_free,active,2026-06-12,
sub_004381,cus_004373,price_pro_y,active,2026-06-15,
sub_004382,cus_004374,price_starter_m,active,2026-06-03,
sub_004383,cus_004375,price_starter_m,active,2026-06-25,
sub_004384,cus_004376,price_pro_m,active,2026-06-21,
sub_004385,cus_004377,price_free,active,2026-06-08,
sub_004386,cus_004378,price_free,active,2026-06-24,
sub_004387,cus_004379,price_free,active,2026-06-26,
sub_004388,cus_004380,price_pro_m,active,2026-06-09,
sub_004389,cus_004381,price_starter_m,active,2026-06-15,
sub_004390,cus_004382,price_pro_m,active,2026-06-28,
sub_004391,cus_004383,price_pro_m,active,2026-06-05,
sub_004392,cus_004384,price_pro_y,active,2026-06-06,
sub_004393,cus_004385,price_business_m,active,2026-06-05,
sub_004394,cus_004386,price_starter_m,active,2026-06-03,
sub_004395,cus_004387,price_pro_m,active,2026-06-14,
sub_004396,cus_004388,price_starter_m,active,2026-06-03,
sub_004397,cus_004389,price_starter_y,active,2026-06-03,
sub_004398,cus_004390,price_starter_y,active,2026-06-11,
sub_004399,cus_004391,price_pro_y,active,2026-06-26,
sub_004400,cus_004392,price_free,active,2026-06-20,
sub_004401,cus_004393,price_pro_m,active,2026-06-12,
sub_004402,cus_004394,price_pro_m,active,2026-06-05,
sub_004403,cus_004395,price_enterprise_m,active,2026-06-29,
sub_004404,cus_004396,price_business_m,active,2026-06-14,
sub_004405,cus_004397,price_starter_m,active,2026-06-06,
sub_004406,cus_004398,price_free,active,2026-06-02,
sub_004407,cus_004399,price_pro_y,active,2026-06-17,
sub_004408,cus_004400,price_business_m,active,2026-06-26,
sub_004409,cus_004401,price_starter_m,active,2026-06-11,
sub_004410,cus_004402,price_starter_m,active,2026-06-04,
sub_004411,cus_004403,price_pro_m,active,2026-06-17,
sub_004412,cus_004404,price_starter_y,active,2026-06-03,
sub_004413,cus_004405,price_business_m,active,2026-06-27,
sub_004414,cus_004406,price_pro_m,active,2026-06-28,
sub_004415,cus_004407,price_starter_m,active,2026-06-02,
sub_004416,cus_004408,price_pro_m,active,2026-06-04,
sub_004417,cus_004409,price_pro_m,active,2026-06-19,
sub_004418,cus_004410,price_starter_m,active,2026-06-02,
sub_004419,cus_004411,price_pro_m,active,2026-06-25,
sub_004420,cus_004412,price_starter_m,active,2026-06-10,
sub_004421,cus_004413,price_pro_m,active,2026-06-13,
sub_004422,cus_004414,price_pro_m,active,2026-06-18,
sub_004423,cus_004415,price_starter_m,active,2026-06-07,
sub_004424,cus_004416,price_pro_m,active,2026-06-29,
sub_004425,cus_004417,price_starter_m,active,2026-06-30,
sub_004426,cus_004418,price_starter_y,active,2026-06-01,
sub_004427,cus_004419,price_pro_m,active,2026-06-18,
sub_004428,cus_004420,price_starter_m,active,2026-06-08,
sub_004429,cus_004421,price_pro_m,active,2026-06-09,
sub_004430,cus_004422,price_pro_m,active,2026-06-05,
sub_004431,cus_004423,price_starter_m,active,2026-06-18,
sub_004432,cus_004424,price_enterprise_m,active,2026-06-02,
sub_004433,cus_004425,price_pro_m,active,2026-06-19,
sub_004434,cus_004426,price_pro_m,active,2026-06-20,
sub_004435,cus_004427,price_pro_m,active,2026-06-26,
sub_004436,cus_004428,price_starter_m,active,2026-06-14,
sub_004437,cus_004429,price_pro_m,active,2026-06-30,
sub_004438,cus_004430,price_starter_m,active,2026-06-22,
sub_004439,cus_004431,price_free,active,2026-06-17,
sub_004440,cus_004432,price_pro_m,active,2026-06-18,
sub_004441,cus_004433,price_free,active,2026-06-06,
sub_004442,cus_004434,price_starter_m,active,2026-06-10,
sub_004443,cus_004435,price_pro_m,active,2026-06-01,
sub_004444,cus_004436,price_starter_m,active,2026-06-25,
sub_004445,cus_004437,price_pro_y,active,2026-06-14,
sub_004446,cus_004438,price_free,active,2026-06-05,
sub_004447,cus_004439,price_free,active,2026-06-04,
sub_004448,cus_004440,price_free,active,2026-06-06,
sub_004449,cus_004441,price_pro_m,active,2026-06-15,
sub_004450,cus_004442,price_business_m,active,2026-06-23,
sub_004451,cus_004443,price_enterprise_m,active,2026-06-30,
sub_004452,cus_004444,price_pro_m,active,2026-06-11,
sub_004453,cus_004445,price_pro_m,active,2026-06-05,
sub_004454,cus_004446,price_starter_m,active,2026-06-12,
sub_004455,cus_004447,price_business_y,active,2026-06-24,
sub_004456,cus_004448,price_free,active,2026-06-13,
sub_004457,cus_004449,price_pro_m,active,2026-06-24,
sub_004458,cus_004450,price_free,active,2026-06-24,
sub_004459,cus_004451,price_pro_m,active,2026-06-24,
sub_004460,cus_004452,price_business_m,active,2026-06-08,
sub_004461,cus_004453,price_starter_y,active,2026-06-22,
sub_004462,cus_004454,price_pro_y,active,2026-06-27,
sub_004463,cus_004455,price_starter_m,active,2026-06-10,
sub_004464,cus_004456,price_free,active,2026-06-20,
sub_004465,cus_004457,price_free,active,2026-06-04,
sub_004466,cus_004458,price_pro_m,active,2026-06-23,
sub_004467,cus_004459,price_free,active,2026-06-28,
sub_004468,cus_004460,price_business_m,active,2026-06-29,
sub_004469,cus_004461,price_pro_m,active,2026-06-22,
sub_004470,cus_004462,price_pro_m,active,2026-06-07,
sub_004471,cus_004463,price_enterprise_m,active,2026-06-25,
sub_004472,cus_004464,price_starter_y,active,2026-06-08,
sub_004473,cus_004465,price_enterprise_m,active,2026-06-11,
sub_004474,cus_004466,price_pro_m,active,2026-06-22,
sub_004475,cus_004467,price_business_m,active,2026-06-17,
sub_004476,cus_004468,price_free,active,2026-06-06,
sub_004477,cus_004469,price_free,active,2026-06-23,
sub_004478,cus_004470,price_starter_m,active,2026-06-28,
sub_004479,cus_004471,price_starter_y,active,2026-06-23,
sub_004480,cus_004472,price_starter_m,active,2026-06-09,
sub_004481,cus_004473,price_pro_m,active,2026-06-08,
sub_004482,cus_004474,price_enterprise_m,active,2026-06-16,
sub_004483,cus_004475,price_free,active,2026-06-06,
sub_004484,cus_004476,price_starter_m,active,2026-06-19,
sub_004485,cus_004477,price_free,active,2026-06-03,
sub_004486,cus_004478,price_starter_m,active,2026-06-08,
sub_004487,cus_004479,price_pro_m,active,2026-06-27,
sub_004488,cus_004480,price_starter_m,active,2026-06-16,
sub_004489,cus_004481,price_starter_m,active,2026-06-21,
sub_004490,cus_004482,price_free,active,2026-06-23,
sub_004491,cus_004483,price_free,active,2026-06-09,
sub_004492,cus_004484,price_starter_m,active,2026-06-25,
sub_004493,cus_004485,price_pro_m,active,2026-06-08,
sub_004494,cus_004486,price_starter_m,active,2026-06-06,
sub_004495,cus_004487,price_starter_m,active,2026-06-22,
sub_004496,cus_004488,price_starter_y,active,2026-06-09,
sub_004497,cus_004489,price_starter_m,active,2026-06-18,
sub_004498,cus_004490,price_pro_m,active,2026-06-03,
sub_004499,cus_004491,price_enterprise_m,active,2026-06-28,
sub_004500,cus_004492,price_business_y,active,2026-06-11,
sub_004501,cus_004493,price_starter_m,active,2026-06-13,
sub_004502,cus_004494,price_pro_y,active,2026-06-20,
sub_004503,cus_004495,price_free,active,2026-06-27,
sub_004504,cus_004496,price_business_m,active,2026-06-26,
sub_004505,cus_004497,price_pro_m,active,2026-06-23,
sub_004506,cus_004498,price_starter_m,active,2026-06-17,
sub_004507,cus_004499,price_business_m,active,2026-06-09,
sub_004508,cus_004500,price_starter_m,active,2026-06-21,
sub_004509,cus_004501,price_enterprise_m,active,2026-06-30,
sub_004510,cus_004502,price_starter_m,active,2026-06-26,
sub_004511,cus_004503,price_enterprise_m,active,2026-06-21,
sub_004512,cus_001142,price_starter_m,active,2026-06-30,
