customer_id,created,country,signup_channel
cus_000001,2025-01-07,FR,referral
cus_000002,2025-01-22,FR,paid_search
cus_000003,2025-01-30,CA,content
cus_000004,2025-01-07,DE,content
cus_000005,2025-01-07,US,organic
cus_000006,2025-01-18,DE,paid_search
cus_000007,2025-01-11,GB,content
cus_000008,2025-01-03,AU,content
cus_000009,2025-01-04,DE,referral
cus_000010,2025-01-13,GB,content
cus_000011,2025-01-24,AU,organic
cus_000012,2025-01-07,FR,organic
cus_000013,2025-01-01,DE,referral
cus_000014,2025-01-19,US,organic
cus_000015,2025-01-09,US,paid_search
cus_000016,2025-01-24,DE,partner
cus_000017,2025-01-16,FR,referral
cus_000018,2025-01-06,FR,organic
cus_000019,2025-01-03,US,partner
cus_000020,2025-01-31,IN,organic
cus_000021,2025-01-20,IN,paid_search
cus_000022,2025-01-30,GB,partner
cus_000023,2025-01-29,US,organic
cus_000024,2025-01-29,CA,referral
cus_000025,2025-01-02,FR,partner
cus_000026,2025-01-12,IN,organic
cus_000027,2025-01-22,DE,organic
cus_000028,2025-01-05,CA,content
cus_000029,2025-01-04,FR,referral
cus_000030,2025-01-09,US,organic
cus_000031,2025-01-13,IN,partner
cus_000032,2025-01-11,GB,referral
cus_000033,2025-01-07,FR,partner
cus_000034,2025-01-11,US,paid_search
cus_000035,2025-01-22,DE,content
cus_000036,2025-01-02,GB,partner
cus_000037,2025-01-05,US,paid_search
cus_000038,2025-01-12,US,content
cus_000039,2025-01-07,DE,partner
cus_000040,2025-01-18,GB,paid_search
cus_000041,2025-01-18,DE,referral
cus_000042,2025-01-24,CA,paid_search
cus_000043,2025-01-07,IN,referral
cus_000044,2025-01-08,US,partner
cus_000045,2025-01-24,IN,content
cus_000046,2025-01-09,FR,paid_search
cus_000047,2025-01-25,IN,partner
cus_000048,2025-01-02,US,content
cus_000049,2025-01-22,CA,partner
cus_000050,2025-01-16,US,organic
cus_000051,2025-01-09,US,organic
cus_000052,2025-01-26,IN,referral
cus_000053,2025-01-03,US,content
cus_000054,2025-01-14,US,referral
cus_000055,2025-01-12,GB,partner
cus_000056,2025-01-08,GB,paid_search
cus_000057,2025-01-30,GB,content
cus_000058,2025-01-07,FR,partner
cus_000059,2025-01-04,FR,organic
cus_000060,2025-01-30,FR,paid_search
cus_000061,2025-01-16,US,organic
cus_000062,2025-01-02,IN,partner
cus_000063,2025-01-28,US,referral
cus_000064,2025-01-05,US,organic
cus_000065,2025-01-17,US,organic
cus_000066,2025-01-08,US,content
cus_000067,2025-01-13,US,referral
cus_000068,2025-01-08,CA,content
cus_000069,2025-01-16,GB,paid_search
cus_000070,2025-01-20,US,content
cus_000071,2025-01-30,GB,referral
cus_000072,2025-01-25,GB,referral
cus_000073,2025-01-08,CA,partner
cus_000074,2025-01-25,AU,paid_search
cus_000075,2025-01-27,DE,content
cus_000076,2025-01-09,US,content
cus_000077,2025-01-03,US,organic
cus_000078,2025-01-28,US,content
cus_000079,2025-01-02,GB,organic
cus_000080,2025-01-16,AU,organic
cus_000081,2025-01-06,AU,content
cus_000082,2025-01-27,GB,partner
cus_000083,2025-01-13,US,paid_search
cus_000084,2025-01-16,CA,paid_search
cus_000085,2025-01-28,FR,organic
cus_000086,2025-01-04,US,content
cus_000087,2025-01-21,DE,partner
cus_000088,2025-01-12,IN,paid_search
cus_000089,2025-01-25,IN,organic
cus_000090,2025-01-20,IN,organic
cus_000091,2025-01-02,IN,referral
cus_000092,2025-01-27,AU,paid_search
cus_000093,2025-01-18,GB,partner
cus_000094,2025-01-31,AU,content
cus_000095,2025-01-30,US,referral
cus_000096,2025-01-19,US,organic
cus_000097,2025-01-27,US,partner
cus_000098,2025-01-24,CA,partner
cus_000099,2025-01-29,GB,partner
cus_000100,2025-01-23,US,paid_search
cus_000101,2025-01-18,GB,content
cus_000102,2025-01-05,IN,content
cus_000103,2025-01-06,US,paid_search
cus_000104,2025-01-14,IN,organic
cus_000105,2025-01-26,US,partner
cus_000106,2025-01-22,US,organic
cus_000107,2025-01-02,US,referral
cus_000108,2025-01-29,US,content
cus_000109,2025-01-28,GB,referral
cus_000110,2025-01-30,DE,referral
cus_000111,2025-01-28,AU,referral
cus_000112,2025-01-10,CA,referral
cus_000113,2025-01-14,US,paid_search
cus_000114,2025-01-01,AU,organic
cus_000115,2025-01-27,US,referral
cus_000116,2025-01-16,GB,paid_search
cus_000117,2025-01-14,AU,organic
cus_000118,2025-01-20,US,partner
cus_000119,2025-01-13,US,partner
cus_000120,2025-01-03,US,paid_search
cus_000121,2025-01-18,CA,organic
cus_000122,2025-01-02,AU,referral
cus_000123,2025-01-17,GB,partner
cus_000124,2025-01-05,GB,referral
cus_000125,2025-01-16,IN,paid_search
cus_000126,2025-01-15,DE,organic
cus_000127,2025-01-15,DE,organic
cus_000128,2025-01-12,IN,organic
cus_000129,2025-01-12,DE,partner
cus_000130,2025-01-03,US,organic
cus_000131,2025-01-15,AU,referral
cus_000132,2025-01-26,GB,paid_search
cus_000133,2025-01-07,US,partner
cus_000134,2025-01-09,US,paid_search
cus_000135,2025-01-20,US,paid_search
cus_000136,2025-01-22,DE,partner
cus_000137,2025-01-19,DE,paid_search
cus_000138,2025-01-17,FR,paid_search
cus_000139,2025-01-02,US,referral
cus_000140,2025-01-27,GB,paid_search
cus_000141,2025-01-26,US,organic
cus_000142,2025-01-29,CA,organic
cus_000143,2025-01-09,US,referral
cus_000144,2025-01-08,GB,organic
cus_000145,2025-01-10,AU,organic
cus_000146,2025-01-25,US,content
cus_000147,2025-01-13,AU,referral
cus_000148,2025-01-03,US,referral
cus_000149,2025-01-16,US,content
cus_000150,2025-01-01,GB,content
cus_000151,2025-01-03,FR,paid_search
cus_000152,2025-01-19,CA,paid_search
cus_000153,2025-01-27,IN,organic
cus_000154,2025-01-28,CA,referral
cus_000155,2025-01-22,US,organic
cus_000156,2025-01-22,CA,organic
cus_000157,2025-01-24,US,referral
cus_000158,2025-01-24,US,content
cus_000159,2025-01-06,AU,partner
cus_000160,2025-01-30,US,partner
cus_000161,2025-01-07,IN,organic
cus_000162,2025-01-05,AU,paid_search
cus_000163,2025-01-27,FR,partner
cus_000164,2025-01-17,US,organic
cus_000165,2025-01-14,US,partner
cus_000166,2025-01-22,US,referral
cus_000167,2025-01-18,IN,organic
cus_000168,2025-01-22,IN,paid_search
cus_000169,2025-01-23,GB,organic
cus_000170,2025-01-26,US,paid_search
cus_000171,2025-01-11,GB,content
cus_000172,2025-01-02,GB,partner
cus_000173,2025-01-08,IN,partner
cus_000174,2025-01-31,DE,organic
cus_000175,2025-01-10,US,organic
cus_000176,2025-01-15,US,referral
cus_000177,2025-01-26,US,organic
cus_000178,2025-01-03,US,paid_search
cus_000179,2025-01-23,AU,referral
cus_000180,2025-01-21,US,paid_search
cus_000181,2025-01-04,IN,content
cus_000182,2025-01-25,US,content
cus_000183,2025-02-21,FR,paid_search
cus_000184,2025-02-18,US,partner
cus_000185,2025-02-21,US,referral
cus_000186,2025-02-08,FR,referral
cus_000187,2025-02-01,GB,organic
cus_000188,2025-02-12,DE,content
cus_000189,2025-02-14,DE,paid_search
cus_000190,2025-02-08,IN,paid_search
cus_000191,2025-02-08,CA,organic
cus_000192,2025-02-14,US,content
cus_000193,2025-02-05,AU,organic
cus_000194,2025-02-09,GB,paid_search
cus_000195,2025-02-02,US,organic
cus_000196,2025-02-05,US,content
cus_000197,2025-02-15,CA,organic
cus_000198,2025-02-13,DE,organic
cus_000199,2025-02-16,CA,content
cus_000200,2025-02-23,FR,paid_search
cus_000201,2025-02-07,US,organic
cus_000202,2025-02-06,FR,organic
cus_000203,2025-02-21,IN,content
cus_000204,2025-02-10,IN,paid_search
cus_000205,2025-02-27,GB,content
cus_000206,2025-02-15,DE,paid_search
cus_000207,2025-02-14,DE,partner
cus_000208,2025-02-24,AU,partner
cus_000209,2025-02-16,AU,referral
cus_000210,2025-02-14,US,organic
cus_000211,2025-02-06,GB,partner
cus_000212,2025-02-14,DE,organic
cus_000213,2025-02-04,US,organic
cus_000214,2025-02-16,DE,partner
cus_000215,2025-02-28,US,paid_search
cus_000216,2025-02-25,AU,partner
cus_000217,2025-02-21,AU,organic
cus_000218,2025-02-15,CA,organic
cus_000219,2025-02-05,AU,referral
cus_000220,2025-02-14,DE,referral
cus_000221,2025-02-06,IN,content
cus_000222,2025-02-14,DE,partner
cus_000223,2025-02-16,AU,content
cus_000224,2025-02-12,FR,paid_search
cus_000225,2025-02-09,US,referral
cus_000226,2025-02-06,US,paid_search
cus_000227,2025-02-12,FR,paid_search
cus_000228,2025-02-23,CA,organic
cus_000229,2025-02-22,DE,organic
cus_000230,2025-02-13,GB,organic
cus_000231,2025-02-23,US,referral
cus_000232,2025-02-27,US,partner
cus_000233,2025-02-07,GB,referral
cus_000234,2025-02-21,US,organic
cus_000235,2025-02-08,US,paid_search
cus_000236,2025-02-19,IN,organic
cus_000237,2025-02-13,AU,partner
cus_000238,2025-02-07,US,content
cus_000239,2025-02-03,IN,organic
cus_000240,2025-02-07,DE,referral
cus_000241,2025-02-23,US,organic
cus_000242,2025-02-14,DE,paid_search
cus_000243,2025-02-27,GB,referral
cus_000244,2025-02-01,GB,paid_search
cus_000245,2025-02-25,GB,organic
cus_000246,2025-02-22,GB,content
cus_000247,2025-02-23,AU,content
cus_000248,2025-02-24,GB,paid_search
cus_000249,2025-02-02,DE,organic
cus_000250,2025-02-28,US,referral
cus_000251,2025-02-16,FR,referral
cus_000252,2025-02-02,DE,organic
cus_000253,2025-02-14,US,content
cus_000254,2025-02-02,US,content
cus_000255,2025-02-11,CA,content
cus_000256,2025-02-27,US,organic
cus_000257,2025-02-11,US,organic
cus_000258,2025-02-07,CA,paid_search
cus_000259,2025-02-13,GB,partner
cus_000260,2025-02-02,DE,content
cus_000261,2025-02-08,CA,content
cus_000262,2025-02-26,CA,content
cus_000263,2025-02-05,FR,organic
cus_000264,2025-02-06,IN,partner
cus_000265,2025-02-15,DE,referral
cus_000266,2025-02-25,FR,organic
cus_000267,2025-02-13,IN,content
cus_000268,2025-02-17,GB,paid_search
cus_000269,2025-02-27,US,partner
cus_000270,2025-02-25,US,referral
cus_000271,2025-02-10,CA,paid_search
cus_000272,2025-02-09,CA,content
cus_000273,2025-02-10,AU,referral
cus_000274,2025-02-15,CA,partner
cus_000275,2025-02-15,FR,organic
cus_000276,2025-02-07,GB,referral
cus_000277,2025-02-08,CA,organic
cus_000278,2025-02-06,US,paid_search
cus_000279,2025-02-21,AU,content
cus_000280,2025-02-26,FR,content
cus_000281,2025-02-10,AU,partner
cus_000282,2025-02-13,US,paid_search
cus_000283,2025-02-16,US,partner
cus_000284,2025-02-09,US,paid_search
cus_000285,2025-02-08,GB,content
cus_000286,2025-02-21,AU,content
cus_000287,2025-02-09,US,organic
cus_000288,2025-02-11,US,referral
cus_000289,2025-02-28,DE,partner
cus_000290,2025-02-18,IN,referral
cus_000291,2025-02-18,AU,partner
cus_000292,2025-02-24,CA,content
cus_000293,2025-02-23,US,organic
cus_000294,2025-02-27,US,content
cus_000295,2025-02-14,IN,paid_search
cus_000296,2025-02-13,AU,paid_search
cus_000297,2025-02-12,US,paid_search
cus_000298,2025-02-04,AU,partner
cus_000299,2025-02-14,US,referral
cus_000300,2025-02-01,GB,content
cus_000301,2025-02-23,AU,organic
cus_000302,2025-02-12,DE,partner
cus_000303,2025-02-21,AU,paid_search
cus_000304,2025-02-04,IN,partner
cus_000305,2025-02-27,IN,content
cus_000306,2025-02-10,US,partner
cus_000307,2025-02-17,US,paid_search
cus_000308,2025-02-26,US,referral
cus_000309,2025-02-08,CA,organic
cus_000310,2025-02-14,US,partner
cus_000311,2025-02-03,CA,paid_search
cus_000312,2025-02-07,US,content
cus_000313,2025-02-03,AU,organic
cus_000314,2025-02-12,AU,organic
cus_000315,2025-02-18,CA,referral
cus_000316,2025-02-22,CA,partner
cus_000317,2025-02-20,IN,partner
cus_000318,2025-02-07,FR,paid_search
cus_000319,2025-02-19,US,paid_search
cus_000320,2025-02-13,DE,referral
cus_000321,2025-02-14,US,paid_search
cus_000322,2025-02-08,US,organic
cus_000323,2025-02-19,CA,partner
cus_000324,2025-02-03,US,organic
cus_000325,2025-02-13,US,partner
cus_000326,2025-02-19,AU,paid_search
cus_000327,2025-02-02,CA,partner
cus_000328,2025-02-21,US,partner
cus_000329,2025-02-21,IN,content
cus_000330,2025-02-28,IN,content
cus_000331,2025-02-03,US,referral
cus_000332,2025-02-17,FR,partner
cus_000333,2025-02-13,US,content
cus_000334,2025-02-25,FR,partner
cus_000335,2025-02-22,GB,paid_search
cus_000336,2025-02-16,GB,organic
cus_000337,2025-02-12,IN,organic
cus_000338,2025-02-24,US,organic
cus_000339,2025-02-28,GB,referral
cus_000340,2025-02-08,FR,content
cus_000341,2025-02-21,US,organic
cus_000342,2025-02-28,AU,organic
cus_000343,2025-02-27,US,organic
cus_000344,2025-02-18,US,paid_search
cus_000345,2025-02-19,CA,referral
cus_000346,2025-02-05,CA,partner
cus_000347,2025-02-17,AU,referral
cus_000348,2025-02-09,IN,organic
cus_000349,2025-02-11,AU,paid_search
cus_000350,2025-02-28,DE,partner
cus_000351,2025-02-11,DE,paid_search
cus_000352,2025-02-01,US,paid_search
cus_000353,2025-02-23,FR,paid_search
cus_000354,2025-02-20,US,organic
cus_000355,2025-02-22,US,content
cus_000356,2025-03-31,FR,content
cus_000357,2025-03-25,DE,organic
cus_000358,2025-03-07,DE,content
cus_000359,2025-03-24,US,referral
cus_000360,2025-03-10,DE,paid_search
cus_000361,2025-03-01,US,paid_search
cus_000362,2025-03-18,US,organic
cus_000363,2025-03-17,CA,referral
cus_000364,2025-03-22,US,paid_search
cus_000365,2025-03-25,US,organic
cus_000366,2025-03-29,AU,paid_search
cus_000367,2025-03-29,AU,partner
cus_000368,2025-03-02,GB,organic
cus_000369,2025-03-27,AU,content
cus_000370,2025-03-31,CA,organic
cus_000371,2025-03-25,GB,content
cus_000372,2025-03-05,US,organic
cus_000373,2025-03-26,CA,referral
cus_000374,2025-03-11,US,content
cus_000375,2025-03-07,GB,paid_search
cus_000376,2025-03-25,AU,partner
cus_000377,2025-03-27,IN,organic
cus_000378,2025-03-05,AU,organic
cus_000379,2025-03-06,AU,partner
cus_000380,2025-03-03,FR,organic
cus_000381,2025-03-13,US,content
cus_000382,2025-03-11,IN,referral
cus_000383,2025-03-09,GB,content
cus_000384,2025-03-16,DE,partner
cus_000385,2025-03-11,FR,content
cus_000386,2025-03-21,GB,paid_search
cus_000387,2025-03-24,GB,organic
cus_000388,2025-03-27,US,content
cus_000389,2025-03-26,CA,organic
cus_000390,2025-03-16,GB,paid_search
cus_000391,2025-03-08,US,content
cus_000392,2025-03-31,US,organic
cus_000393,2025-03-24,US,content
cus_000394,2025-03-23,CA,organic
cus_000395,2025-03-28,US,organic
cus_000396,2025-03-22,US,paid_search
cus_000397,2025-03-07,DE,paid_search
cus_000398,2025-03-24,US,referral
cus_000399,2025-03-04,DE,organic
cus_000400,2025-03-06,FR,content
cus_000401,2025-03-13,US,referral
cus_000402,2025-03-13,US,organic
cus_000403,2025-03-05,GB,paid_search
cus_000404,2025-03-29,FR,referral
cus_000405,2025-03-30,GB,paid_search
cus_000406,2025-03-15,GB,referral
cus_000407,2025-03-14,US,content
cus_000408,2025-03-19,CA,content
cus_000409,2025-03-07,FR,content
cus_000410,2025-03-31,GB,referral
cus_000411,2025-03-05,GB,partner
cus_000412,2025-03-19,IN,organic
cus_000413,2025-03-22,CA,referral
cus_000414,2025-03-03,US,paid_search
cus_000415,2025-03-10,DE,paid_search
cus_000416,2025-03-17,CA,organic
cus_000417,2025-03-07,US,partner
cus_000418,2025-03-08,CA,organic
cus_000419,2025-03-23,US,organic
cus_000420,2025-03-30,US,paid_search
cus_000421,2025-03-02,US,content
cus_000422,2025-03-16,US,paid_search
cus_000423,2025-03-18,FR,referral
cus_000424,2025-03-29,GB,content
cus_000425,2025-03-27,US,partner
cus_000426,2025-03-05,US,content
cus_000427,2025-03-05,DE,partner
cus_000428,2025-03-04,DE,organic
cus_000429,2025-03-12,CA,partner
cus_000430,2025-03-15,GB,organic
cus_000431,2025-03-06,CA,content
cus_000432,2025-03-28,US,referral
cus_000433,2025-03-07,DE,referral
cus_000434,2025-03-21,AU,content
cus_000435,2025-03-08,AU,referral
cus_000436,2025-03-10,IN,referral
cus_000437,2025-03-21,US,content
cus_000438,2025-03-22,IN,referral
cus_000439,2025-03-24,IN,paid_search
cus_000440,2025-03-23,DE,partner
cus_000441,2025-03-02,AU,organic
cus_000442,2025-03-25,FR,content
cus_000443,2025-03-03,US,content
cus_000444,2025-03-11,AU,partner
cus_000445,2025-03-31,CA,paid_search
cus_000446,2025-03-12,CA,referral
cus_000447,2025-03-09,US,content
cus_000448,2025-03-15,IN,paid_search
cus_000449,2025-03-24,AU,partner
cus_000450,2025-03-21,US,content
cus_000451,2025-03-10,US,organic
cus_000452,2025-03-17,GB,paid_search
cus_000453,2025-03-20,AU,referral
cus_000454,2025-03-11,US,paid_search
cus_000455,2025-03-18,US,partner
cus_000456,2025-03-20,DE,referral
cus_000457,2025-03-17,IN,organic
cus_000458,2025-03-05,US,content
cus_000459,2025-03-15,US,partner
cus_000460,2025-03-30,FR,partner
cus_000461,2025-03-16,AU,organic
cus_000462,2025-03-18,DE,partner
cus_000463,2025-03-12,IN,content
cus_000464,2025-03-06,CA,referral
cus_000465,2025-03-22,US,partner
cus_000466,2025-03-29,CA,organic
cus_000467,2025-03-19,AU,paid_search
cus_000468,2025-03-21,AU,content
cus_000469,2025-03-03,DE,partner
cus_000470,2025-03-03,GB,organic
cus_000471,2025-03-01,AU,paid_search
cus_000472,2025-03-01,DE,paid_search
cus_000473,2025-03-19,IN,referral
cus_000474,2025-03-19,US,content
cus_000475,2025-03-27,GB,content
cus_000476,2025-03-14,US,paid_search
cus_000477,2025-03-07,CA,content
cus_000478,2025-03-14,AU,content
cus_000479,2025-03-29,DE,content
cus_000480,2025-03-25,US,referral
cus_000481,2025-03-26,AU,partner
cus_000482,2025-03-17,GB,partner
cus_000483,2025-03-28,IN,partner
cus_000484,2025-03-15,US,content
cus_000485,2025-03-22,DE,content
cus_000486,2025-03-26,DE,partner
cus_000487,2025-03-21,FR,paid_search
cus_000488,2025-03-28,FR,content
cus_000489,2025-03-11,CA,content
cus_000490,2025-03-01,DE,paid_search
cus_000491,2025-03-18,US,partner
cus_000492,2025-03-02,FR,organic
cus_000493,2025-03-31,DE,content
cus_000494,2025-03-27,IN,organic
cus_000495,2025-03-24,GB,partner
cus_000496,2025-03-11,US,organic
cus_000497,2025-03-12,FR,referral
cus_000498,2025-03-23,IN,referral
cus_000499,2025-03-15,DE,partner
cus_000500,2025-03-02,US,organic
cus_000501,2025-03-09,GB,partner
cus_000502,2025-03-22,FR,referral
cus_000503,2025-03-12,FR,partner
cus_000504,2025-03-03,CA,referral
cus_000505,2025-03-13,DE,organic
cus_000506,2025-03-09,AU,content
cus_000507,2025-03-23,AU,paid_search
cus_000508,2025-03-25,CA,content
cus_000509,2025-03-12,CA,organic
cus_000510,2025-03-30,US,referral
cus_000511,2025-03-05,US,paid_search
cus_000512,2025-03-26,GB,content
cus_000513,2025-03-14,CA,organic
cus_000514,2025-03-22,AU,partner
cus_000515,2025-03-21,US,content
cus_000516,2025-03-23,GB,partner
cus_000517,2025-03-21,IN,organic
cus_000518,2025-03-20,CA,referral
cus_000519,2025-03-15,DE,partner
cus_000520,2025-03-29,US,partner
cus_000521,2025-03-01,IN,partner
cus_000522,2025-03-27,US,content
cus_000523,2025-03-22,US,referral
cus_000524,2025-03-08,FR,organic
cus_000525,2025-03-01,CA,content
cus_000526,2025-03-01,AU,organic
cus_000527,2025-03-09,GB,content
cus_000528,2025-03-09,GB,paid_search
cus_000529,2025-03-04,US,paid_search
cus_000530,2025-03-17,AU,paid_search
cus_000531,2025-03-18,GB,organic
cus_000532,2025-03-10,US,partner
cus_000533,2025-03-07,DE,referral
cus_000534,2025-03-26,CA,organic
cus_000535,2025-03-24,AU,organic
cus_000536,2025-03-10,AU,referral
cus_000537,2025-03-15,DE,paid_search
cus_000538,2025-03-15,FR,paid_search
cus_000539,2025-03-31,US,content
cus_000540,2025-03-08,IN,referral
cus_000541,2025-03-15,DE,organic
cus_000542,2025-03-28,FR,referral
cus_000543,2025-03-11,US,referral
cus_000544,2025-03-31,US,paid_search
cus_000545,2025-03-20,IN,paid_search
cus_000546,2025-03-13,US,organic
cus_000547,2025-03-17,US,referral
cus_000548,2025-03-22,US,referral
cus_000549,2025-03-08,US,partner
cus_000550,2025-03-25,US,content
cus_000551,2025-03-06,CA,organic
cus_000552,2025-04-18,AU,content
cus_000553,2025-04-06,CA,referral
cus_000554,2025-04-11,GB,referral
cus_000555,2025-04-30,US,paid_search
cus_000556,2025-04-18,AU,content
cus_000557,2025-04-01,US,referral
cus_000558,2025-04-27,DE,content
cus_000559,2025-04-23,AU,referral
cus_000560,2025-04-26,AU,organic
cus_000561,2025-04-09,US,paid_search
cus_000562,2025-04-17,IN,referral
cus_000563,2025-04-04,GB,organic
cus_000564,2025-04-05,GB,organic
cus_000565,2025-04-19,AU,paid_search
cus_000566,2025-04-05,DE,paid_search
cus_000567,2025-04-12,US,partner
cus_000568,2025-04-10,DE,content
cus_000569,2025-04-05,GB,content
cus_000570,2025-04-01,AU,referral
cus_000571,2025-04-22,AU,paid_search
cus_000572,2025-04-22,US,organic
cus_000573,2025-04-21,US,paid_search
cus_000574,2025-04-06,US,organic
cus_000575,2025-04-03,DE,partner
cus_000576,2025-04-30,FR,organic
cus_000577,2025-04-01,US,content
cus_000578,2025-04-03,US,referral
cus_000579,2025-04-18,US,content
cus_000580,2025-04-24,US,organic
cus_000581,2025-04-22,US,referral
cus_000582,2025-04-27,GB,content
cus_000583,2025-04-12,US,paid_search
cus_000584,2025-04-11,FR,content
cus_000585,2025-04-08,AU,partner
cus_000586,2025-04-15,US,paid_search
cus_000587,2025-04-08,GB,partner
cus_000588,2025-04-10,FR,partner
cus_000589,2025-04-04,GB,organic
cus_000590,2025-04-22,US,paid_search
cus_000591,2025-04-13,GB,referral
cus_000592,2025-04-16,US,referral
cus_000593,2025-04-13,FR,paid_search
cus_000594,2025-04-03,GB,paid_search
cus_000595,2025-04-21,US,partner
cus_000596,2025-04-07,IN,organic
cus_000597,2025-04-08,IN,partner
cus_000598,2025-04-26,US,referral
cus_000599,2025-04-25,US,paid_search
cus_000600,2025-04-07,DE,referral
cus_000601,2025-04-25,IN,organic
cus_000602,2025-04-19,CA,paid_search
cus_000603,2025-04-18,AU,referral
cus_000604,2025-04-26,AU,referral
cus_000605,2025-04-06,US,referral
cus_000606,2025-04-20,DE,partner
cus_000607,2025-04-05,US,content
cus_000608,2025-04-23,FR,content
cus_000609,2025-04-26,DE,content
cus_000610,2025-04-17,GB,partner
cus_000611,2025-04-14,US,partner
cus_000612,2025-04-18,AU,organic
cus_000613,2025-04-16,US,referral
cus_000614,2025-04-21,FR,organic
cus_000615,2025-04-22,DE,referral
cus_000616,2025-04-07,GB,partner
cus_000617,2025-04-29,IN,organic
cus_000618,2025-04-30,DE,organic
cus_000619,2025-04-25,US,paid_search
cus_000620,2025-04-20,FR,referral
cus_000621,2025-04-07,DE,content
cus_000622,2025-04-01,IN,content
cus_000623,2025-04-08,GB,organic
cus_000624,2025-04-20,GB,paid_search
cus_000625,2025-04-02,GB,referral
cus_000626,2025-04-26,CA,partner
cus_000627,2025-04-29,AU,paid_search
cus_000628,2025-04-30,GB,referral
cus_000629,2025-04-22,US,referral
cus_000630,2025-04-27,FR,referral
cus_000631,2025-04-02,CA,partner
cus_000632,2025-04-13,IN,organic
cus_000633,2025-04-30,FR,organic
cus_000634,2025-04-18,US,partner
cus_000635,2025-04-03,DE,content
cus_000636,2025-04-25,US,paid_search
cus_000637,2025-04-05,AU,paid_search
cus_000638,2025-04-21,US,organic
cus_000639,2025-04-07,US,organic
cus_000640,2025-04-24,IN,content
cus_000641,2025-04-13,GB,paid_search
cus_000642,2025-04-26,CA,partner
cus_000643,2025-04-06,FR,content
cus_000644,2025-04-05,US,content
cus_000645,2025-04-24,IN,organic
cus_000646,2025-04-29,US,paid_search
cus_000647,2025-04-28,AU,paid_search
cus_000648,2025-04-17,FR,paid_search
cus_000649,2025-04-24,US,referral
cus_000650,2025-04-03,US,paid_search
cus_000651,2025-04-02,US,referral
cus_000652,2025-04-15,FR,organic
cus_000653,2025-04-18,DE,paid_search
cus_000654,2025-04-18,US,organic
cus_000655,2025-04-30,CA,content
cus_000656,2025-04-14,DE,paid_search
cus_000657,2025-04-11,DE,partner
cus_000658,2025-04-17,GB,referral
cus_000659,2025-04-20,IN,referral
cus_000660,2025-04-06,US,partner
cus_000661,2025-04-21,US,organic
cus_000662,2025-04-30,AU,partner
cus_000663,2025-04-11,IN,content
cus_000664,2025-04-22,FR,referral
cus_000665,2025-04-13,US,paid_search
cus_000666,2025-04-30,GB,partner
cus_000667,2025-04-22,CA,referral
cus_000668,2025-04-11,FR,organic
cus_000669,2025-04-19,DE,organic
cus_000670,2025-04-08,US,partner
cus_000671,2025-04-27,FR,content
cus_000672,2025-04-03,US,content
cus_000673,2025-04-28,US,partner
cus_000674,2025-04-30,FR,content
cus_000675,2025-04-23,IN,content
cus_000676,2025-04-17,DE,content
cus_000677,2025-04-23,GB,content
cus_000678,2025-04-02,GB,referral
cus_000679,2025-04-12,DE,organic
cus_000680,2025-04-17,DE,partner
cus_000681,2025-04-07,US,content
cus_000682,2025-04-04,FR,partner
cus_000683,2025-04-28,AU,content
cus_000684,2025-04-01,AU,partner
cus_000685,2025-04-20,FR,organic
cus_000686,2025-04-04,US,partner
cus_000687,2025-04-15,DE,paid_search
cus_000688,2025-04-09,IN,paid_search
cus_000689,2025-04-18,US,organic
cus_000690,2025-04-02,US,organic
cus_000691,2025-04-08,GB,content
cus_000692,2025-04-13,IN,paid_search
cus_000693,2025-04-09,GB,content
cus_000694,2025-04-24,GB,partner
cus_000695,2025-04-10,GB,referral
cus_000696,2025-04-21,CA,paid_search
cus_000697,2025-04-08,US,content
cus_000698,2025-04-10,GB,partner
cus_000699,2025-04-23,DE,organic
cus_000700,2025-04-25,US,paid_search
cus_000701,2025-04-17,CA,paid_search
cus_000702,2025-04-15,AU,content
cus_000703,2025-04-08,AU,organic
cus_000704,2025-04-23,CA,referral
cus_000705,2025-04-10,AU,partner
cus_000706,2025-04-13,CA,organic
cus_000707,2025-04-16,US,content
cus_000708,2025-04-03,CA,content
cus_000709,2025-04-19,IN,content
cus_000710,2025-04-28,CA,organic
cus_000711,2025-04-11,IN,organic
cus_000712,2025-04-17,US,content
cus_000713,2025-04-18,AU,partner
cus_000714,2025-04-09,GB,paid_search
cus_000715,2025-04-27,FR,content
cus_000716,2025-04-17,US,paid_search
cus_000717,2025-04-16,DE,organic
cus_000718,2025-04-02,FR,partner
cus_000719,2025-04-28,US,organic
cus_000720,2025-04-30,US,organic
cus_000721,2025-04-03,AU,partner
cus_000722,2025-04-05,US,paid_search
cus_000723,2025-04-05,GB,partner
cus_000724,2025-04-15,CA,partner
cus_000725,2025-04-01,GB,partner
cus_000726,2025-04-07,FR,referral
cus_000727,2025-04-02,AU,referral
cus_000728,2025-04-10,US,partner
cus_000729,2025-04-17,US,content
cus_000730,2025-04-22,US,content
cus_000731,2025-04-02,US,content
cus_000732,2025-04-02,DE,partner
cus_000733,2025-04-26,US,organic
cus_000734,2025-04-21,GB,referral
cus_000735,2025-04-22,CA,organic
cus_000736,2025-04-30,US,organic
cus_000737,2025-04-03,GB,paid_search
cus_000738,2025-04-06,DE,organic
cus_000739,2025-04-01,US,referral
cus_000740,2025-04-15,DE,organic
cus_000741,2025-04-04,US,paid_search
cus_000742,2025-04-10,US,partner
cus_000743,2025-04-08,US,content
cus_000744,2025-04-28,DE,content
cus_000745,2025-04-13,FR,paid_search
cus_000746,2025-04-06,US,organic
cus_000747,2025-04-25,US,paid_search
cus_000748,2025-04-03,GB,organic
cus_000749,2025-04-04,US,organic
cus_000750,2025-04-21,IN,partner
cus_000751,2025-04-03,GB,paid_search
cus_000752,2025-04-11,US,organic
cus_000753,2025-04-15,FR,content
cus_000754,2025-04-18,CA,paid_search
cus_000755,2025-04-29,US,partner
cus_000756,2025-04-02,CA,partner
cus_000757,2025-04-22,CA,partner
cus_000758,2025-04-23,CA,content
cus_000759,2025-04-11,US,organic
cus_000760,2025-04-06,GB,content
cus_000761,2025-04-25,FR,paid_search
cus_000762,2025-04-08,US,partner
cus_000763,2025-04-29,US,partner
cus_000764,2025-04-18,US,referral
cus_000765,2025-04-27,FR,organic
cus_000766,2025-04-25,GB,paid_search
cus_000767,2025-04-13,US,content
cus_000768,2025-04-15,GB,content
cus_000769,2025-04-19,US,organic
cus_000770,2025-04-14,FR,referral
cus_000771,2025-05-15,FR,partner
cus_000772,2025-05-05,US,content
cus_000773,2025-05-30,GB,organic
cus_000774,2025-05-31,US,content
cus_000775,2025-05-31,FR,organic
cus_000776,2025-05-15,US,referral
cus_000777,2025-05-15,DE,referral
cus_000778,2025-05-26,AU,organic
cus_000779,2025-05-21,GB,organic
cus_000780,2025-05-10,IN,paid_search
cus_000781,2025-05-23,US,referral
cus_000782,2025-05-04,CA,organic
cus_000783,2025-05-18,US,partner
cus_000784,2025-05-03,GB,partner
cus_000785,2025-05-30,US,paid_search
cus_000786,2025-05-28,IN,content
cus_000787,2025-05-25,FR,partner
cus_000788,2025-05-25,DE,paid_search
cus_000789,2025-05-25,CA,paid_search
cus_000790,2025-05-02,GB,paid_search
cus_000791,2025-05-01,AU,organic
cus_000792,2025-05-12,US,organic
cus_000793,2025-05-27,DE,paid_search
cus_000794,2025-05-25,GB,partner
cus_000795,2025-05-16,US,organic
cus_000796,2025-05-10,GB,organic
cus_000797,2025-05-08,US,organic
cus_000798,2025-05-08,IN,organic
cus_000799,2025-05-07,AU,content
cus_000800,2025-05-31,FR,organic
cus_000801,2025-05-18,DE,content
cus_000802,2025-05-30,CA,partner
cus_000803,2025-05-03,GB,referral
cus_000804,2025-05-04,US,partner
cus_000805,2025-05-21,CA,referral
cus_000806,2025-05-16,CA,paid_search
cus_000807,2025-05-11,US,partner
cus_000808,2025-05-18,GB,referral
cus_000809,2025-05-02,AU,partner
cus_000810,2025-05-20,CA,partner
cus_000811,2025-05-27,DE,referral
cus_000812,2025-05-01,GB,content
cus_000813,2025-05-19,IN,partner
cus_000814,2025-05-24,FR,referral
cus_000815,2025-05-11,US,organic
cus_000816,2025-05-18,US,partner
cus_000817,2025-05-12,US,content
cus_000818,2025-05-27,FR,organic
cus_000819,2025-05-06,DE,referral
cus_000820,2025-05-22,CA,content
cus_000821,2025-05-19,DE,paid_search
cus_000822,2025-05-24,FR,referral
cus_000823,2025-05-17,US,referral
cus_000824,2025-05-22,FR,paid_search
cus_000825,2025-05-27,IN,organic
cus_000826,2025-05-18,FR,content
cus_000827,2025-05-17,FR,referral
cus_000828,2025-05-04,US,referral
cus_000829,2025-05-02,US,paid_search
cus_000830,2025-05-31,US,organic
cus_000831,2025-05-31,GB,referral
cus_000832,2025-05-15,CA,organic
cus_000833,2025-05-25,IN,partner
cus_000834,2025-05-14,US,partner
cus_000835,2025-05-30,DE,paid_search
cus_000836,2025-05-15,AU,paid_search
cus_000837,2025-05-04,US,content
cus_000838,2025-05-24,FR,content
cus_000839,2025-05-11,DE,content
cus_000840,2025-05-07,AU,content
cus_000841,2025-05-01,FR,partner
cus_000842,2025-05-03,US,referral
cus_000843,2025-05-05,GB,organic
cus_000844,2025-05-20,AU,organic
cus_000845,2025-05-06,CA,paid_search
cus_000846,2025-05-29,US,content
cus_000847,2025-05-04,FR,partner
cus_000848,2025-05-05,FR,organic
cus_000849,2025-05-21,US,organic
cus_000850,2025-05-17,FR,partner
cus_000851,2025-05-15,US,referral
cus_000852,2025-05-13,US,paid_search
cus_000853,2025-05-29,IN,content
cus_000854,2025-05-29,US,referral
cus_000855,2025-05-14,FR,content
cus_000856,2025-05-28,US,organic
cus_000857,2025-05-12,US,referral
cus_000858,2025-05-23,US,partner
cus_000859,2025-05-06,CA,referral
cus_000860,2025-05-13,FR,content
cus_000861,2025-05-09,IN,paid_search
cus_000862,2025-05-13,IN,content
cus_000863,2025-05-09,US,partner
cus_000864,2025-05-07,GB,referral
cus_000865,2025-05-21,CA,paid_search
cus_000866,2025-05-13,US,paid_search
cus_000867,2025-05-22,US,referral
cus_000868,2025-05-30,CA,partner
cus_000869,2025-05-27,IN,referral
cus_000870,2025-05-25,CA,paid_search
cus_000871,2025-05-19,IN,partner
cus_000872,2025-05-16,AU,organic
cus_000873,2025-05-06,GB,content
cus_000874,2025-05-20,FR,organic
cus_000875,2025-05-11,CA,content
cus_000876,2025-05-07,US,organic
cus_000877,2025-05-06,US,partner
cus_000878,2025-05-14,FR,content
cus_000879,2025-05-06,FR,organic
cus_000880,2025-05-09,IN,referral
cus_000881,2025-05-28,AU,organic
cus_000882,2025-05-03,US,partner
cus_000883,2025-05-18,US,content
cus_000884,2025-05-28,IN,paid_search
cus_000885,2025-05-13,GB,organic
cus_000886,2025-05-15,US,content
cus_000887,2025-05-29,US,content
cus_000888,2025-05-13,DE,partner
cus_000889,2025-05-21,DE,organic
cus_000890,2025-05-04,GB,referral
cus_000891,2025-05-02,IN,content
cus_000892,2025-05-30,GB,partner
cus_000893,2025-05-02,US,partner
cus_000894,2025-05-16,CA,content
cus_000895,2025-05-12,GB,partner
cus_000896,2025-05-31,AU,organic
cus_000897,2025-05-03,US,partner
cus_000898,2025-05-09,IN,organic
cus_000899,2025-05-19,AU,content
cus_000900,2025-05-09,IN,partner
cus_000901,2025-05-24,FR,referral
cus_000902,2025-05-26,CA,referral
cus_000903,2025-05-04,DE,organic
cus_000904,2025-05-02,IN,partner
cus_000905,2025-05-12,IN,content
cus_000906,2025-05-20,US,referral
cus_000907,2025-05-10,IN,partner
cus_000908,2025-05-28,US,referral
cus_000909,2025-05-07,CA,paid_search
cus_000910,2025-05-02,CA,referral
cus_000911,2025-05-27,US,content
cus_000912,2025-05-20,IN,partner
cus_000913,2025-05-24,DE,partner
cus_000914,2025-05-04,DE,partner
cus_000915,2025-05-23,AU,partner
cus_000916,2025-05-14,US,organic
cus_000917,2025-05-18,US,content
cus_000918,2025-05-03,US,referral
cus_000919,2025-05-09,US,content
cus_000920,2025-05-15,US,partner
cus_000921,2025-05-13,IN,partner
cus_000922,2025-05-07,US,content
cus_000923,2025-05-07,CA,paid_search
cus_000924,2025-05-18,FR,partner
cus_000925,2025-05-23,US,content
cus_000926,2025-05-23,GB,paid_search
cus_000927,2025-05-20,FR,content
cus_000928,2025-05-03,US,partner
cus_000929,2025-05-25,GB,referral
cus_000930,2025-05-03,FR,partner
cus_000931,2025-05-19,US,referral
cus_000932,2025-05-16,US,content
cus_000933,2025-05-04,DE,paid_search
cus_000934,2025-05-30,CA,partner
cus_000935,2025-05-08,FR,content
cus_000936,2025-05-17,DE,content
cus_000937,2025-05-23,US,organic
cus_000938,2025-05-05,CA,content
cus_000939,2025-05-08,DE,referral
cus_000940,2025-05-07,US,referral
cus_000941,2025-05-08,US,content
cus_000942,2025-05-15,IN,content
cus_000943,2025-05-06,FR,organic
cus_000944,2025-05-18,US,partner
cus_000945,2025-05-17,GB,partner
cus_000946,2025-05-02,US,partner
cus_000947,2025-05-15,CA,content
cus_000948,2025-05-16,US,paid_search
cus_000949,2025-05-25,DE,referral
cus_000950,2025-05-14,AU,partner
cus_000951,2025-05-09,IN,content
cus_000952,2025-05-02,FR,organic
cus_000953,2025-05-02,US,referral
cus_000954,2025-05-07,GB,content
cus_000955,2025-05-30,FR,partner
cus_000956,2025-05-15,GB,partner
cus_000957,2025-05-22,CA,referral
cus_000958,2025-05-19,US,referral
cus_000959,2025-05-04,DE,content
cus_000960,2025-05-30,DE,organic
cus_000961,2025-05-24,DE,referral
cus_000962,2025-05-31,IN,content
cus_000963,2025-05-14,FR,referral
cus_000964,2025-05-04,GB,organic
cus_000965,2025-05-05,AU,organic
cus_000966,2025-05-28,GB,content
cus_000967,2025-05-13,IN,content
cus_000968,2025-05-09,GB,partner
cus_000969,2025-05-24,US,referral
cus_000970,2025-05-11,DE,content
cus_000971,2025-05-28,IN,content
cus_000972,2025-05-13,DE,organic
cus_000973,2025-05-01,IN,partner
cus_000974,2025-05-09,US,referral
cus_000975,2025-05-18,IN,referral
cus_000976,2025-05-26,FR,referral
cus_000977,2025-05-03,CA,paid_search
cus_000978,2025-05-05,CA,partner
cus_000979,2025-05-21,IN,organic
cus_000980,2025-05-10,US,paid_search
cus_000981,2025-05-15,IN,content
cus_000982,2025-05-12,GB,content
cus_000983,2025-05-19,IN,referral
cus_000984,2025-05-11,US,partner
cus_000985,2025-05-11,US,partner
cus_000986,2025-05-04,US,organic
cus_000987,2025-05-05,US,referral
cus_000988,2025-05-28,US,referral
cus_000989,2025-05-11,GB,content
cus_000990,2025-05-23,CA,organic
cus_000991,2025-05-27,US,partner
cus_000992,2025-05-24,FR,content
cus_000993,2025-05-23,GB,partner
cus_000994,2025-05-18,AU,paid_search
cus_000995,2025-05-25,AU,content
cus_000996,2025-05-17,US,content
cus_000997,2025-05-24,GB,paid_search
cus_000998,2025-05-02,US,organic
cus_000999,2025-05-26,AU,referral
cus_001000,2025-05-14,FR,partner
cus_001001,2025-06-16,IN,referral
cus_001002,2025-06-08,US,content
cus_001003,2025-06-08,US,partner
cus_001004,2025-06-29,CA,paid_search
cus_001005,2025-06-04,FR,organic
cus_001006,2025-06-05,US,content
cus_001007,2025-06-13,DE,organic
cus_001008,2025-06-09,US,referral
cus_001009,2025-06-20,US,organic
cus_001010,2025-06-08,DE,content
cus_001011,2025-06-29,GB,referral
cus_001012,2025-06-05,GB,paid_search
cus_001013,2025-06-05,FR,organic
cus_001014,2025-06-07,GB,paid_search
cus_001015,2025-06-07,GB,paid_search
cus_001016,2025-06-01,US,organic
cus_001017,2025-06-20,AU,paid_search
cus_001018,2025-06-03,FR,partner
cus_001019,2025-06-02,CA,paid_search
cus_001020,2025-06-09,IN,paid_search
cus_001021,2025-06-18,DE,paid_search
cus_001022,2025-06-02,CA,organic
cus_001023,2025-06-11,DE,content
cus_001024,2025-06-22,GB,partner
cus_001025,2025-06-06,US,content
cus_001026,2025-06-22,DE,referral
cus_001027,2025-06-30,DE,partner
cus_001028,2025-06-18,US,paid_search
cus_001029,2025-06-10,GB,paid_search
cus_001030,2025-06-10,DE,partner
cus_001031,2025-06-02,FR,partner
cus_001032,2025-06-30,IN,content
cus_001033,2025-06-16,US,paid_search
cus_001034,2025-06-13,FR,content
cus_001035,2025-06-01,IN,content
cus_001036,2025-06-18,DE,paid_search
cus_001037,2025-06-12,US,referral
cus_001038,2025-06-14,US,organic
cus_001039,2025-06-14,US,referral
cus_001040,2025-06-21,DE,partner
cus_001041,2025-06-29,FR,content
cus_001042,2025-06-23,DE,content
cus_001043,2025-06-07,CA,organic
cus_001044,2025-06-03,GB,paid_search
cus_001045,2025-06-19,DE,referral
cus_001046,2025-06-23,IN,organic
cus_001047,2025-06-11,AU,paid_search
cus_001048,2025-06-06,US,referral
cus_001049,2025-06-25,CA,organic
cus_001050,2025-06-25,CA,organic
cus_001051,2025-06-11,DE,content
cus_001052,2025-06-14,CA,organic
cus_001053,2025-06-12,DE,organic
cus_001054,2025-06-05,AU,content
cus_001055,2025-06-16,US,content
cus_001056,2025-06-10,US,referral
cus_001057,2025-06-12,US,paid_search
cus_001058,2025-06-15,FR,organic
cus_001059,2025-06-07,IN,partner
cus_001060,2025-06-29,AU,partner
cus_001061,2025-06-26,US,paid_search
cus_001062,2025-06-14,US,content
cus_001063,2025-06-24,CA,content
cus_001064,2025-06-22,US,partner
cus_001065,2025-06-28,GB,partner
cus_001066,2025-06-12,AU,organic
cus_001067,2025-06-14,IN,partner
cus_001068,2025-06-10,DE,referral
cus_001069,2025-06-03,FR,paid_search
cus_001070,2025-06-13,IN,content
cus_001071,2025-06-13,FR,paid_search
cus_001072,2025-06-27,FR,content
cus_001073,2025-06-10,US,organic
cus_001074,2025-06-29,FR,partner
cus_001075,2025-06-12,IN,partner
cus_001076,2025-06-20,AU,referral
cus_001077,2025-06-15,AU,referral
cus_001078,2025-06-17,GB,partner
cus_001079,2025-06-25,CA,content
cus_001080,2025-06-28,US,content
cus_001081,2025-06-14,IN,partner
cus_001082,2025-06-24,AU,organic
cus_001083,2025-06-09,AU,referral
cus_001084,2025-06-01,US,partner
cus_001085,2025-06-20,IN,organic
cus_001086,2025-06-01,CA,paid_search
cus_001087,2025-06-16,DE,content
cus_001088,2025-06-17,CA,organic
cus_001089,2025-06-11,US,partner
cus_001090,2025-06-20,AU,partner
cus_001091,2025-06-17,US,organic
cus_001092,2025-06-26,CA,organic
cus_001093,2025-06-04,US,partner
cus_001094,2025-06-25,US,organic
cus_001095,2025-06-13,US,organic
cus_001096,2025-06-29,AU,referral
cus_001097,2025-06-16,CA,referral
cus_001098,2025-06-11,GB,partner
cus_001099,2025-06-18,CA,organic
cus_001100,2025-06-14,US,partner
cus_001101,2025-06-19,US,referral
cus_001102,2025-06-26,US,paid_search
cus_001103,2025-06-11,DE,paid_search
cus_001104,2025-06-20,US,content
cus_001105,2025-06-28,US,partner
cus_001106,2025-06-20,FR,organic
cus_001107,2025-06-19,DE,organic
cus_001108,2025-06-17,US,referral
cus_001109,2025-06-21,CA,paid_search
cus_001110,2025-06-26,DE,content
cus_001111,2025-06-26,AU,organic
cus_001112,2025-06-19,US,organic
cus_001113,2025-06-23,IN,partner
cus_001114,2025-06-02,US,referral
cus_001115,2025-06-23,CA,partner
cus_001116,2025-06-16,CA,organic
cus_001117,2025-06-21,US,partner
cus_001118,2025-06-12,AU,organic
cus_001119,2025-06-26,CA,content
cus_001120,2025-06-11,US,partner
cus_001121,2025-06-17,FR,content
cus_001122,2025-06-09,AU,paid_search
cus_001123,2025-06-20,US,content
cus_001124,2025-06-13,IN,paid_search
cus_001125,2025-06-06,DE,paid_search
cus_001126,2025-06-29,IN,paid_search
cus_001127,2025-06-05,US,referral
cus_001128,2025-06-20,AU,partner
cus_001129,2025-06-13,DE,partner
cus_001130,2025-06-08,CA,referral
cus_001131,2025-06-28,DE,content
cus_001132,2025-06-20,DE,organic
cus_001133,2025-06-12,US,referral
cus_001134,2025-06-15,IN,organic
cus_001135,2025-06-27,AU,paid_search
cus_001136,2025-06-22,AU,referral
cus_001137,2025-06-24,CA,organic
cus_001138,2025-06-18,US,content
cus_001139,2025-06-10,DE,partner
cus_001140,2025-06-08,AU,paid_search
cus_001141,2025-06-26,US,paid_search
cus_001142,2025-06-18,IN,referral
cus_001143,2025-06-23,IN,referral
cus_001144,2025-06-29,IN,content
cus_001145,2025-06-20,DE,content
cus_001146,2025-06-02,US,referral
cus_001147,2025-06-22,DE,partner
cus_001148,2025-06-15,GB,organic
cus_001149,2025-06-13,GB,organic
cus_001150,2025-06-19,US,paid_search
cus_001151,2025-06-10,DE,partner
cus_001152,2025-06-12,US,paid_search
cus_001153,2025-06-30,AU,referral
cus_001154,2025-06-25,FR,organic
cus_001155,2025-06-21,CA,organic
cus_001156,2025-06-30,US,organic
cus_001157,2025-06-08,FR,paid_search
cus_001158,2025-06-27,DE,content
cus_001159,2025-06-23,FR,paid_search
cus_001160,2025-06-05,US,partner
cus_001161,2025-06-06,GB,content
cus_001162,2025-06-30,GB,referral
cus_001163,2025-06-11,DE,paid_search
cus_001164,2025-06-09,US,organic
cus_001165,2025-06-30,US,content
cus_001166,2025-06-09,CA,paid_search
cus_001167,2025-06-12,US,paid_search
cus_001168,2025-06-09,US,referral
cus_001169,2025-06-18,US,organic
cus_001170,2025-06-24,IN,paid_search
cus_001171,2025-06-23,FR,partner
cus_001172,2025-06-12,IN,paid_search
cus_001173,2025-06-11,US,referral
cus_001174,2025-06-24,US,paid_search
cus_001175,2025-06-07,IN,paid_search
cus_001176,2025-06-21,DE,content
cus_001177,2025-06-28,GB,referral
cus_001178,2025-06-18,GB,paid_search
cus_001179,2025-06-20,FR,content
cus_001180,2025-06-01,US,paid_search
cus_001181,2025-06-29,US,partner
cus_001182,2025-06-25,US,paid_search
cus_001183,2025-06-10,IN,content
cus_001184,2025-06-18,IN,paid_search
cus_001185,2025-06-29,US,referral
cus_001186,2025-06-24,GB,paid_search
cus_001187,2025-06-29,DE,organic
cus_001188,2025-06-14,US,content
cus_001189,2025-06-21,CA,organic
cus_001190,2025-06-09,AU,referral
cus_001191,2025-06-23,DE,organic
cus_001192,2025-06-22,DE,referral
cus_001193,2025-06-10,FR,referral
cus_001194,2025-06-30,AU,content
cus_001195,2025-06-11,DE,partner
cus_001196,2025-06-08,CA,content
cus_001197,2025-06-30,GB,content
cus_001198,2025-06-26,US,partner
cus_001199,2025-06-19,AU,content
cus_001200,2025-07-22,DE,referral
cus_001201,2025-07-06,US,organic
cus_001202,2025-07-12,US,content
cus_001203,2025-07-15,GB,referral
cus_001204,2025-07-14,US,partner
cus_001205,2025-07-28,US,partner
cus_001206,2025-07-19,AU,organic
cus_001207,2025-07-29,GB,referral
cus_001208,2025-07-31,FR,paid_search
cus_001209,2025-07-04,DE,referral
cus_001210,2025-07-29,US,referral
cus_001211,2025-07-26,GB,content
cus_001212,2025-07-29,US,referral
cus_001213,2025-07-08,US,referral
cus_001214,2025-07-30,US,organic
cus_001215,2025-07-04,GB,partner
cus_001216,2025-07-03,IN,partner
cus_001217,2025-07-17,FR,partner
cus_001218,2025-07-28,DE,partner
cus_001219,2025-07-23,US,content
cus_001220,2025-07-26,FR,partner
cus_001221,2025-07-05,AU,paid_search
cus_001222,2025-07-08,FR,content
cus_001223,2025-07-29,CA,paid_search
cus_001224,2025-07-26,CA,paid_search
cus_001225,2025-07-19,AU,content
cus_001226,2025-07-01,US,organic
cus_001227,2025-07-03,AU,referral
cus_001228,2025-07-24,CA,content
cus_001229,2025-07-01,US,paid_search
cus_001230,2025-07-22,CA,partner
cus_001231,2025-07-21,US,partner
cus_001232,2025-07-23,US,referral
cus_001233,2025-07-11,IN,content
cus_001234,2025-07-31,DE,referral
cus_001235,2025-07-27,IN,organic
cus_001236,2025-07-12,FR,paid_search
cus_001237,2025-07-04,FR,paid_search
cus_001238,2025-07-29,CA,content
cus_001239,2025-07-13,US,organic
cus_001240,2025-07-24,AU,organic
cus_001241,2025-07-12,GB,paid_search
cus_001242,2025-07-17,GB,referral
cus_001243,2025-07-22,DE,content
cus_001244,2025-07-30,AU,organic
cus_001245,2025-07-03,CA,organic
cus_001246,2025-07-11,IN,organic
cus_001247,2025-07-29,DE,paid_search
cus_001248,2025-07-30,GB,referral
cus_001249,2025-07-24,DE,referral
cus_001250,2025-07-29,DE,referral
cus_001251,2025-07-25,GB,referral
cus_001252,2025-07-05,IN,referral
cus_001253,2025-07-28,FR,partner
cus_001254,2025-07-03,IN,content
cus_001255,2025-07-27,AU,partner
cus_001256,2025-07-24,CA,referral
cus_001257,2025-07-14,IN,partner
cus_001258,2025-07-02,AU,organic
cus_001259,2025-07-17,US,paid_search
cus_001260,2025-07-10,US,partner
cus_001261,2025-07-10,IN,paid_search
cus_001262,2025-07-28,US,content
cus_001263,2025-07-07,AU,referral
cus_001264,2025-07-27,GB,partner
cus_001265,2025-07-02,US,organic
cus_001266,2025-07-17,US,referral
cus_001267,2025-07-02,IN,referral
cus_001268,2025-07-31,CA,partner
cus_001269,2025-07-26,CA,content
cus_001270,2025-07-19,US,content
cus_001271,2025-07-02,DE,partner
cus_001272,2025-07-10,FR,organic
cus_001273,2025-07-18,US,partner
cus_001274,2025-07-24,AU,paid_search
cus_001275,2025-07-22,CA,content
cus_001276,2025-07-01,CA,organic
cus_001277,2025-07-27,CA,paid_search
cus_001278,2025-07-24,GB,content
cus_001279,2025-07-05,FR,paid_search
cus_001280,2025-07-26,US,content
cus_001281,2025-07-01,FR,organic
cus_001282,2025-07-12,CA,referral
cus_001283,2025-07-31,GB,partner
cus_001284,2025-07-15,GB,partner
cus_001285,2025-07-25,DE,referral
cus_001286,2025-07-07,DE,organic
cus_001287,2025-07-25,IN,paid_search
cus_001288,2025-07-30,FR,partner
cus_001289,2025-07-13,CA,organic
cus_001290,2025-07-02,US,referral
cus_001291,2025-07-27,DE,partner
cus_001292,2025-07-04,US,partner
cus_001293,2025-07-08,IN,referral
cus_001294,2025-07-25,US,referral
cus_001295,2025-07-14,DE,paid_search
cus_001296,2025-07-20,US,paid_search
cus_001297,2025-07-13,GB,content
cus_001298,2025-07-22,CA,partner
cus_001299,2025-07-17,US,partner
cus_001300,2025-07-09,US,paid_search
cus_001301,2025-07-03,AU,partner
cus_001302,2025-07-19,DE,content
cus_001303,2025-07-07,DE,partner
cus_001304,2025-07-02,US,partner
cus_001305,2025-07-06,FR,partner
cus_001306,2025-07-08,DE,partner
cus_001307,2025-07-02,IN,partner
cus_001308,2025-07-08,CA,content
cus_001309,2025-07-04,US,organic
cus_001310,2025-07-09,CA,referral
cus_001311,2025-07-08,FR,content
cus_001312,2025-07-24,FR,content
cus_001313,2025-07-14,IN,partner
cus_001314,2025-07-17,DE,content
cus_001315,2025-07-29,US,content
cus_001316,2025-07-28,GB,referral
cus_001317,2025-07-25,IN,content
cus_001318,2025-07-14,US,content
cus_001319,2025-07-19,DE,partner
cus_001320,2025-07-21,AU,partner
cus_001321,2025-07-12,CA,paid_search
cus_001322,2025-07-30,US,organic
cus_001323,2025-07-01,DE,referral
cus_001324,2025-07-10,US,referral
cus_001325,2025-07-16,AU,referral
cus_001326,2025-07-26,US,referral
cus_001327,2025-07-20,CA,referral
cus_001328,2025-07-05,IN,paid_search
cus_001329,2025-07-26,US,referral
cus_001330,2025-07-09,DE,partner
cus_001331,2025-07-12,US,partner
cus_001332,2025-07-20,US,organic
cus_001333,2025-07-13,IN,organic
cus_001334,2025-07-30,US,referral
cus_001335,2025-07-25,US,partner
cus_001336,2025-07-20,CA,content
cus_001337,2025-07-10,US,partner
cus_001338,2025-07-25,IN,content
cus_001339,2025-07-21,US,paid_search
cus_001340,2025-07-17,IN,organic
cus_001341,2025-07-29,GB,referral
cus_001342,2025-07-08,DE,referral
cus_001343,2025-07-10,GB,referral
cus_001344,2025-07-16,FR,organic
cus_001345,2025-07-23,US,partner
cus_001346,2025-07-12,AU,organic
cus_001347,2025-07-11,CA,organic
cus_001348,2025-07-07,GB,referral
cus_001349,2025-07-28,CA,referral
cus_001350,2025-07-07,CA,partner
cus_001351,2025-07-09,US,content
cus_001352,2025-07-12,GB,referral
cus_001353,2025-07-23,US,paid_search
cus_001354,2025-07-19,AU,organic
cus_001355,2025-07-22,US,paid_search
cus_001356,2025-07-14,US,referral
cus_001357,2025-07-09,GB,partner
cus_001358,2025-07-02,GB,partner
cus_001359,2025-07-06,GB,paid_search
cus_001360,2025-07-24,IN,organic
cus_001361,2025-07-19,US,partner
cus_001362,2025-07-15,GB,organic
cus_001363,2025-07-12,US,content
cus_001364,2025-07-21,GB,referral
cus_001365,2025-07-06,US,partner
cus_001366,2025-07-13,IN,referral
cus_001367,2025-07-31,GB,organic
cus_001368,2025-07-31,GB,content
cus_001369,2025-07-14,AU,content
cus_001370,2025-07-20,AU,paid_search
cus_001371,2025-07-19,FR,paid_search
cus_001372,2025-07-13,IN,referral
cus_001373,2025-07-08,US,referral
cus_001374,2025-07-31,GB,paid_search
cus_001375,2025-07-26,US,referral
cus_001376,2025-07-01,AU,paid_search
cus_001377,2025-07-22,GB,referral
cus_001378,2025-07-24,IN,organic
cus_001379,2025-07-05,US,referral
cus_001380,2025-07-09,GB,partner
cus_001381,2025-07-30,US,organic
cus_001382,2025-07-10,FR,paid_search
cus_001383,2025-07-15,US,organic
cus_001384,2025-07-09,FR,partner
cus_001385,2025-07-19,US,content
cus_001386,2025-07-28,AU,paid_search
cus_001387,2025-07-19,CA,referral
cus_001388,2025-07-08,IN,organic
cus_001389,2025-07-11,US,paid_search
cus_001390,2025-07-21,CA,organic
cus_001391,2025-07-21,CA,content
cus_001392,2025-07-13,IN,content
cus_001393,2025-07-21,FR,content
cus_001394,2025-07-31,CA,paid_search
cus_001395,2025-07-24,US,content
cus_001396,2025-07-29,US,referral
cus_001397,2025-07-27,DE,referral
cus_001398,2025-07-19,US,organic
cus_001399,2025-07-13,DE,content
cus_001400,2025-07-18,CA,referral
cus_001401,2025-07-25,US,organic
cus_001402,2025-07-05,AU,partner
cus_001403,2025-07-24,US,partner
cus_001404,2025-07-24,DE,paid_search
cus_001405,2025-07-08,AU,referral
cus_001406,2025-07-07,DE,referral
cus_001407,2025-07-01,DE,partner
cus_001408,2025-07-30,US,partner
cus_001409,2025-07-03,IN,content
cus_001410,2025-07-23,GB,content
cus_001411,2025-07-10,US,content
cus_001412,2025-07-30,IN,content
cus_001413,2025-07-15,GB,content
cus_001414,2025-07-10,GB,organic
cus_001415,2025-07-09,FR,content
cus_001416,2025-07-03,US,content
cus_001417,2025-07-18,GB,content
cus_001418,2025-07-27,AU,partner
cus_001419,2025-07-29,FR,referral
cus_001420,2025-08-14,US,paid_search
cus_001421,2025-08-06,IN,organic
cus_001422,2025-08-10,FR,organic
cus_001423,2025-08-15,IN,partner
cus_001424,2025-08-12,AU,partner
cus_001425,2025-08-26,US,content
cus_001426,2025-08-16,IN,partner
cus_001427,2025-08-06,AU,content
cus_001428,2025-08-31,GB,referral
cus_001429,2025-08-29,US,referral
cus_001430,2025-08-06,US,organic
cus_001431,2025-08-04,CA,partner
cus_001432,2025-08-08,FR,content
cus_001433,2025-08-11,AU,content
cus_001434,2025-08-16,CA,organic
cus_001435,2025-08-15,DE,content
cus_001436,2025-08-02,DE,content
cus_001437,2025-08-21,US,paid_search
cus_001438,2025-08-23,DE,partner
cus_001439,2025-08-30,US,organic
cus_001440,2025-08-11,DE,paid_search
cus_001441,2025-08-23,US,content
cus_001442,2025-08-06,US,paid_search
cus_001443,2025-08-02,DE,referral
cus_001444,2025-08-23,DE,organic
cus_001445,2025-08-23,FR,content
cus_001446,2025-08-08,US,referral
cus_001447,2025-08-12,CA,partner
cus_001448,2025-08-02,US,partner
cus_001449,2025-08-06,US,partner
cus_001450,2025-08-09,FR,referral
cus_001451,2025-08-16,FR,paid_search
cus_001452,2025-08-26,FR,referral
cus_001453,2025-08-23,IN,partner
cus_001454,2025-08-31,US,paid_search
cus_001455,2025-08-29,IN,paid_search
cus_001456,2025-08-11,CA,content
cus_001457,2025-08-14,US,content
cus_001458,2025-08-06,US,content
cus_001459,2025-08-31,US,referral
cus_001460,2025-08-03,IN,partner
cus_001461,2025-08-13,CA,organic
cus_001462,2025-08-05,GB,content
cus_001463,2025-08-06,IN,content
cus_001464,2025-08-19,US,organic
cus_001465,2025-08-16,DE,organic
cus_001466,2025-08-20,CA,organic
cus_001467,2025-08-29,AU,partner
cus_001468,2025-08-15,DE,paid_search
cus_001469,2025-08-25,US,content
cus_001470,2025-08-03,US,content
cus_001471,2025-08-20,GB,paid_search
cus_001472,2025-08-25,AU,content
cus_001473,2025-08-15,AU,referral
cus_001474,2025-08-18,US,paid_search
cus_001475,2025-08-05,GB,organic
cus_001476,2025-08-13,US,referral
cus_001477,2025-08-17,CA,content
cus_001478,2025-08-31,US,partner
cus_001479,2025-08-15,AU,paid_search
cus_001480,2025-08-26,FR,partner
cus_001481,2025-08-27,CA,content
cus_001482,2025-08-05,GB,content
cus_001483,2025-08-22,US,content
cus_001484,2025-08-13,IN,content
cus_001485,2025-08-29,US,organic
cus_001486,2025-08-08,US,referral
cus_001487,2025-08-05,AU,content
cus_001488,2025-08-27,CA,content
cus_001489,2025-08-12,US,referral
cus_001490,2025-08-24,GB,content
cus_001491,2025-08-12,US,paid_search
cus_001492,2025-08-22,US,content
cus_001493,2025-08-03,AU,content
cus_001494,2025-08-14,US,referral
cus_001495,2025-08-28,IN,partner
cus_001496,2025-08-29,FR,content
cus_001497,2025-08-24,GB,partner
cus_001498,2025-08-16,FR,partner
cus_001499,2025-08-19,CA,content
cus_001500,2025-08-03,FR,paid_search
cus_001501,2025-08-28,IN,partner
cus_001502,2025-08-25,US,paid_search
cus_001503,2025-08-01,US,content
cus_001504,2025-08-10,DE,paid_search
cus_001505,2025-08-15,US,organic
cus_001506,2025-08-16,US,partner
cus_001507,2025-08-31,DE,partner
cus_001508,2025-08-01,GB,paid_search
cus_001509,2025-08-15,IN,referral
cus_001510,2025-08-26,GB,partner
cus_001511,2025-08-28,FR,partner
cus_001512,2025-08-03,DE,referral
cus_001513,2025-08-14,GB,content
cus_001514,2025-08-23,FR,referral
cus_001515,2025-08-05,AU,content
cus_001516,2025-08-29,DE,referral
cus_001517,2025-08-13,US,partner
cus_001518,2025-08-16,US,referral
cus_001519,2025-08-14,IN,partner
cus_001520,2025-08-24,AU,organic
cus_001521,2025-08-24,CA,content
cus_001522,2025-08-13,IN,paid_search
cus_001523,2025-08-06,AU,partner
cus_001524,2025-08-19,FR,paid_search
cus_001525,2025-08-04,US,content
cus_001526,2025-08-15,US,referral
cus_001527,2025-08-24,DE,referral
cus_001528,2025-08-26,US,paid_search
cus_001529,2025-08-19,IN,content
cus_001530,2025-08-17,IN,content
cus_001531,2025-08-21,AU,content
cus_001532,2025-08-25,US,content
cus_001533,2025-08-24,US,organic
cus_001534,2025-08-02,AU,paid_search
cus_001535,2025-08-22,US,partner
cus_001536,2025-08-16,US,paid_search
cus_001537,2025-08-31,GB,referral
cus_001538,2025-08-25,US,partner
cus_001539,2025-08-13,US,content
cus_001540,2025-08-25,AU,partner
cus_001541,2025-08-06,US,organic
cus_001542,2025-08-22,FR,organic
cus_001543,2025-08-14,CA,content
cus_001544,2025-08-31,CA,content
cus_001545,2025-08-12,US,paid_search
cus_001546,2025-08-02,DE,organic
cus_001547,2025-08-29,CA,organic
cus_001548,2025-08-04,DE,organic
cus_001549,2025-08-10,US,organic
cus_001550,2025-08-18,GB,paid_search
cus_001551,2025-08-10,US,referral
cus_001552,2025-08-24,US,referral
cus_001553,2025-08-03,IN,partner
cus_001554,2025-08-06,US,content
cus_001555,2025-08-13,US,organic
cus_001556,2025-08-23,GB,partner
cus_001557,2025-08-26,CA,organic
cus_001558,2025-08-25,IN,content
cus_001559,2025-08-29,GB,partner
cus_001560,2025-08-12,IN,paid_search
cus_001561,2025-08-13,FR,content
cus_001562,2025-08-12,US,partner
cus_001563,2025-08-27,GB,paid_search
cus_001564,2025-08-18,FR,organic
cus_001565,2025-08-09,FR,partner
cus_001566,2025-08-05,CA,referral
cus_001567,2025-08-22,US,referral
cus_001568,2025-08-10,IN,paid_search
cus_001569,2025-08-29,US,referral
cus_001570,2025-08-11,CA,paid_search
cus_001571,2025-08-14,GB,organic
cus_001572,2025-08-03,DE,partner
cus_001573,2025-08-25,US,referral
cus_001574,2025-08-26,FR,partner
cus_001575,2025-08-11,AU,referral
cus_001576,2025-08-03,GB,organic
cus_001577,2025-08-06,US,content
cus_001578,2025-08-02,GB,paid_search
cus_001579,2025-08-19,US,paid_search
cus_001580,2025-08-10,AU,organic
cus_001581,2025-08-26,US,partner
cus_001582,2025-08-01,US,partner
cus_001583,2025-08-06,AU,paid_search
cus_001584,2025-08-21,DE,organic
cus_001585,2025-08-08,US,content
cus_001586,2025-08-06,US,content
cus_001587,2025-08-10,CA,content
cus_001588,2025-08-18,AU,partner
cus_001589,2025-08-04,US,content
cus_001590,2025-08-14,GB,paid_search
cus_001591,2025-08-16,IN,referral
cus_001592,2025-08-15,US,partner
cus_001593,2025-08-06,IN,organic
cus_001594,2025-08-03,CA,referral
cus_001595,2025-08-14,GB,organic
cus_001596,2025-08-03,US,organic
cus_001597,2025-08-02,FR,content
cus_001598,2025-08-01,AU,referral
cus_001599,2025-08-19,GB,paid_search
cus_001600,2025-08-09,US,partner
cus_001601,2025-08-22,FR,referral
cus_001602,2025-08-16,GB,partner
cus_001603,2025-08-02,US,content
cus_001604,2025-08-16,CA,paid_search
cus_001605,2025-08-02,CA,organic
cus_001606,2025-08-17,DE,partner
cus_001607,2025-08-22,FR,paid_search
cus_001608,2025-08-24,IN,paid_search
cus_001609,2025-08-12,US,content
cus_001610,2025-08-18,AU,organic
cus_001611,2025-08-18,US,organic
cus_001612,2025-08-30,US,organic
cus_001613,2025-08-11,DE,partner
cus_001614,2025-08-31,US,partner
cus_001615,2025-08-24,US,organic
cus_001616,2025-08-21,CA,paid_search
cus_001617,2025-08-10,IN,partner
cus_001618,2025-08-03,AU,referral
cus_001619,2025-08-27,CA,content
cus_001620,2025-08-18,IN,partner
cus_001621,2025-08-16,AU,partner
cus_001622,2025-08-31,DE,organic
cus_001623,2025-08-02,US,content
cus_001624,2025-08-22,DE,paid_search
cus_001625,2025-08-03,US,content
cus_001626,2025-08-31,CA,organic
cus_001627,2025-08-12,IN,paid_search
cus_001628,2025-08-18,US,partner
cus_001629,2025-08-12,CA,paid_search
cus_001630,2025-08-03,AU,organic
cus_001631,2025-08-09,IN,content
cus_001632,2025-08-07,US,organic
cus_001633,2025-08-30,US,partner
cus_001634,2025-08-29,US,organic
cus_001635,2025-08-11,US,organic
cus_001636,2025-08-27,IN,organic
cus_001637,2025-08-02,CA,organic
cus_001638,2025-09-17,DE,paid_search
cus_001639,2025-09-13,AU,paid_search
cus_001640,2025-09-06,FR,content
cus_001641,2025-09-01,CA,partner
cus_001642,2025-09-29,FR,partner
cus_001643,2025-09-05,CA,partner
cus_001644,2025-09-13,AU,referral
cus_001645,2025-09-27,GB,organic
cus_001646,2025-09-05,US,partner
cus_001647,2025-09-03,CA,paid_search
cus_001648,2025-09-29,US,referral
cus_001649,2025-09-24,DE,referral
cus_001650,2025-09-12,DE,referral
cus_001651,2025-09-29,GB,paid_search
cus_001652,2025-09-04,US,content
cus_001653,2025-09-08,DE,paid_search
cus_001654,2025-09-24,DE,content
cus_001655,2025-09-11,IN,organic
cus_001656,2025-09-16,AU,organic
cus_001657,2025-09-18,DE,organic
cus_001658,2025-09-20,CA,paid_search
cus_001659,2025-09-30,CA,partner
cus_001660,2025-09-09,DE,paid_search
cus_001661,2025-09-04,US,paid_search
cus_001662,2025-09-29,GB,paid_search
cus_001663,2025-09-14,US,paid_search
cus_001664,2025-09-19,DE,referral
cus_001665,2025-09-26,CA,content
cus_001666,2025-09-22,CA,partner
cus_001667,2025-09-05,IN,organic
cus_001668,2025-09-17,CA,paid_search
cus_001669,2025-09-22,GB,partner
cus_001670,2025-09-05,IN,organic
cus_001671,2025-09-09,IN,referral
cus_001672,2025-09-15,CA,partner
cus_001673,2025-09-16,GB,content
cus_001674,2025-09-19,FR,organic
cus_001675,2025-09-08,GB,referral
cus_001676,2025-09-27,US,organic
cus_001677,2025-09-22,AU,partner
cus_001678,2025-09-06,IN,organic
cus_001679,2025-09-29,GB,partner
cus_001680,2025-09-16,FR,partner
cus_001681,2025-09-10,AU,paid_search
cus_001682,2025-09-01,US,referral
cus_001683,2025-09-08,AU,referral
cus_001684,2025-09-29,AU,organic
cus_001685,2025-09-17,AU,paid_search
cus_001686,2025-09-02,FR,referral
cus_001687,2025-09-15,GB,organic
cus_001688,2025-09-11,US,paid_search
cus_001689,2025-09-25,AU,referral
cus_001690,2025-09-06,IN,paid_search
cus_001691,2025-09-03,CA,partner
cus_001692,2025-09-16,IN,referral
cus_001693,2025-09-10,US,paid_search
cus_001694,2025-09-22,US,organic
cus_001695,2025-09-16,US,content
cus_001696,2025-09-01,AU,partner
cus_001697,2025-09-03,IN,paid_search
cus_001698,2025-09-19,US,paid_search
cus_001699,2025-09-17,US,organic
cus_001700,2025-09-18,US,referral
cus_001701,2025-09-21,US,referral
cus_001702,2025-09-15,US,partner
cus_001703,2025-09-01,DE,paid_search
cus_001704,2025-09-30,FR,organic
cus_001705,2025-09-05,FR,content
cus_001706,2025-09-15,IN,partner
cus_001707,2025-09-13,DE,partner
cus_001708,2025-09-23,US,paid_search
cus_001709,2025-09-01,GB,content
cus_001710,2025-09-13,US,organic
cus_001711,2025-09-08,US,partner
cus_001712,2025-09-27,US,organic
cus_001713,2025-09-02,AU,partner
cus_001714,2025-09-18,IN,partner
cus_001715,2025-09-19,IN,referral
cus_001716,2025-09-06,GB,organic
cus_001717,2025-09-24,US,referral
cus_001718,2025-09-01,AU,referral
cus_001719,2025-09-11,US,content
cus_001720,2025-09-10,AU,referral
cus_001721,2025-09-19,CA,referral
cus_001722,2025-09-27,FR,organic
cus_001723,2025-09-09,IN,referral
cus_001724,2025-09-16,CA,paid_search
cus_001725,2025-09-27,CA,content
cus_001726,2025-09-06,CA,partner
cus_001727,2025-09-02,US,content
cus_001728,2025-09-07,DE,partner
cus_001729,2025-09-02,US,referral
cus_001730,2025-09-03,US,organic
cus_001731,2025-09-04,US,referral
cus_001732,2025-09-28,CA,organic
cus_001733,2025-09-03,FR,organic
cus_001734,2025-09-03,IN,partner
cus_001735,2025-09-26,DE,referral
cus_001736,2025-09-09,IN,partner
cus_001737,2025-09-06,US,partner
cus_001738,2025-09-10,US,content
cus_001739,2025-09-23,GB,organic
cus_001740,2025-09-22,US,content
cus_001741,2025-09-08,GB,referral
cus_001742,2025-09-28,DE,content
cus_001743,2025-09-29,US,paid_search
cus_001744,2025-09-30,US,paid_search
cus_001745,2025-09-28,AU,content
cus_001746,2025-09-05,CA,partner
cus_001747,2025-09-21,GB,content
cus_001748,2025-09-16,DE,content
cus_001749,2025-09-08,IN,paid_search
cus_001750,2025-09-15,DE,organic
cus_001751,2025-09-26,US,paid_search
cus_001752,2025-09-30,US,referral
cus_001753,2025-09-19,US,partner
cus_001754,2025-09-11,IN,organic
cus_001755,2025-09-10,FR,content
cus_001756,2025-09-13,IN,paid_search
cus_001757,2025-09-16,IN,organic
cus_001758,2025-09-25,FR,partner
cus_001759,2025-09-10,AU,partner
cus_001760,2025-09-01,CA,paid_search
cus_001761,2025-09-20,IN,content
cus_001762,2025-09-18,US,paid_search
cus_001763,2025-09-26,DE,partner
cus_001764,2025-09-29,IN,paid_search
cus_001765,2025-09-11,US,partner
cus_001766,2025-09-19,GB,organic
cus_001767,2025-09-22,IN,referral
cus_001768,2025-09-25,GB,organic
cus_001769,2025-09-29,DE,referral
cus_001770,2025-09-06,US,organic
cus_001771,2025-09-24,DE,paid_search
cus_001772,2025-09-17,IN,organic
cus_001773,2025-09-23,DE,content
cus_001774,2025-09-27,US,referral
cus_001775,2025-09-03,GB,content
cus_001776,2025-09-01,FR,referral
cus_001777,2025-09-14,GB,paid_search
cus_001778,2025-09-10,IN,organic
cus_001779,2025-09-02,AU,paid_search
cus_001780,2025-09-24,DE,organic
cus_001781,2025-09-13,CA,content
cus_001782,2025-09-23,US,paid_search
cus_001783,2025-09-21,FR,content
cus_001784,2025-09-22,US,organic
cus_001785,2025-09-11,GB,referral
cus_001786,2025-09-04,US,referral
cus_001787,2025-09-05,FR,partner
cus_001788,2025-09-24,AU,referral
cus_001789,2025-09-29,GB,paid_search
cus_001790,2025-09-28,IN,organic
cus_001791,2025-09-11,US,content
cus_001792,2025-09-15,US,partner
cus_001793,2025-09-15,AU,organic
cus_001794,2025-09-17,FR,organic
cus_001795,2025-09-12,DE,referral
cus_001796,2025-09-20,FR,content
cus_001797,2025-09-03,US,organic
cus_001798,2025-09-05,GB,partner
cus_001799,2025-09-19,US,organic
cus_001800,2025-09-11,GB,content
cus_001801,2025-09-03,FR,referral
cus_001802,2025-09-25,AU,partner
cus_001803,2025-09-30,AU,partner
cus_001804,2025-09-26,US,referral
cus_001805,2025-09-07,GB,referral
cus_001806,2025-09-10,US,paid_search
cus_001807,2025-09-28,FR,paid_search
cus_001808,2025-09-15,CA,referral
cus_001809,2025-09-03,GB,content
cus_001810,2025-09-29,IN,content
cus_001811,2025-09-21,FR,partner
cus_001812,2025-09-23,US,content
cus_001813,2025-09-26,US,paid_search
cus_001814,2025-09-27,AU,organic
cus_001815,2025-09-19,US,partner
cus_001816,2025-09-11,US,referral
cus_001817,2025-09-17,DE,paid_search
cus_001818,2025-09-27,GB,organic
cus_001819,2025-09-03,FR,content
cus_001820,2025-09-25,CA,referral
cus_001821,2025-09-07,FR,organic
cus_001822,2025-09-13,GB,organic
cus_001823,2025-09-11,AU,organic
cus_001824,2025-09-18,GB,partner
cus_001825,2025-09-09,US,organic
cus_001826,2025-09-08,CA,referral
cus_001827,2025-09-27,DE,referral
cus_001828,2025-09-15,US,referral
cus_001829,2025-09-21,US,paid_search
cus_001830,2025-09-09,US,organic
cus_001831,2025-09-04,AU,referral
cus_001832,2025-09-20,US,paid_search
cus_001833,2025-09-23,FR,content
cus_001834,2025-09-21,IN,referral
cus_001835,2025-09-06,AU,content
cus_001836,2025-09-13,FR,organic
cus_001837,2025-09-02,GB,content
cus_001838,2025-09-13,AU,organic
cus_001839,2025-09-29,US,paid_search
cus_001840,2025-09-18,AU,partner
cus_001841,2025-09-25,IN,organic
cus_001842,2025-09-01,FR,paid_search
cus_001843,2025-09-04,GB,content
cus_001844,2025-09-27,FR,referral
cus_001845,2025-09-23,US,referral
cus_001846,2025-09-22,IN,content
cus_001847,2025-09-24,FR,organic
cus_001848,2025-09-15,GB,content
cus_001849,2025-09-27,GB,partner
cus_001850,2025-09-14,US,partner
cus_001851,2025-09-24,DE,organic
cus_001852,2025-09-21,US,content
cus_001853,2025-09-06,FR,partner
cus_001854,2025-09-09,US,content
cus_001855,2025-09-05,CA,referral
cus_001856,2025-09-12,US,paid_search
cus_001857,2025-09-19,AU,partner
cus_001858,2025-09-21,CA,content
cus_001859,2025-09-26,IN,content
cus_001860,2025-09-10,DE,partner
cus_001861,2025-09-07,FR,partner
cus_001862,2025-09-04,US,content
cus_001863,2025-09-16,CA,content
cus_001864,2025-09-11,DE,paid_search
cus_001865,2025-09-27,IN,paid_search
cus_001866,2025-09-11,US,referral
cus_001867,2025-09-12,US,partner
cus_001868,2025-09-17,US,content
cus_001869,2025-09-14,AU,referral
cus_001870,2025-09-09,IN,content
cus_001871,2025-09-14,US,partner
cus_001872,2025-09-11,AU,referral
cus_001873,2025-09-04,FR,partner
cus_001874,2025-09-24,FR,organic
cus_001875,2025-09-01,US,content
cus_001876,2025-09-01,FR,referral
cus_001877,2025-09-16,CA,content
cus_001878,2025-09-18,US,organic
cus_001879,2025-10-28,DE,organic
cus_001880,2025-10-09,AU,paid_search
cus_001881,2025-10-15,DE,paid_search
cus_001882,2025-10-28,US,partner
cus_001883,2025-10-15,US,partner
cus_001884,2025-10-20,CA,referral
cus_001885,2025-10-30,IN,content
cus_001886,2025-10-27,DE,content
cus_001887,2025-10-31,IN,referral
cus_001888,2025-10-31,FR,paid_search
cus_001889,2025-10-08,CA,content
cus_001890,2025-10-11,DE,partner
cus_001891,2025-10-10,FR,organic
cus_001892,2025-10-08,GB,referral
cus_001893,2025-10-24,US,referral
cus_001894,2025-10-18,DE,content
cus_001895,2025-10-28,FR,paid_search
cus_001896,2025-10-21,DE,referral
cus_001897,2025-10-22,US,content
cus_001898,2025-10-25,IN,paid_search
cus_001899,2025-10-22,US,partner
cus_001900,2025-10-12,US,referral
cus_001901,2025-10-27,US,referral
cus_001902,2025-10-08,FR,referral
cus_001903,2025-10-07,AU,partner
cus_001904,2025-10-15,GB,partner
cus_001905,2025-10-17,AU,paid_search
cus_001906,2025-10-17,IN,partner
cus_001907,2025-10-18,CA,paid_search
cus_001908,2025-10-18,DE,paid_search
cus_001909,2025-10-03,IN,referral
cus_001910,2025-10-27,CA,paid_search
cus_001911,2025-10-27,GB,organic
cus_001912,2025-10-09,GB,partner
cus_001913,2025-10-23,US,paid_search
cus_001914,2025-10-12,CA,paid_search
cus_001915,2025-10-27,AU,partner
cus_001916,2025-10-04,CA,paid_search
cus_001917,2025-10-12,DE,partner
cus_001918,2025-10-15,FR,paid_search
cus_001919,2025-10-31,FR,content
cus_001920,2025-10-23,DE,content
cus_001921,2025-10-18,DE,partner
cus_001922,2025-10-03,IN,organic
cus_001923,2025-10-15,CA,referral
cus_001924,2025-10-10,GB,partner
cus_001925,2025-10-26,US,paid_search
cus_001926,2025-10-25,AU,organic
cus_001927,2025-10-05,IN,organic
cus_001928,2025-10-30,CA,content
cus_001929,2025-10-21,AU,partner
cus_001930,2025-10-17,AU,partner
cus_001931,2025-10-13,GB,paid_search
cus_001932,2025-10-26,DE,partner
cus_001933,2025-10-31,US,referral
cus_001934,2025-10-15,FR,referral
cus_001935,2025-10-23,DE,referral
cus_001936,2025-10-28,DE,paid_search
cus_001937,2025-10-24,AU,referral
cus_001938,2025-10-13,CA,content
cus_001939,2025-10-25,US,organic
cus_001940,2025-10-08,IN,paid_search
cus_001941,2025-10-19,IN,organic
cus_001942,2025-10-17,US,paid_search
cus_001943,2025-10-09,GB,content
cus_001944,2025-10-19,CA,partner
cus_001945,2025-10-15,US,organic
cus_001946,2025-10-12,FR,partner
cus_001947,2025-10-31,CA,content
cus_001948,2025-10-03,US,content
cus_001949,2025-10-09,DE,paid_search
cus_001950,2025-10-17,US,paid_search
cus_001951,2025-10-09,CA,partner
cus_001952,2025-10-25,IN,referral
cus_001953,2025-10-23,US,paid_search
cus_001954,2025-10-22,IN,paid_search
cus_001955,2025-10-25,FR,content
cus_001956,2025-10-28,IN,paid_search
cus_001957,2025-10-05,FR,paid_search
cus_001958,2025-10-19,DE,partner
cus_001959,2025-10-30,US,paid_search
cus_001960,2025-10-31,IN,organic
cus_001961,2025-10-11,IN,referral
cus_001962,2025-10-21,US,organic
cus_001963,2025-10-13,US,partner
cus_001964,2025-10-25,US,content
cus_001965,2025-10-31,DE,organic
cus_001966,2025-10-01,CA,paid_search
cus_001967,2025-10-09,GB,partner
cus_001968,2025-10-26,FR,referral
cus_001969,2025-10-16,DE,referral
cus_001970,2025-10-30,FR,referral
cus_001971,2025-10-30,AU,referral
cus_001972,2025-10-13,DE,partner
cus_001973,2025-10-07,AU,organic
cus_001974,2025-10-30,DE,referral
cus_001975,2025-10-16,GB,content
cus_001976,2025-10-25,AU,content
cus_001977,2025-10-07,US,referral
cus_001978,2025-10-22,US,content
cus_001979,2025-10-19,GB,content
cus_001980,2025-10-21,CA,partner
cus_001981,2025-10-19,FR,content
cus_001982,2025-10-23,FR,partner
cus_001983,2025-10-01,IN,partner
cus_001984,2025-10-17,GB,paid_search
cus_001985,2025-10-09,GB,organic
cus_001986,2025-10-11,US,referral
cus_001987,2025-10-01,US,organic
cus_001988,2025-10-05,CA,content
cus_001989,2025-10-09,IN,organic
cus_001990,2025-10-21,US,content
cus_001991,2025-10-26,CA,referral
cus_001992,2025-10-11,IN,referral
cus_001993,2025-10-28,DE,paid_search
cus_001994,2025-10-31,US,referral
cus_001995,2025-10-01,US,referral
cus_001996,2025-10-31,IN,partner
cus_001997,2025-10-02,US,paid_search
cus_001998,2025-10-02,IN,partner
cus_001999,2025-10-04,US,organic
cus_002000,2025-10-25,US,referral
cus_002001,2025-10-09,GB,organic
cus_002002,2025-10-25,FR,organic
cus_002003,2025-10-12,IN,content
cus_002004,2025-10-23,CA,content
cus_002005,2025-10-03,US,content
cus_002006,2025-10-01,US,organic
cus_002007,2025-10-25,FR,referral
cus_002008,2025-10-17,US,paid_search
cus_002009,2025-10-16,IN,partner
cus_002010,2025-10-14,US,organic
cus_002011,2025-10-14,US,content
cus_002012,2025-10-23,US,organic
cus_002013,2025-10-14,GB,partner
cus_002014,2025-10-24,FR,organic
cus_002015,2025-10-10,GB,partner
cus_002016,2025-10-28,CA,organic
cus_002017,2025-10-23,CA,organic
cus_002018,2025-10-30,AU,content
cus_002019,2025-10-06,US,organic
cus_002020,2025-10-25,US,content
cus_002021,2025-10-29,US,partner
cus_002022,2025-10-25,CA,paid_search
cus_002023,2025-10-25,CA,referral
cus_002024,2025-10-14,FR,organic
cus_002025,2025-10-15,CA,referral
cus_002026,2025-10-05,DE,referral
cus_002027,2025-10-28,US,partner
cus_002028,2025-10-12,CA,paid_search
cus_002029,2025-10-17,FR,content
cus_002030,2025-10-05,US,content
cus_002031,2025-10-29,US,partner
cus_002032,2025-10-26,US,partner
cus_002033,2025-10-07,AU,referral
cus_002034,2025-10-19,GB,content
cus_002035,2025-10-29,IN,content
cus_002036,2025-10-18,US,paid_search
cus_002037,2025-10-24,CA,paid_search
cus_002038,2025-10-14,US,content
cus_002039,2025-10-11,FR,partner
cus_002040,2025-10-10,US,organic
cus_002041,2025-10-22,GB,paid_search
cus_002042,2025-10-19,US,partner
cus_002043,2025-10-11,GB,content
cus_002044,2025-10-16,CA,referral
cus_002045,2025-10-06,US,referral
cus_002046,2025-10-11,GB,organic
cus_002047,2025-10-08,US,paid_search
cus_002048,2025-10-03,CA,content
cus_002049,2025-10-04,CA,organic
cus_002050,2025-10-19,AU,paid_search
cus_002051,2025-10-20,US,content
cus_002052,2025-10-20,FR,partner
cus_002053,2025-10-09,US,referral
cus_002054,2025-10-05,AU,organic
cus_002055,2025-10-27,US,referral
cus_002056,2025-10-11,IN,paid_search
cus_002057,2025-10-25,AU,paid_search
cus_002058,2025-10-04,FR,partner
cus_002059,2025-10-01,FR,paid_search
cus_002060,2025-10-10,DE,content
cus_002061,2025-10-30,US,partner
cus_002062,2025-10-10,US,partner
cus_002063,2025-10-04,US,content
cus_002064,2025-10-14,AU,referral
cus_002065,2025-10-27,IN,content
cus_002066,2025-10-06,AU,paid_search
cus_002067,2025-10-29,AU,partner
cus_002068,2025-10-13,US,organic
cus_002069,2025-10-18,DE,paid_search
cus_002070,2025-10-26,DE,content
cus_002071,2025-10-26,FR,referral
cus_002072,2025-10-16,US,paid_search
cus_002073,2025-10-09,CA,content
cus_002074,2025-10-21,DE,referral
cus_002075,2025-10-04,FR,content
cus_002076,2025-10-15,DE,partner
cus_002077,2025-10-23,GB,partner
cus_002078,2025-10-30,FR,partner
cus_002079,2025-10-08,US,referral
cus_002080,2025-10-16,US,partner
cus_002081,2025-10-28,US,content
cus_002082,2025-10-05,FR,organic
cus_002083,2025-10-25,GB,referral
cus_002084,2025-10-20,GB,partner
cus_002085,2025-10-02,IN,partner
cus_002086,2025-10-10,FR,organic
cus_002087,2025-10-22,AU,paid_search
cus_002088,2025-10-26,US,paid_search
cus_002089,2025-10-16,DE,content
cus_002090,2025-10-23,US,referral
cus_002091,2025-10-12,AU,paid_search
cus_002092,2025-10-05,US,partner
cus_002093,2025-10-22,US,paid_search
cus_002094,2025-10-01,FR,organic
cus_002095,2025-10-07,DE,partner
cus_002096,2025-10-19,DE,referral
cus_002097,2025-10-20,IN,content
cus_002098,2025-10-16,DE,content
cus_002099,2025-10-06,DE,content
cus_002100,2025-10-13,IN,organic
cus_002101,2025-10-15,US,partner
cus_002102,2025-10-04,AU,content
cus_002103,2025-10-24,AU,organic
cus_002104,2025-10-15,US,paid_search
cus_002105,2025-10-01,US,partner
cus_002106,2025-10-25,AU,referral
cus_002107,2025-10-14,US,organic
cus_002108,2025-10-26,FR,content
cus_002109,2025-10-26,AU,content
cus_002110,2025-10-17,US,referral
cus_002111,2025-10-23,US,referral
cus_002112,2025-10-27,CA,referral
cus_002113,2025-10-10,IN,paid_search
cus_002114,2025-10-24,US,referral
cus_002115,2025-10-24,US,partner
cus_002116,2025-10-28,FR,partner
cus_002117,2025-10-30,US,partner
cus_002118,2025-10-25,US,content
cus_002119,2025-10-13,US,organic
cus_002120,2025-10-05,AU,content
cus_002121,2025-10-01,US,organic
cus_002122,2025-10-20,AU,content
cus_002123,2025-10-22,DE,organic
cus_002124,2025-10-11,GB,referral
cus_002125,2025-10-25,US,organic
cus_002126,2025-10-02,FR,paid_search
cus_002127,2025-10-23,GB,paid_search
cus_002128,2025-10-28,GB,organic
cus_002129,2025-10-06,CA,paid_search
cus_002130,2025-10-18,IN,partner
cus_002131,2025-10-24,CA,referral
cus_002132,2025-10-07,US,content
cus_002133,2025-10-21,US,paid_search
cus_002134,2025-10-21,US,referral
cus_002135,2025-10-26,US,partner
cus_002136,2025-10-19,US,referral
cus_002137,2025-10-20,GB,referral
cus_002138,2025-10-15,CA,partner
cus_002139,2025-10-28,US,paid_search
cus_002140,2025-10-29,DE,referral
cus_002141,2025-10-18,DE,paid_search
cus_002142,2025-10-21,US,content
cus_002143,2025-10-08,AU,partner
cus_002144,2025-10-21,US,partner
cus_002145,2025-10-04,CA,partner
cus_002146,2025-10-25,US,partner
cus_002147,2025-10-30,CA,referral
cus_002148,2025-10-20,US,organic
cus_002149,2025-10-02,DE,partner
cus_002150,2025-10-05,US,paid_search
cus_002151,2025-11-26,AU,partner
cus_002152,2025-11-28,FR,content
cus_002153,2025-11-25,DE,organic
cus_002154,2025-11-09,US,referral
cus_002155,2025-11-29,US,partner
cus_002156,2025-11-28,FR,partner
cus_002157,2025-11-23,CA,referral
cus_002158,2025-11-29,US,content
cus_002159,2025-11-30,US,partner
cus_002160,2025-11-07,US,partner
cus_002161,2025-11-17,AU,organic
cus_002162,2025-11-26,US,paid_search
cus_002163,2025-11-27,DE,referral
cus_002164,2025-11-16,DE,referral
cus_002165,2025-11-16,AU,organic
cus_002166,2025-11-02,US,content
cus_002167,2025-11-03,IN,referral
cus_002168,2025-11-02,US,content
cus_002169,2025-11-15,US,paid_search
cus_002170,2025-11-18,CA,paid_search
cus_002171,2025-11-24,GB,partner
cus_002172,2025-11-09,CA,referral
cus_002173,2025-11-07,US,referral
cus_002174,2025-11-22,FR,partner
cus_002175,2025-11-03,CA,paid_search
cus_002176,2025-11-16,DE,organic
cus_002177,2025-11-25,GB,referral
cus_002178,2025-11-20,CA,paid_search
cus_002179,2025-11-07,AU,content
cus_002180,2025-11-14,US,referral
cus_002181,2025-11-12,FR,partner
cus_002182,2025-11-07,AU,content
cus_002183,2025-11-02,GB,paid_search
cus_002184,2025-11-27,US,organic
cus_002185,2025-11-15,IN,partner
cus_002186,2025-11-06,CA,content
cus_002187,2025-11-14,FR,organic
cus_002188,2025-11-10,IN,referral
cus_002189,2025-11-02,AU,content
cus_002190,2025-11-14,CA,partner
cus_002191,2025-11-24,FR,paid_search
cus_002192,2025-11-19,AU,referral
cus_002193,2025-11-28,AU,paid_search
cus_002194,2025-11-12,GB,partner
cus_002195,2025-11-29,AU,referral
cus_002196,2025-11-18,US,partner
cus_002197,2025-11-20,GB,content
cus_002198,2025-11-01,AU,partner
cus_002199,2025-11-06,AU,organic
cus_002200,2025-11-05,US,paid_search
cus_002201,2025-11-12,IN,content
cus_002202,2025-11-10,US,partner
cus_002203,2025-11-06,GB,referral
cus_002204,2025-11-26,AU,organic
cus_002205,2025-11-09,US,paid_search
cus_002206,2025-11-12,GB,organic
cus_002207,2025-11-14,FR,paid_search
cus_002208,2025-11-13,US,partner
cus_002209,2025-11-02,DE,organic
cus_002210,2025-11-07,GB,referral
cus_002211,2025-11-11,AU,partner
cus_002212,2025-11-03,US,organic
cus_002213,2025-11-14,FR,referral
cus_002214,2025-11-25,IN,organic
cus_002215,2025-11-26,IN,referral
cus_002216,2025-11-04,GB,content
cus_002217,2025-11-08,US,partner
cus_002218,2025-11-19,GB,organic
cus_002219,2025-11-28,US,referral
cus_002220,2025-11-03,US,content
cus_002221,2025-11-20,IN,paid_search
cus_002222,2025-11-16,US,partner
cus_002223,2025-11-30,US,partner
cus_002224,2025-11-24,CA,partner
cus_002225,2025-11-21,CA,paid_search
cus_002226,2025-11-26,FR,organic
cus_002227,2025-11-02,US,referral
cus_002228,2025-11-16,US,organic
cus_002229,2025-11-07,GB,partner
cus_002230,2025-11-07,IN,partner
cus_002231,2025-11-30,US,partner
cus_002232,2025-11-10,US,paid_search
cus_002233,2025-11-13,US,organic
cus_002234,2025-11-22,IN,partner
cus_002235,2025-11-11,IN,organic
cus_002236,2025-11-23,IN,paid_search
cus_002237,2025-11-04,US,partner
cus_002238,2025-11-01,US,paid_search
cus_002239,2025-11-16,DE,content
cus_002240,2025-11-01,FR,referral
cus_002241,2025-11-04,AU,referral
cus_002242,2025-11-18,US,content
cus_002243,2025-11-22,US,organic
cus_002244,2025-11-20,IN,paid_search
cus_002245,2025-11-02,US,organic
cus_002246,2025-11-13,IN,paid_search
cus_002247,2025-11-28,IN,referral
cus_002248,2025-11-01,US,organic
cus_002249,2025-11-08,AU,content
cus_002250,2025-11-14,AU,paid_search
cus_002251,2025-11-01,CA,referral
cus_002252,2025-11-05,FR,organic
cus_002253,2025-11-17,US,paid_search
cus_002254,2025-11-30,US,referral
cus_002255,2025-11-02,US,paid_search
cus_002256,2025-11-25,US,paid_search
cus_002257,2025-11-08,CA,paid_search
cus_002258,2025-11-22,US,paid_search
cus_002259,2025-11-19,IN,referral
cus_002260,2025-11-26,US,partner
cus_002261,2025-11-12,DE,organic
cus_002262,2025-11-11,AU,content
cus_002263,2025-11-04,DE,referral
cus_002264,2025-11-23,US,partner
cus_002265,2025-11-19,US,content
cus_002266,2025-11-04,DE,content
cus_002267,2025-11-19,US,partner
cus_002268,2025-11-05,AU,partner
cus_002269,2025-11-09,US,paid_search
cus_002270,2025-11-22,US,organic
cus_002271,2025-11-06,DE,partner
cus_002272,2025-11-03,US,paid_search
cus_002273,2025-11-13,AU,organic
cus_002274,2025-11-16,DE,organic
cus_002275,2025-11-28,US,referral
cus_002276,2025-11-24,CA,partner
cus_002277,2025-11-26,FR,referral
cus_002278,2025-11-29,DE,organic
cus_002279,2025-11-13,IN,paid_search
cus_002280,2025-11-04,CA,paid_search
cus_002281,2025-11-12,GB,content
cus_002282,2025-11-19,GB,paid_search
cus_002283,2025-11-17,US,organic
cus_002284,2025-11-02,CA,referral
cus_002285,2025-11-09,US,paid_search
cus_002286,2025-11-08,IN,organic
cus_002287,2025-11-17,IN,paid_search
cus_002288,2025-11-01,FR,content
cus_002289,2025-11-10,US,referral
cus_002290,2025-11-08,US,partner
cus_002291,2025-11-10,US,referral
cus_002292,2025-11-16,FR,organic
cus_002293,2025-11-05,US,paid_search
cus_002294,2025-11-02,AU,organic
cus_002295,2025-11-13,IN,partner
cus_002296,2025-11-01,GB,referral
cus_002297,2025-11-10,GB,organic
cus_002298,2025-11-15,GB,partner
cus_002299,2025-11-19,US,referral
cus_002300,2025-11-01,FR,organic
cus_002301,2025-11-19,CA,referral
cus_002302,2025-11-11,FR,paid_search
cus_002303,2025-11-18,US,content
cus_002304,2025-11-28,IN,referral
cus_002305,2025-11-05,FR,paid_search
cus_002306,2025-11-01,FR,partner
cus_002307,2025-11-22,GB,content
cus_002308,2025-11-13,CA,paid_search
cus_002309,2025-11-08,DE,paid_search
cus_002310,2025-11-18,AU,content
cus_002311,2025-11-10,CA,organic
cus_002312,2025-11-07,US,partner
cus_002313,2025-11-08,AU,paid_search
cus_002314,2025-11-20,GB,referral
cus_002315,2025-11-19,GB,referral
cus_002316,2025-11-21,GB,partner
cus_002317,2025-11-06,CA,paid_search
cus_002318,2025-11-04,US,referral
cus_002319,2025-11-18,US,partner
cus_002320,2025-11-06,FR,partner
cus_002321,2025-11-23,US,partner
cus_002322,2025-11-06,IN,organic
cus_002323,2025-11-20,US,referral
cus_002324,2025-11-25,US,paid_search
cus_002325,2025-11-16,IN,partner
cus_002326,2025-11-14,IN,partner
cus_002327,2025-11-18,GB,paid_search
cus_002328,2025-11-15,CA,content
cus_002329,2025-11-11,US,organic
cus_002330,2025-11-04,DE,referral
cus_002331,2025-11-20,US,referral
cus_002332,2025-11-14,US,organic
cus_002333,2025-11-22,GB,organic
cus_002334,2025-11-15,IN,partner
cus_002335,2025-11-18,IN,content
cus_002336,2025-11-23,GB,organic
cus_002337,2025-11-06,IN,referral
cus_002338,2025-11-24,IN,referral
cus_002339,2025-11-01,IN,paid_search
cus_002340,2025-11-09,GB,organic
cus_002341,2025-11-27,CA,paid_search
cus_002342,2025-11-04,US,partner
cus_002343,2025-11-23,IN,paid_search
cus_002344,2025-11-29,US,content
cus_002345,2025-11-23,IN,organic
cus_002346,2025-11-07,IN,content
cus_002347,2025-11-26,FR,content
cus_002348,2025-11-10,DE,partner
cus_002349,2025-11-03,US,paid_search
cus_002350,2025-11-07,FR,paid_search
cus_002351,2025-11-26,IN,organic
cus_002352,2025-11-23,GB,partner
cus_002353,2025-11-30,AU,referral
cus_002354,2025-11-26,DE,paid_search
cus_002355,2025-11-02,US,organic
cus_002356,2025-11-23,US,organic
cus_002357,2025-11-21,AU,partner
cus_002358,2025-11-15,US,content
cus_002359,2025-11-13,IN,referral
cus_002360,2025-11-26,AU,partner
cus_002361,2025-11-13,GB,referral
cus_002362,2025-11-13,AU,paid_search
cus_002363,2025-11-26,GB,content
cus_002364,2025-11-21,DE,partner
cus_002365,2025-11-05,DE,referral
cus_002366,2025-11-14,AU,partner
cus_002367,2025-11-15,US,organic
cus_002368,2025-11-14,US,partner
cus_002369,2025-11-25,FR,referral
cus_002370,2025-11-23,CA,referral
cus_002371,2025-11-15,FR,organic
cus_002372,2025-11-30,US,content
cus_002373,2025-11-19,IN,referral
cus_002374,2025-11-17,US,partner
cus_002375,2025-11-22,CA,content
cus_002376,2025-11-01,US,paid_search
cus_002377,2025-11-19,US,organic
cus_002378,2025-11-23,GB,partner
cus_002379,2025-11-23,US,organic
cus_002380,2025-11-08,AU,content
cus_002381,2025-11-13,IN,paid_search
cus_002382,2025-11-20,IN,content
cus_002383,2025-11-30,DE,referral
cus_002384,2025-11-17,US,organic
cus_002385,2025-11-11,DE,paid_search
cus_002386,2025-11-05,GB,content
cus_002387,2025-11-06,FR,referral
cus_002388,2025-11-14,US,organic
cus_002389,2025-11-07,CA,paid_search
cus_002390,2025-11-15,FR,organic
cus_002391,2025-11-04,DE,paid_search
cus_002392,2025-11-10,GB,organic
cus_002393,2025-11-01,IN,partner
cus_002394,2025-11-27,FR,organic
cus_002395,2025-11-04,US,partner
cus_002396,2025-11-08,US,partner
cus_002397,2025-11-18,US,paid_search
cus_002398,2025-11-08,US,paid_search
cus_002399,2025-11-04,FR,paid_search
cus_002400,2025-11-07,AU,paid_search
cus_002401,2025-11-24,AU,referral
cus_002402,2025-11-30,CA,partner
cus_002403,2025-11-29,US,referral
cus_002404,2025-11-24,US,content
cus_002405,2025-11-03,AU,partner
cus_002406,2025-11-21,US,organic
cus_002407,2025-11-15,US,paid_search
cus_002408,2025-11-10,IN,paid_search
cus_002409,2025-11-28,DE,paid_search
cus_002410,2025-11-20,FR,referral
cus_002411,2025-11-29,US,paid_search
cus_002412,2025-11-23,FR,organic
cus_002413,2025-11-19,US,organic
cus_002414,2025-11-29,CA,referral
cus_002415,2025-11-08,CA,referral
cus_002416,2025-11-25,AU,paid_search
cus_002417,2025-11-12,AU,referral
cus_002418,2025-11-22,US,partner
cus_002419,2025-11-28,CA,referral
cus_002420,2025-11-08,FR,content
cus_002421,2025-11-25,IN,referral
cus_002422,2025-11-05,US,referral
cus_002423,2025-11-02,DE,referral
cus_002424,2025-11-12,AU,partner
cus_002425,2025-11-16,GB,paid_search
cus_002426,2025-11-18,US,organic
cus_002427,2025-11-27,US,partner
cus_002428,2025-11-06,DE,paid_search
cus_002429,2025-11-26,AU,referral
cus_002430,2025-11-27,US,referral
cus_002431,2025-11-13,US,organic
cus_002432,2025-11-02,US,referral
cus_002433,2025-11-22,AU,referral
cus_002434,2025-11-21,CA,paid_search
cus_002435,2025-12-22,US,partner
cus_002436,2025-12-23,US,partner
cus_002437,2025-12-27,GB,content
cus_002438,2025-12-01,GB,referral
cus_002439,2025-12-07,GB,partner
cus_002440,2025-12-18,FR,partner
cus_002441,2025-12-16,DE,organic
cus_002442,2025-12-04,US,referral
cus_002443,2025-12-23,GB,content
cus_002444,2025-12-28,GB,referral
cus_002445,2025-12-22,IN,organic
cus_002446,2025-12-13,DE,partner
cus_002447,2025-12-11,DE,partner
cus_002448,2025-12-05,GB,paid_search
cus_002449,2025-12-16,CA,referral
cus_002450,2025-12-05,IN,content
cus_002451,2025-12-11,FR,content
cus_002452,2025-12-15,DE,organic
cus_002453,2025-12-20,DE,paid_search
cus_002454,2025-12-16,AU,organic
cus_002455,2025-12-31,US,content
cus_002456,2025-12-15,GB,paid_search
cus_002457,2025-12-18,GB,partner
cus_002458,2025-12-10,CA,referral
cus_002459,2025-12-04,DE,partner
cus_002460,2025-12-18,FR,paid_search
cus_002461,2025-12-16,DE,referral
cus_002462,2025-12-09,US,content
cus_002463,2025-12-16,FR,referral
cus_002464,2025-12-30,DE,referral
cus_002465,2025-12-07,US,referral
cus_002466,2025-12-29,CA,paid_search
cus_002467,2025-12-27,US,paid_search
cus_002468,2025-12-20,US,organic
cus_002469,2025-12-25,DE,organic
cus_002470,2025-12-10,DE,referral
cus_002471,2025-12-25,US,organic
cus_002472,2025-12-09,AU,referral
cus_002473,2025-12-28,GB,referral
cus_002474,2025-12-02,FR,partner
cus_002475,2025-12-05,US,content
cus_002476,2025-12-06,US,content
cus_002477,2025-12-29,US,content
cus_002478,2025-12-04,US,referral
cus_002479,2025-12-20,US,partner
cus_002480,2025-12-13,IN,referral
cus_002481,2025-12-20,US,organic
cus_002482,2025-12-22,AU,content
cus_002483,2025-12-18,US,paid_search
cus_002484,2025-12-04,DE,paid_search
cus_002485,2025-12-01,IN,referral
cus_002486,2025-12-17,FR,paid_search
cus_002487,2025-12-29,FR,partner
cus_002488,2025-12-18,AU,content
cus_002489,2025-12-26,GB,paid_search
cus_002490,2025-12-21,AU,partner
cus_002491,2025-12-19,IN,organic
cus_002492,2025-12-05,DE,partner
cus_002493,2025-12-06,CA,organic
cus_002494,2025-12-10,AU,organic
cus_002495,2025-12-29,US,content
cus_002496,2025-12-02,GB,partner
cus_002497,2025-12-24,GB,organic
cus_002498,2025-12-07,DE,organic
cus_002499,2025-12-26,FR,referral
cus_002500,2025-12-14,GB,referral
cus_002501,2025-12-03,US,referral
cus_002502,2025-12-02,US,organic
cus_002503,2025-12-27,US,organic
cus_002504,2025-12-09,DE,organic
cus_002505,2025-12-27,IN,organic
cus_002506,2025-12-24,DE,paid_search
cus_002507,2025-12-14,DE,organic
cus_002508,2025-12-27,FR,partner
cus_002509,2025-12-03,US,organic
cus_002510,2025-12-03,DE,content
cus_002511,2025-12-16,US,referral
cus_002512,2025-12-19,DE,organic
cus_002513,2025-12-25,GB,content
cus_002514,2025-12-26,FR,paid_search
cus_002515,2025-12-03,CA,paid_search
cus_002516,2025-12-30,FR,partner
cus_002517,2025-12-06,US,referral
cus_002518,2025-12-10,US,content
cus_002519,2025-12-27,AU,organic
cus_002520,2025-12-14,GB,partner
cus_002521,2025-12-22,US,referral
cus_002522,2025-12-10,CA,content
cus_002523,2025-12-01,AU,organic
cus_002524,2025-12-16,US,referral
cus_002525,2025-12-28,AU,referral
cus_002526,2025-12-06,US,content
cus_002527,2025-12-11,AU,paid_search
cus_002528,2025-12-19,US,content
cus_002529,2025-12-31,CA,organic
cus_002530,2025-12-10,GB,referral
cus_002531,2025-12-29,CA,paid_search
cus_002532,2025-12-16,US,organic
cus_002533,2025-12-05,US,content
cus_002534,2025-12-15,GB,paid_search
cus_002535,2025-12-05,IN,paid_search
cus_002536,2025-12-21,IN,content
cus_002537,2025-12-05,US,partner
cus_002538,2025-12-31,DE,paid_search
cus_002539,2025-12-29,CA,content
cus_002540,2025-12-19,DE,paid_search
cus_002541,2025-12-23,GB,organic
cus_002542,2025-12-01,AU,referral
cus_002543,2025-12-31,CA,partner
cus_002544,2025-12-05,GB,referral
cus_002545,2025-12-07,DE,referral
cus_002546,2025-12-14,DE,referral
cus_002547,2025-12-13,DE,partner
cus_002548,2025-12-23,IN,partner
cus_002549,2025-12-20,US,paid_search
cus_002550,2025-12-05,FR,content
cus_002551,2025-12-27,FR,organic
cus_002552,2025-12-12,AU,paid_search
cus_002553,2025-12-01,DE,paid_search
cus_002554,2025-12-11,IN,content
cus_002555,2025-12-15,CA,paid_search
cus_002556,2025-12-13,US,referral
cus_002557,2025-12-18,DE,paid_search
cus_002558,2025-12-15,GB,referral
cus_002559,2025-12-09,US,partner
cus_002560,2025-12-07,US,content
cus_002561,2025-12-06,FR,content
cus_002562,2025-12-22,AU,organic
cus_002563,2025-12-28,DE,referral
cus_002564,2025-12-16,IN,partner
cus_002565,2025-12-15,FR,partner
cus_002566,2025-12-31,GB,content
cus_002567,2025-12-12,GB,paid_search
cus_002568,2025-12-24,US,organic
cus_002569,2025-12-13,US,partner
cus_002570,2025-12-09,CA,referral
cus_002571,2025-12-29,FR,partner
cus_002572,2025-12-08,DE,paid_search
cus_002573,2025-12-08,FR,partner
cus_002574,2025-12-08,FR,organic
cus_002575,2025-12-25,US,content
cus_002576,2025-12-15,DE,referral
cus_002577,2025-12-29,IN,content
cus_002578,2025-12-02,US,content
cus_002579,2025-12-13,US,paid_search
cus_002580,2025-12-05,US,organic
cus_002581,2025-12-05,IN,referral
cus_002582,2025-12-05,DE,content
cus_002583,2025-12-11,US,partner
cus_002584,2025-12-04,FR,paid_search
cus_002585,2025-12-25,CA,content
cus_002586,2025-12-25,US,partner
cus_002587,2025-12-25,IN,referral
cus_002588,2025-12-29,CA,referral
cus_002589,2025-12-10,CA,organic
cus_002590,2025-12-03,GB,partner
cus_002591,2025-12-28,US,referral
cus_002592,2025-12-10,US,organic
cus_002593,2025-12-08,US,organic
cus_002594,2025-12-16,CA,content
cus_002595,2025-12-17,US,referral
cus_002596,2025-12-15,US,content
cus_002597,2025-12-16,FR,partner
cus_002598,2025-12-03,GB,content
cus_002599,2025-12-22,US,organic
cus_002600,2025-12-17,IN,content
cus_002601,2025-12-13,US,paid_search
cus_002602,2025-12-28,FR,partner
cus_002603,2025-12-01,US,content
cus_002604,2025-12-03,US,content
cus_002605,2025-12-15,US,referral
cus_002606,2025-12-31,US,paid_search
cus_002607,2025-12-02,US,organic
cus_002608,2025-12-05,FR,paid_search
cus_002609,2025-12-04,AU,content
cus_002610,2025-12-31,AU,organic
cus_002611,2025-12-09,DE,organic
cus_002612,2025-12-07,US,partner
cus_002613,2025-12-08,CA,content
cus_002614,2025-12-17,GB,paid_search
cus_002615,2025-12-05,FR,partner
cus_002616,2025-12-09,CA,referral
cus_002617,2025-12-22,GB,partner
cus_002618,2025-12-30,IN,referral
cus_002619,2025-12-27,US,partner
cus_002620,2025-12-12,US,paid_search
cus_002621,2025-12-19,FR,partner
cus_002622,2025-12-27,FR,organic
cus_002623,2025-12-29,US,partner
cus_002624,2025-12-07,FR,content
cus_002625,2025-12-14,US,paid_search
cus_002626,2025-12-12,AU,content
cus_002627,2025-12-06,US,organic
cus_002628,2025-12-23,FR,organic
cus_002629,2025-12-16,AU,content
cus_002630,2025-12-07,CA,partner
cus_002631,2025-12-12,US,organic
cus_002632,2025-12-07,AU,organic
cus_002633,2025-12-30,IN,referral
cus_002634,2025-12-29,AU,paid_search
cus_002635,2025-12-27,US,referral
cus_002636,2025-12-31,FR,organic
cus_002637,2025-12-15,US,content
cus_002638,2025-12-05,US,referral
cus_002639,2025-12-04,CA,referral
cus_002640,2025-12-21,US,referral
cus_002641,2025-12-03,GB,content
cus_002642,2025-12-28,IN,referral
cus_002643,2025-12-29,AU,organic
cus_002644,2025-12-13,US,organic
cus_002645,2025-12-08,GB,content
cus_002646,2025-12-23,FR,organic
cus_002647,2025-12-24,FR,referral
cus_002648,2025-12-31,GB,content
cus_002649,2025-12-06,AU,partner
cus_002650,2025-12-24,IN,paid_search
cus_002651,2025-12-15,AU,paid_search
cus_002652,2025-12-15,GB,content
cus_002653,2025-12-29,US,content
cus_002654,2025-12-18,IN,referral
cus_002655,2025-12-31,CA,organic
cus_002656,2025-12-22,GB,paid_search
cus_002657,2025-12-30,US,organic
cus_002658,2025-12-15,AU,content
cus_002659,2025-12-23,FR,content
cus_002660,2025-12-31,CA,paid_search
cus_002661,2025-12-06,US,content
cus_002662,2025-12-04,US,paid_search
cus_002663,2025-12-28,GB,partner
cus_002664,2025-12-17,DE,referral
cus_002665,2025-12-23,DE,paid_search
cus_002666,2025-12-20,FR,content
cus_002667,2025-12-22,AU,content
cus_002668,2025-12-20,IN,referral
cus_002669,2025-12-01,US,referral
cus_002670,2025-12-19,US,organic
cus_002671,2025-12-26,FR,paid_search
cus_002672,2025-12-23,IN,paid_search
cus_002673,2025-12-11,CA,content
cus_002674,2025-12-17,GB,paid_search
cus_002675,2025-12-28,US,content
cus_002676,2025-12-06,GB,paid_search
cus_002677,2025-12-01,CA,paid_search
cus_002678,2025-12-16,US,content
cus_002679,2025-12-22,US,paid_search
cus_002680,2025-12-02,DE,partner
cus_002681,2025-12-14,DE,referral
cus_002682,2025-12-14,AU,partner
cus_002683,2025-12-20,GB,content
cus_002684,2025-12-02,IN,organic
cus_002685,2025-12-19,CA,organic
cus_002686,2025-12-11,AU,referral
cus_002687,2025-12-19,FR,partner
cus_002688,2025-12-08,GB,organic
cus_002689,2025-12-27,US,paid_search
cus_002690,2025-12-30,FR,organic
cus_002691,2025-12-23,US,referral
cus_002692,2026-01-02,US,organic
cus_002693,2026-01-20,GB,organic
cus_002694,2026-01-01,US,content
cus_002695,2026-01-23,DE,organic
cus_002696,2026-01-18,US,referral
cus_002697,2026-01-05,IN,content
cus_002698,2026-01-28,US,paid_search
cus_002699,2026-01-22,AU,referral
cus_002700,2026-01-28,DE,content
cus_002701,2026-01-04,IN,paid_search
cus_002702,2026-01-20,US,paid_search
cus_002703,2026-01-08,CA,partner
cus_002704,2026-01-10,US,partner
cus_002705,2026-01-24,CA,organic
cus_002706,2026-01-28,FR,organic
cus_002707,2026-01-20,DE,partner
cus_002708,2026-01-28,US,organic
cus_002709,2026-01-15,GB,referral
cus_002710,2026-01-05,DE,paid_search
cus_002711,2026-01-19,AU,content
cus_002712,2026-01-18,IN,paid_search
cus_002713,2026-01-19,IN,partner
cus_002714,2026-01-11,US,organic
cus_002715,2026-01-10,GB,organic
cus_002716,2026-01-07,CA,referral
cus_002717,2026-01-27,AU,referral
cus_002718,2026-01-16,FR,organic
cus_002719,2026-01-19,AU,paid_search
cus_002720,2026-01-26,DE,organic
cus_002721,2026-01-20,FR,content
cus_002722,2026-01-20,FR,referral
cus_002723,2026-01-08,FR,referral
cus_002724,2026-01-16,AU,paid_search
cus_002725,2026-01-02,CA,referral
cus_002726,2026-01-30,AU,organic
cus_002727,2026-01-21,DE,paid_search
cus_002728,2026-01-23,US,partner
cus_002729,2026-01-20,CA,paid_search
cus_002730,2026-01-31,US,paid_search
cus_002731,2026-01-12,US,content
cus_002732,2026-01-27,AU,organic
cus_002733,2026-01-30,US,paid_search
cus_002734,2026-01-29,US,content
cus_002735,2026-01-10,US,referral
cus_002736,2026-01-04,AU,referral
cus_002737,2026-01-15,US,paid_search
cus_002738,2026-01-17,AU,referral
cus_002739,2026-01-07,DE,referral
cus_002740,2026-01-30,CA,organic
cus_002741,2026-01-11,DE,partner
cus_002742,2026-01-28,AU,organic
cus_002743,2026-01-11,GB,partner
cus_002744,2026-01-09,GB,referral
cus_002745,2026-01-11,IN,organic
cus_002746,2026-01-16,IN,organic
cus_002747,2026-01-14,US,content
cus_002748,2026-01-28,US,organic
cus_002749,2026-01-12,DE,partner
cus_002750,2026-01-25,FR,partner
cus_002751,2026-01-24,IN,paid_search
cus_002752,2026-01-25,DE,paid_search
cus_002753,2026-01-12,US,content
cus_002754,2026-01-27,FR,partner
cus_002755,2026-01-08,US,referral
cus_002756,2026-01-16,IN,referral
cus_002757,2026-01-14,US,referral
cus_002758,2026-01-04,CA,partner
cus_002759,2026-01-02,IN,paid_search
cus_002760,2026-01-01,GB,organic
cus_002761,2026-01-23,DE,paid_search
cus_002762,2026-01-02,CA,content
cus_002763,2026-01-18,CA,paid_search
cus_002764,2026-01-20,AU,organic
cus_002765,2026-01-30,US,partner
cus_002766,2026-01-28,AU,content
cus_002767,2026-01-12,US,content
cus_002768,2026-01-18,CA,paid_search
cus_002769,2026-01-06,DE,organic
cus_002770,2026-01-04,GB,content
cus_002771,2026-01-01,IN,partner
cus_002772,2026-01-10,IN,paid_search
cus_002773,2026-01-06,GB,paid_search
cus_002774,2026-01-03,US,content
cus_002775,2026-01-31,CA,organic
cus_002776,2026-01-01,US,partner
cus_002777,2026-01-27,GB,referral
cus_002778,2026-01-28,IN,content
cus_002779,2026-01-13,US,organic
cus_002780,2026-01-19,IN,referral
cus_002781,2026-01-09,US,organic
cus_002782,2026-01-07,CA,referral
cus_002783,2026-01-05,US,partner
cus_002784,2026-01-11,IN,paid_search
cus_002785,2026-01-13,IN,partner
cus_002786,2026-01-05,US,organic
cus_002787,2026-01-21,US,paid_search
cus_002788,2026-01-12,IN,partner
cus_002789,2026-01-03,FR,content
cus_002790,2026-01-29,AU,content
cus_002791,2026-01-05,DE,paid_search
cus_002792,2026-01-29,IN,referral
cus_002793,2026-01-23,US,content
cus_002794,2026-01-25,US,paid_search
cus_002795,2026-01-11,FR,referral
cus_002796,2026-01-01,DE,content
cus_002797,2026-01-01,AU,referral
cus_002798,2026-01-17,GB,partner
cus_002799,2026-01-30,FR,paid_search
cus_002800,2026-01-17,GB,organic
cus_002801,2026-01-28,US,paid_search
cus_002802,2026-01-05,US,organic
cus_002803,2026-01-16,GB,partner
cus_002804,2026-01-05,US,content
cus_002805,2026-01-11,FR,paid_search
cus_002806,2026-01-27,GB,content
cus_002807,2026-01-12,IN,organic
cus_002808,2026-01-04,DE,organic
cus_002809,2026-01-13,DE,content
cus_002810,2026-01-26,DE,organic
cus_002811,2026-01-20,IN,referral
cus_002812,2026-01-31,DE,organic
cus_002813,2026-01-14,CA,paid_search
cus_002814,2026-01-19,US,organic
cus_002815,2026-01-15,AU,partner
cus_002816,2026-01-02,IN,partner
cus_002817,2026-01-08,US,content
cus_002818,2026-01-02,US,content
cus_002819,2026-01-14,DE,content
cus_002820,2026-01-29,IN,partner
cus_002821,2026-01-22,US,organic
cus_002822,2026-01-30,FR,referral
cus_002823,2026-01-31,US,partner
cus_002824,2026-01-15,US,referral
cus_002825,2026-01-13,IN,organic
cus_002826,2026-01-19,US,content
cus_002827,2026-01-25,GB,organic
cus_002828,2026-01-18,GB,referral
cus_002829,2026-01-21,AU,referral
cus_002830,2026-01-17,US,content
cus_002831,2026-01-14,IN,referral
cus_002832,2026-01-05,FR,partner
cus_002833,2026-01-21,DE,partner
cus_002834,2026-01-12,DE,partner
cus_002835,2026-01-07,CA,paid_search
cus_002836,2026-01-16,DE,paid_search
cus_002837,2026-01-14,US,organic
cus_002838,2026-01-07,US,organic
cus_002839,2026-01-06,US,content
cus_002840,2026-01-12,FR,partner
cus_002841,2026-01-26,IN,content
cus_002842,2026-01-11,FR,paid_search
cus_002843,2026-01-25,US,organic
cus_002844,2026-01-03,GB,partner
cus_002845,2026-01-25,GB,organic
cus_002846,2026-01-30,AU,content
cus_002847,2026-01-19,FR,partner
cus_002848,2026-01-11,US,referral
cus_002849,2026-01-04,AU,content
cus_002850,2026-01-08,FR,paid_search
cus_002851,2026-01-22,US,organic
cus_002852,2026-01-21,AU,referral
cus_002853,2026-01-08,US,organic
cus_002854,2026-01-14,AU,organic
cus_002855,2026-01-14,FR,partner
cus_002856,2026-01-15,AU,organic
cus_002857,2026-01-03,US,partner
cus_002858,2026-01-12,FR,partner
cus_002859,2026-01-01,FR,referral
cus_002860,2026-01-18,DE,partner
cus_002861,2026-01-19,IN,content
cus_002862,2026-01-05,AU,partner
cus_002863,2026-01-31,CA,paid_search
cus_002864,2026-01-13,IN,partner
cus_002865,2026-01-19,US,content
cus_002866,2026-01-23,FR,partner
cus_002867,2026-01-31,US,organic
cus_002868,2026-01-24,IN,paid_search
cus_002869,2026-01-17,US,referral
cus_002870,2026-01-15,US,content
cus_002871,2026-01-16,US,partner
cus_002872,2026-01-03,US,organic
cus_002873,2026-01-22,AU,organic
cus_002874,2026-01-04,GB,organic
cus_002875,2026-01-13,DE,referral
cus_002876,2026-01-16,US,content
cus_002877,2026-01-19,US,organic
cus_002878,2026-01-28,US,organic
cus_002879,2026-01-19,CA,organic
cus_002880,2026-01-17,IN,partner
cus_002881,2026-01-09,US,paid_search
cus_002882,2026-01-22,DE,partner
cus_002883,2026-01-21,GB,referral
cus_002884,2026-01-26,FR,referral
cus_002885,2026-01-15,IN,organic
cus_002886,2026-01-18,IN,content
cus_002887,2026-01-13,US,organic
cus_002888,2026-01-16,US,partner
cus_002889,2026-01-11,FR,content
cus_002890,2026-01-29,US,partner
cus_002891,2026-01-31,DE,partner
cus_002892,2026-01-04,US,referral
cus_002893,2026-01-31,US,partner
cus_002894,2026-01-10,US,referral
cus_002895,2026-01-08,GB,organic
cus_002896,2026-01-15,AU,content
cus_002897,2026-01-01,US,content
cus_002898,2026-01-29,US,referral
cus_002899,2026-01-20,US,paid_search
cus_002900,2026-01-26,US,referral
cus_002901,2026-01-08,US,content
cus_002902,2026-01-05,DE,partner
cus_002903,2026-01-19,US,paid_search
cus_002904,2026-01-20,DE,content
cus_002905,2026-01-12,DE,referral
cus_002906,2026-01-12,AU,content
cus_002907,2026-01-19,AU,paid_search
cus_002908,2026-01-17,FR,organic
cus_002909,2026-01-02,DE,referral
cus_002910,2026-01-08,AU,referral
cus_002911,2026-01-31,GB,referral
cus_002912,2026-01-05,IN,content
cus_002913,2026-01-08,AU,paid_search
cus_002914,2026-01-14,DE,content
cus_002915,2026-01-30,IN,content
cus_002916,2026-01-24,US,referral
cus_002917,2026-01-13,FR,partner
cus_002918,2026-01-08,IN,referral
cus_002919,2026-01-20,IN,content
cus_002920,2026-01-01,US,partner
cus_002921,2026-01-19,DE,partner
cus_002922,2026-01-02,CA,content
cus_002923,2026-01-18,US,content
cus_002924,2026-01-22,US,paid_search
cus_002925,2026-01-17,US,partner
cus_002926,2026-01-06,GB,partner
cus_002927,2026-01-16,AU,organic
cus_002928,2026-01-18,CA,paid_search
cus_002929,2026-01-19,IN,paid_search
cus_002930,2026-01-10,US,partner
cus_002931,2026-01-30,DE,content
cus_002932,2026-01-05,GB,organic
cus_002933,2026-01-25,FR,organic
cus_002934,2026-01-26,GB,content
cus_002935,2026-01-23,DE,partner
cus_002936,2026-01-28,US,organic
cus_002937,2026-01-12,US,paid_search
cus_002938,2026-01-01,IN,content
cus_002939,2026-01-04,US,partner
cus_002940,2026-01-29,US,organic
cus_002941,2026-01-11,CA,content
cus_002942,2026-01-09,AU,content
cus_002943,2026-01-26,US,referral
cus_002944,2026-01-31,US,partner
cus_002945,2026-01-21,FR,content
cus_002946,2026-01-07,IN,referral
cus_002947,2026-01-19,IN,content
cus_002948,2026-01-31,US,content
cus_002949,2026-01-06,GB,referral
cus_002950,2026-01-12,GB,partner
cus_002951,2026-01-31,IN,partner
cus_002952,2026-01-02,AU,organic
cus_002953,2026-01-08,CA,paid_search
cus_002954,2026-01-17,FR,paid_search
cus_002955,2026-01-20,US,referral
cus_002956,2026-01-28,CA,partner
cus_002957,2026-01-14,US,paid_search
cus_002958,2026-01-06,US,paid_search
cus_002959,2026-01-12,DE,paid_search
cus_002960,2026-01-27,US,content
cus_002961,2026-01-13,CA,referral
cus_002962,2026-01-15,GB,content
cus_002963,2026-01-19,US,content
cus_002964,2026-01-07,DE,organic
cus_002965,2026-01-14,CA,partner
cus_002966,2026-01-25,US,referral
cus_002967,2026-01-21,GB,referral
cus_002968,2026-01-24,US,paid_search
cus_002969,2026-01-01,US,referral
cus_002970,2026-01-11,CA,organic
cus_002971,2026-01-01,US,partner
cus_002972,2026-01-23,FR,organic
cus_002973,2026-01-21,FR,referral
cus_002974,2026-01-12,US,organic
cus_002975,2026-01-16,FR,referral
cus_002976,2026-01-11,US,referral
cus_002977,2026-01-21,GB,paid_search
cus_002978,2026-01-27,US,paid_search
cus_002979,2026-01-21,US,partner
cus_002980,2026-01-13,DE,organic
cus_002981,2026-01-21,US,content
cus_002982,2026-02-11,GB,content
cus_002983,2026-02-15,FR,content
cus_002984,2026-02-23,DE,paid_search
cus_002985,2026-02-20,FR,partner
cus_002986,2026-02-11,IN,content
cus_002987,2026-02-05,IN,paid_search
cus_002988,2026-02-11,GB,organic
cus_002989,2026-02-10,GB,partner
cus_002990,2026-02-13,US,referral
cus_002991,2026-02-06,IN,organic
cus_002992,2026-02-28,CA,referral
cus_002993,2026-02-15,US,partner
cus_002994,2026-02-18,US,paid_search
cus_002995,2026-02-17,CA,referral
cus_002996,2026-02-08,GB,partner
cus_002997,2026-02-16,AU,referral
cus_002998,2026-02-21,FR,paid_search
cus_002999,2026-02-14,US,content
cus_003000,2026-02-06,DE,content
cus_003001,2026-02-23,DE,content
cus_003002,2026-02-19,US,content
cus_003003,2026-02-16,GB,organic
cus_003004,2026-02-17,US,organic
cus_003005,2026-02-28,AU,referral
cus_003006,2026-02-17,US,organic
cus_003007,2026-02-10,AU,referral
cus_003008,2026-02-15,GB,content
cus_003009,2026-02-05,US,referral
cus_003010,2026-02-12,US,referral
cus_003011,2026-02-22,DE,content
cus_003012,2026-02-16,IN,paid_search
cus_003013,2026-02-16,GB,referral
cus_003014,2026-02-07,GB,organic
cus_003015,2026-02-20,IN,organic
cus_003016,2026-02-16,DE,referral
cus_003017,2026-02-01,FR,paid_search
cus_003018,2026-02-21,GB,partner
cus_003019,2026-02-24,DE,referral
cus_003020,2026-02-04,US,organic
cus_003021,2026-02-10,DE,content
cus_003022,2026-02-14,FR,paid_search
cus_003023,2026-02-18,FR,paid_search
cus_003024,2026-02-21,US,paid_search
cus_003025,2026-02-24,US,content
cus_003026,2026-02-18,US,partner
cus_003027,2026-02-16,AU,partner
cus_003028,2026-02-25,CA,partner
cus_003029,2026-02-20,AU,paid_search
cus_003030,2026-02-05,IN,paid_search
cus_003031,2026-02-16,US,organic
cus_003032,2026-02-26,DE,partner
cus_003033,2026-02-04,CA,partner
cus_003034,2026-02-24,AU,referral
cus_003035,2026-02-13,US,partner
cus_003036,2026-02-15,US,referral
cus_003037,2026-02-06,DE,content
cus_003038,2026-02-20,US,referral
cus_003039,2026-02-04,IN,content
cus_003040,2026-02-21,CA,referral
cus_003041,2026-02-24,US,partner
cus_003042,2026-02-06,CA,organic
cus_003043,2026-02-04,US,partner
cus_003044,2026-02-13,AU,partner
cus_003045,2026-02-09,US,partner
cus_003046,2026-02-09,GB,content
cus_003047,2026-02-08,CA,referral
cus_003048,2026-02-15,FR,content
cus_003049,2026-02-13,US,organic
cus_003050,2026-02-19,AU,paid_search
cus_003051,2026-02-20,CA,referral
cus_003052,2026-02-20,GB,paid_search
cus_003053,2026-02-27,CA,organic
cus_003054,2026-02-15,FR,content
cus_003055,2026-02-18,CA,referral
cus_003056,2026-02-14,US,organic
cus_003057,2026-02-13,US,content
cus_003058,2026-02-05,FR,organic
cus_003059,2026-02-02,GB,content
cus_003060,2026-02-23,FR,content
cus_003061,2026-02-23,US,organic
cus_003062,2026-02-09,FR,paid_search
cus_003063,2026-02-06,GB,referral
cus_003064,2026-02-12,AU,referral
cus_003065,2026-02-06,US,referral
cus_003066,2026-02-20,GB,partner
cus_003067,2026-02-15,AU,organic
cus_003068,2026-02-20,US,paid_search
cus_003069,2026-02-15,DE,content
cus_003070,2026-02-08,US,referral
cus_003071,2026-02-15,IN,partner
cus_003072,2026-02-02,CA,referral
cus_003073,2026-02-24,FR,paid_search
cus_003074,2026-02-08,IN,organic
cus_003075,2026-02-17,US,referral
cus_003076,2026-02-08,AU,paid_search
cus_003077,2026-02-05,GB,partner
cus_003078,2026-02-16,FR,content
cus_003079,2026-02-18,IN,partner
cus_003080,2026-02-05,GB,referral
cus_003081,2026-02-07,DE,content
cus_003082,2026-02-10,CA,organic
cus_003083,2026-02-21,CA,content
cus_003084,2026-02-13,FR,partner
cus_003085,2026-02-22,US,referral
cus_003086,2026-02-18,AU,organic
cus_003087,2026-02-04,DE,paid_search
cus_003088,2026-02-20,US,content
cus_003089,2026-02-14,DE,referral
cus_003090,2026-02-12,AU,content
cus_003091,2026-02-27,GB,paid_search
cus_003092,2026-02-09,FR,paid_search
cus_003093,2026-02-14,GB,referral
cus_003094,2026-02-23,US,partner
cus_003095,2026-02-26,AU,referral
cus_003096,2026-02-16,FR,organic
cus_003097,2026-02-10,DE,paid_search
cus_003098,2026-02-25,US,referral
cus_003099,2026-02-17,US,referral
cus_003100,2026-02-27,US,content
cus_003101,2026-02-14,AU,paid_search
cus_003102,2026-02-02,US,paid_search
cus_003103,2026-02-18,DE,partner
cus_003104,2026-02-06,US,content
cus_003105,2026-02-07,US,content
cus_003106,2026-02-21,DE,partner
cus_003107,2026-02-06,AU,content
cus_003108,2026-02-14,US,partner
cus_003109,2026-02-24,US,referral
cus_003110,2026-02-21,CA,partner
cus_003111,2026-02-14,FR,referral
cus_003112,2026-02-25,DE,content
cus_003113,2026-02-22,DE,content
cus_003114,2026-02-03,US,paid_search
cus_003115,2026-02-15,GB,partner
cus_003116,2026-02-19,DE,paid_search
cus_003117,2026-02-21,AU,organic
cus_003118,2026-02-25,US,organic
cus_003119,2026-02-24,IN,partner
cus_003120,2026-02-26,US,content
cus_003121,2026-02-22,US,organic
cus_003122,2026-02-28,GB,content
cus_003123,2026-02-21,CA,paid_search
cus_003124,2026-02-21,US,organic
cus_003125,2026-02-08,IN,content
cus_003126,2026-02-05,IN,organic
cus_003127,2026-02-10,IN,content
cus_003128,2026-02-08,US,referral
cus_003129,2026-02-22,US,partner
cus_003130,2026-02-02,FR,paid_search
cus_003131,2026-02-19,CA,partner
cus_003132,2026-02-09,DE,organic
cus_003133,2026-02-20,US,paid_search
cus_003134,2026-02-22,US,content
cus_003135,2026-02-17,FR,referral
cus_003136,2026-02-07,US,partner
cus_003137,2026-02-05,GB,organic
cus_003138,2026-02-04,US,referral
cus_003139,2026-02-08,DE,content
cus_003140,2026-02-19,US,paid_search
cus_003141,2026-02-26,US,partner
cus_003142,2026-02-02,FR,organic
cus_003143,2026-02-17,US,paid_search
cus_003144,2026-02-18,CA,organic
cus_003145,2026-02-17,FR,referral
cus_003146,2026-02-12,CA,referral
cus_003147,2026-02-16,US,paid_search
cus_003148,2026-02-16,US,content
cus_003149,2026-02-27,US,content
cus_003150,2026-02-24,GB,content
cus_003151,2026-02-09,DE,referral
cus_003152,2026-02-22,AU,referral
cus_003153,2026-02-21,FR,partner
cus_003154,2026-02-08,CA,content
cus_003155,2026-02-01,DE,content
cus_003156,2026-02-14,FR,partner
cus_003157,2026-02-09,US,content
cus_003158,2026-02-08,US,content
cus_003159,2026-02-23,US,referral
cus_003160,2026-02-06,US,content
cus_003161,2026-02-02,US,organic
cus_003162,2026-02-27,US,content
cus_003163,2026-02-20,FR,partner
cus_003164,2026-02-14,DE,organic
cus_003165,2026-02-27,IN,referral
cus_003166,2026-02-22,DE,partner
cus_003167,2026-02-15,US,organic
cus_003168,2026-02-25,US,referral
cus_003169,2026-02-19,CA,content
cus_003170,2026-02-23,IN,paid_search
cus_003171,2026-02-12,IN,organic
cus_003172,2026-02-10,GB,partner
cus_003173,2026-02-10,AU,paid_search
cus_003174,2026-02-17,US,organic
cus_003175,2026-02-04,AU,partner
cus_003176,2026-02-11,DE,paid_search
cus_003177,2026-02-11,CA,partner
cus_003178,2026-02-05,US,content
cus_003179,2026-02-04,IN,partner
cus_003180,2026-02-26,GB,content
cus_003181,2026-02-24,US,organic
cus_003182,2026-02-24,AU,paid_search
cus_003183,2026-02-23,US,partner
cus_003184,2026-02-25,US,organic
cus_003185,2026-02-03,IN,organic
cus_003186,2026-02-28,IN,paid_search
cus_003187,2026-02-06,AU,organic
cus_003188,2026-02-26,GB,paid_search
cus_003189,2026-02-28,IN,referral
cus_003190,2026-02-03,FR,referral
cus_003191,2026-02-21,GB,content
cus_003192,2026-02-13,US,partner
cus_003193,2026-02-11,US,partner
cus_003194,2026-02-13,DE,paid_search
cus_003195,2026-02-23,GB,organic
cus_003196,2026-02-01,CA,content
cus_003197,2026-02-06,CA,organic
cus_003198,2026-02-18,US,content
cus_003199,2026-02-12,GB,organic
cus_003200,2026-02-26,US,partner
cus_003201,2026-02-22,US,content
cus_003202,2026-02-17,CA,paid_search
cus_003203,2026-02-13,IN,organic
cus_003204,2026-02-17,IN,content
cus_003205,2026-02-08,FR,partner
cus_003206,2026-02-07,US,paid_search
cus_003207,2026-02-15,US,content
cus_003208,2026-02-05,CA,organic
cus_003209,2026-02-25,GB,referral
cus_003210,2026-02-07,US,content
cus_003211,2026-02-03,AU,partner
cus_003212,2026-02-21,DE,organic
cus_003213,2026-02-08,CA,paid_search
cus_003214,2026-02-12,GB,referral
cus_003215,2026-02-16,US,organic
cus_003216,2026-02-01,DE,organic
cus_003217,2026-02-20,IN,partner
cus_003218,2026-02-28,US,content
cus_003219,2026-02-24,US,partner
cus_003220,2026-02-14,US,paid_search
cus_003221,2026-02-03,US,content
cus_003222,2026-02-15,DE,partner
cus_003223,2026-02-17,US,paid_search
cus_003224,2026-02-03,US,referral
cus_003225,2026-02-20,AU,partner
cus_003226,2026-02-13,GB,referral
cus_003227,2026-02-18,IN,referral
cus_003228,2026-02-11,FR,referral
cus_003229,2026-02-22,FR,organic
cus_003230,2026-02-08,DE,content
cus_003231,2026-02-18,CA,referral
cus_003232,2026-02-27,AU,organic
cus_003233,2026-02-05,GB,paid_search
cus_003234,2026-02-06,US,referral
cus_003235,2026-02-07,DE,organic
cus_003236,2026-02-14,US,content
cus_003237,2026-02-03,AU,paid_search
cus_003238,2026-02-20,US,partner
cus_003239,2026-02-16,IN,paid_search
cus_003240,2026-02-26,CA,content
cus_003241,2026-02-12,US,paid_search
cus_003242,2026-02-28,CA,organic
cus_003243,2026-02-28,DE,paid_search
cus_003244,2026-02-19,US,content
cus_003245,2026-02-01,US,paid_search
cus_003246,2026-02-15,US,content
cus_003247,2026-02-09,DE,content
cus_003248,2026-02-11,CA,referral
cus_003249,2026-02-05,US,content
cus_003250,2026-02-03,AU,organic
cus_003251,2026-02-16,GB,partner
cus_003252,2026-02-06,US,organic
cus_003253,2026-02-23,FR,referral
cus_003254,2026-02-10,GB,content
cus_003255,2026-02-12,US,organic
cus_003256,2026-02-20,US,referral
cus_003257,2026-02-28,AU,content
cus_003258,2026-02-08,GB,content
cus_003259,2026-02-08,IN,partner
cus_003260,2026-02-12,CA,referral
cus_003261,2026-02-01,IN,partner
cus_003262,2026-02-09,US,partner
cus_003263,2026-02-27,AU,partner
cus_003264,2026-02-22,DE,organic
cus_003265,2026-02-25,FR,content
cus_003266,2026-02-10,US,content
cus_003267,2026-02-23,CA,organic
cus_003268,2026-02-25,IN,organic
cus_003269,2026-02-08,GB,partner
cus_003270,2026-02-02,US,organic
cus_003271,2026-02-03,GB,partner
cus_003272,2026-02-24,US,paid_search
cus_003273,2026-02-19,FR,referral
cus_003274,2026-02-27,FR,content
cus_003275,2026-02-22,US,referral
cus_003276,2026-02-16,US,paid_search
cus_003277,2026-02-08,US,paid_search
cus_003278,2026-02-07,FR,referral
cus_003279,2026-02-25,DE,referral
cus_003280,2026-02-02,US,content
cus_003281,2026-02-22,DE,content
cus_003282,2026-02-23,AU,organic
cus_003283,2026-02-18,US,paid_search
cus_003284,2026-02-28,GB,referral
cus_003285,2026-02-17,AU,referral
cus_003286,2026-02-25,AU,paid_search
cus_003287,2026-02-28,CA,partner
cus_003288,2026-02-26,IN,partner
cus_003289,2026-02-04,US,referral
cus_003290,2026-02-27,FR,partner
cus_003291,2026-02-17,US,content
cus_003292,2026-02-17,AU,partner
cus_003293,2026-02-08,DE,referral
cus_003294,2026-03-11,US,content
cus_003295,2026-03-19,CA,paid_search
cus_003296,2026-03-18,US,organic
cus_003297,2026-03-07,US,partner
cus_003298,2026-03-31,DE,partner
cus_003299,2026-03-03,US,paid_search
cus_003300,2026-03-25,US,content
cus_003301,2026-03-25,CA,referral
cus_003302,2026-03-04,DE,paid_search
cus_003303,2026-03-11,US,paid_search
cus_003304,2026-03-25,IN,content
cus_003305,2026-03-23,IN,referral
cus_003306,2026-03-03,CA,organic
cus_003307,2026-03-17,IN,paid_search
cus_003308,2026-03-25,IN,content
cus_003309,2026-03-19,US,organic
cus_003310,2026-03-03,AU,content
cus_003311,2026-03-06,US,organic
cus_003312,2026-03-18,DE,content
cus_003313,2026-03-12,US,paid_search
cus_003314,2026-03-20,GB,partner
cus_003315,2026-03-31,US,referral
cus_003316,2026-03-28,CA,partner
cus_003317,2026-03-05,FR,content
cus_003318,2026-03-18,FR,referral
cus_003319,2026-03-15,GB,content
cus_003320,2026-03-05,AU,partner
cus_003321,2026-03-06,GB,paid_search
cus_003322,2026-03-25,US,paid_search
cus_003323,2026-03-19,AU,organic
cus_003324,2026-03-01,US,referral
cus_003325,2026-03-23,US,referral
cus_003326,2026-03-04,GB,paid_search
cus_003327,2026-03-19,FR,referral
cus_003328,2026-03-04,IN,paid_search
cus_003329,2026-03-06,IN,partner
cus_003330,2026-03-19,FR,content
cus_003331,2026-03-12,CA,content
cus_003332,2026-03-08,GB,content
cus_003333,2026-03-16,IN,paid_search
cus_003334,2026-03-23,AU,partner
cus_003335,2026-03-09,AU,paid_search
cus_003336,2026-03-31,DE,partner
cus_003337,2026-03-22,IN,paid_search
cus_003338,2026-03-25,US,organic
cus_003339,2026-03-02,US,organic
cus_003340,2026-03-17,US,partner
cus_003341,2026-03-08,CA,partner
cus_003342,2026-03-04,CA,partner
cus_003343,2026-03-19,US,referral
cus_003344,2026-03-03,CA,organic
cus_003345,2026-03-08,DE,partner
cus_003346,2026-03-01,US,referral
cus_003347,2026-03-23,GB,organic
cus_003348,2026-03-25,US,referral
cus_003349,2026-03-27,US,paid_search
cus_003350,2026-03-11,US,partner
cus_003351,2026-03-25,DE,paid_search
cus_003352,2026-03-13,US,partner
cus_003353,2026-03-02,FR,paid_search
cus_003354,2026-03-08,GB,organic
cus_003355,2026-03-11,FR,paid_search
cus_003356,2026-03-07,US,referral
cus_003357,2026-03-28,DE,paid_search
cus_003358,2026-03-07,US,partner
cus_003359,2026-03-21,DE,organic
cus_003360,2026-03-18,US,paid_search
cus_003361,2026-03-11,US,organic
cus_003362,2026-03-09,CA,referral
cus_003363,2026-03-23,US,partner
cus_003364,2026-03-09,US,partner
cus_003365,2026-03-18,CA,content
cus_003366,2026-03-27,GB,paid_search
cus_003367,2026-03-12,AU,paid_search
cus_003368,2026-03-12,US,content
cus_003369,2026-03-06,GB,referral
cus_003370,2026-03-20,CA,paid_search
cus_003371,2026-03-03,US,paid_search
cus_003372,2026-03-29,DE,organic
cus_003373,2026-03-22,CA,paid_search
cus_003374,2026-03-27,US,partner
cus_003375,2026-03-01,CA,partner
cus_003376,2026-03-26,IN,referral
cus_003377,2026-03-03,FR,organic
cus_003378,2026-03-12,GB,paid_search
cus_003379,2026-03-15,AU,organic
cus_003380,2026-03-10,GB,referral
cus_003381,2026-03-24,DE,content
cus_003382,2026-03-09,US,content
cus_003383,2026-03-28,CA,partner
cus_003384,2026-03-23,AU,organic
cus_003385,2026-03-10,CA,partner
cus_003386,2026-03-13,GB,organic
cus_003387,2026-03-04,IN,content
cus_003388,2026-03-16,US,partner
cus_003389,2026-03-08,DE,partner
cus_003390,2026-03-02,CA,referral
cus_003391,2026-03-17,FR,referral
cus_003392,2026-03-23,US,content
cus_003393,2026-03-20,IN,partner
cus_003394,2026-03-24,FR,organic
cus_003395,2026-03-29,US,organic
cus_003396,2026-03-10,US,partner
cus_003397,2026-03-31,FR,organic
cus_003398,2026-03-16,CA,organic
cus_003399,2026-03-28,CA,content
cus_003400,2026-03-30,CA,paid_search
cus_003401,2026-03-27,AU,partner
cus_003402,2026-03-03,US,organic
cus_003403,2026-03-15,IN,paid_search
cus_003404,2026-03-11,DE,partner
cus_003405,2026-03-03,DE,paid_search
cus_003406,2026-03-01,IN,referral
cus_003407,2026-03-16,IN,paid_search
cus_003408,2026-03-21,DE,paid_search
cus_003409,2026-03-01,US,organic
cus_003410,2026-03-11,DE,organic
cus_003411,2026-03-18,CA,content
cus_003412,2026-03-21,GB,content
cus_003413,2026-03-01,GB,partner
cus_003414,2026-03-11,US,referral
cus_003415,2026-03-19,US,organic
cus_003416,2026-03-24,CA,partner
cus_003417,2026-03-24,AU,paid_search
cus_003418,2026-03-13,GB,paid_search
cus_003419,2026-03-26,US,organic
cus_003420,2026-03-13,AU,partner
cus_003421,2026-03-03,CA,organic
cus_003422,2026-03-01,US,content
cus_003423,2026-03-09,AU,partner
cus_003424,2026-03-01,US,paid_search
cus_003425,2026-03-31,US,paid_search
cus_003426,2026-03-30,US,organic
cus_003427,2026-03-29,FR,partner
cus_003428,2026-03-17,GB,organic
cus_003429,2026-03-07,AU,paid_search
cus_003430,2026-03-16,US,referral
cus_003431,2026-03-29,US,partner
cus_003432,2026-03-28,GB,paid_search
cus_003433,2026-03-05,FR,organic
cus_003434,2026-03-20,DE,organic
cus_003435,2026-03-06,GB,paid_search
cus_003436,2026-03-13,GB,partner
cus_003437,2026-03-30,US,referral
cus_003438,2026-03-03,GB,referral
cus_003439,2026-03-13,US,paid_search
cus_003440,2026-03-14,CA,paid_search
cus_003441,2026-03-02,IN,content
cus_003442,2026-03-10,AU,organic
cus_003443,2026-03-11,US,organic
cus_003444,2026-03-15,US,paid_search
cus_003445,2026-03-01,AU,referral
cus_003446,2026-03-01,AU,content
cus_003447,2026-03-11,AU,partner
cus_003448,2026-03-01,IN,referral
cus_003449,2026-03-03,US,organic
cus_003450,2026-03-21,FR,referral
cus_003451,2026-03-08,AU,referral
cus_003452,2026-03-26,DE,partner
cus_003453,2026-03-24,FR,organic
cus_003454,2026-03-15,GB,organic
cus_003455,2026-03-05,AU,content
cus_003456,2026-03-17,DE,organic
cus_003457,2026-03-07,GB,referral
cus_003458,2026-03-07,CA,referral
cus_003459,2026-03-12,US,organic
cus_003460,2026-03-15,US,paid_search
cus_003461,2026-03-27,CA,paid_search
cus_003462,2026-03-09,AU,content
cus_003463,2026-03-10,AU,organic
cus_003464,2026-03-13,US,referral
cus_003465,2026-03-29,US,organic
cus_003466,2026-03-28,US,partner
cus_003467,2026-03-30,AU,partner
cus_003468,2026-03-16,CA,paid_search
cus_003469,2026-03-19,US,content
cus_003470,2026-03-06,CA,content
cus_003471,2026-03-09,US,content
cus_003472,2026-03-03,IN,referral
cus_003473,2026-03-25,CA,referral
cus_003474,2026-03-14,DE,referral
cus_003475,2026-03-27,FR,partner
cus_003476,2026-03-22,US,paid_search
cus_003477,2026-03-27,AU,paid_search
cus_003478,2026-03-20,US,content
cus_003479,2026-03-18,US,organic
cus_003480,2026-03-01,AU,organic
cus_003481,2026-03-31,GB,paid_search
cus_003482,2026-03-02,DE,organic
cus_003483,2026-03-08,IN,paid_search
cus_003484,2026-03-12,FR,content
cus_003485,2026-03-10,IN,content
cus_003486,2026-03-20,US,paid_search
cus_003487,2026-03-01,US,referral
cus_003488,2026-03-25,GB,content
cus_003489,2026-03-29,US,partner
cus_003490,2026-03-05,FR,partner
cus_003491,2026-03-11,CA,paid_search
cus_003492,2026-03-06,GB,partner
cus_003493,2026-03-25,DE,referral
cus_003494,2026-03-10,AU,content
cus_003495,2026-03-11,US,paid_search
cus_003496,2026-03-08,CA,paid_search
cus_003497,2026-03-04,US,partner
cus_003498,2026-03-07,DE,organic
cus_003499,2026-03-08,AU,paid_search
cus_003500,2026-03-09,GB,referral
cus_003501,2026-03-19,GB,content
cus_003502,2026-03-07,CA,paid_search
cus_003503,2026-03-04,FR,referral
cus_003504,2026-03-22,IN,referral
cus_003505,2026-03-13,IN,referral
cus_003506,2026-03-11,CA,partner
cus_003507,2026-03-20,US,content
cus_003508,2026-03-17,FR,content
cus_003509,2026-03-07,US,organic
cus_003510,2026-03-20,AU,paid_search
cus_003511,2026-03-25,AU,partner
cus_003512,2026-03-14,GB,organic
cus_003513,2026-03-20,US,paid_search
cus_003514,2026-03-29,GB,paid_search
cus_003515,2026-03-14,IN,organic
cus_003516,2026-03-24,DE,organic
cus_003517,2026-03-05,DE,paid_search
cus_003518,2026-03-23,DE,paid_search
cus_003519,2026-03-19,FR,organic
cus_003520,2026-03-17,GB,paid_search
cus_003521,2026-03-12,DE,partner
cus_003522,2026-03-28,US,content
cus_003523,2026-03-22,US,content
cus_003524,2026-03-24,DE,content
cus_003525,2026-03-01,AU,content
cus_003526,2026-03-11,US,content
cus_003527,2026-03-12,US,paid_search
cus_003528,2026-03-20,AU,content
cus_003529,2026-03-04,FR,referral
cus_003530,2026-03-17,GB,partner
cus_003531,2026-03-06,FR,paid_search
cus_003532,2026-03-14,FR,content
cus_003533,2026-03-28,US,content
cus_003534,2026-03-21,GB,referral
cus_003535,2026-03-17,GB,organic
cus_003536,2026-03-24,AU,content
cus_003537,2026-03-16,US,organic
cus_003538,2026-03-05,US,partner
cus_003539,2026-03-07,DE,referral
cus_003540,2026-03-21,US,referral
cus_003541,2026-03-07,AU,organic
cus_003542,2026-03-26,DE,content
cus_003543,2026-03-08,US,content
cus_003544,2026-03-07,DE,partner
cus_003545,2026-03-07,US,referral
cus_003546,2026-03-31,CA,paid_search
cus_003547,2026-03-28,US,referral
cus_003548,2026-03-27,US,content
cus_003549,2026-03-22,GB,organic
cus_003550,2026-03-12,GB,organic
cus_003551,2026-03-09,DE,content
cus_003552,2026-03-18,GB,referral
cus_003553,2026-03-19,AU,content
cus_003554,2026-03-24,US,organic
cus_003555,2026-03-06,US,content
cus_003556,2026-03-04,FR,referral
cus_003557,2026-03-02,US,organic
cus_003558,2026-03-20,US,partner
cus_003559,2026-03-03,US,organic
cus_003560,2026-03-21,AU,organic
cus_003561,2026-03-02,IN,content
cus_003562,2026-03-02,FR,paid_search
cus_003563,2026-03-01,AU,paid_search
cus_003564,2026-03-16,CA,content
cus_003565,2026-03-16,US,paid_search
cus_003566,2026-03-31,US,referral
cus_003567,2026-03-23,AU,organic
cus_003568,2026-03-11,AU,organic
cus_003569,2026-03-07,AU,content
cus_003570,2026-03-25,DE,referral
cus_003571,2026-03-12,GB,organic
cus_003572,2026-03-26,US,organic
cus_003573,2026-03-17,GB,referral
cus_003574,2026-03-20,US,organic
cus_003575,2026-03-25,IN,referral
cus_003576,2026-03-09,US,paid_search
cus_003577,2026-03-24,CA,partner
cus_003578,2026-03-15,AU,content
cus_003579,2026-03-04,US,content
cus_003580,2026-03-09,US,partner
cus_003581,2026-03-02,US,referral
cus_003582,2026-03-09,DE,partner
cus_003583,2026-03-08,AU,referral
cus_003584,2026-03-14,US,paid_search
cus_003585,2026-03-15,CA,partner
cus_003586,2026-03-29,US,partner
cus_003587,2026-04-23,FR,paid_search
cus_003588,2026-04-05,US,paid_search
cus_003589,2026-04-13,CA,content
cus_003590,2026-04-12,DE,content
cus_003591,2026-04-27,DE,content
cus_003592,2026-04-22,US,content
cus_003593,2026-04-15,US,partner
cus_003594,2026-04-26,GB,partner
cus_003595,2026-04-07,GB,organic
cus_003596,2026-04-30,US,content
cus_003597,2026-04-28,FR,paid_search
cus_003598,2026-04-28,CA,partner
cus_003599,2026-04-04,GB,partner
cus_003600,2026-04-30,DE,content
cus_003601,2026-04-07,US,content
cus_003602,2026-04-15,CA,paid_search
cus_003603,2026-04-07,US,partner
cus_003604,2026-04-16,FR,paid_search
cus_003605,2026-04-07,GB,partner
cus_003606,2026-04-09,GB,content
cus_003607,2026-04-26,CA,content
cus_003608,2026-04-16,FR,paid_search
cus_003609,2026-04-20,US,referral
cus_003610,2026-04-14,FR,paid_search
cus_003611,2026-04-24,GB,partner
cus_003612,2026-04-29,US,partner
cus_003613,2026-04-10,IN,organic
cus_003614,2026-04-30,DE,organic
cus_003615,2026-04-21,FR,paid_search
cus_003616,2026-04-16,AU,paid_search
cus_003617,2026-04-08,GB,paid_search
cus_003618,2026-04-22,CA,partner
cus_003619,2026-04-21,GB,paid_search
cus_003620,2026-04-18,FR,content
cus_003621,2026-04-02,FR,referral
cus_003622,2026-04-26,DE,paid_search
cus_003623,2026-04-08,GB,paid_search
cus_003624,2026-04-27,IN,partner
cus_003625,2026-04-20,US,paid_search
cus_003626,2026-04-30,FR,paid_search
cus_003627,2026-04-20,US,paid_search
cus_003628,2026-04-06,DE,paid_search
cus_003629,2026-04-15,IN,referral
cus_003630,2026-04-09,US,content
cus_003631,2026-04-17,US,referral
cus_003632,2026-04-29,DE,paid_search
cus_003633,2026-04-25,IN,organic
cus_003634,2026-04-03,FR,content
cus_003635,2026-04-13,GB,organic
cus_003636,2026-04-12,GB,referral
cus_003637,2026-04-28,AU,organic
cus_003638,2026-04-05,US,content
cus_003639,2026-04-15,AU,referral
cus_003640,2026-04-25,GB,content
cus_003641,2026-04-22,GB,paid_search
cus_003642,2026-04-24,CA,content
cus_003643,2026-04-20,IN,paid_search
cus_003644,2026-04-25,GB,content
cus_003645,2026-04-25,AU,paid_search
cus_003646,2026-04-23,US,partner
cus_003647,2026-04-04,DE,organic
cus_003648,2026-04-16,GB,content
cus_003649,2026-04-24,FR,paid_search
cus_003650,2026-04-05,IN,referral
cus_003651,2026-04-10,US,paid_search
cus_003652,2026-04-04,IN,organic
cus_003653,2026-04-09,AU,paid_search
cus_003654,2026-04-21,GB,referral
cus_003655,2026-04-14,AU,organic
cus_003656,2026-04-04,US,organic
cus_003657,2026-04-27,US,paid_search
cus_003658,2026-04-30,AU,partner
cus_003659,2026-04-16,CA,content
cus_003660,2026-04-21,GB,partner
cus_003661,2026-04-12,CA,referral
cus_003662,2026-04-16,CA,partner
cus_003663,2026-04-27,US,referral
cus_003664,2026-04-19,FR,paid_search
cus_003665,2026-04-23,US,organic
cus_003666,2026-04-29,GB,referral
cus_003667,2026-04-22,CA,content
cus_003668,2026-04-10,GB,referral
cus_003669,2026-04-12,GB,paid_search
cus_003670,2026-04-18,AU,content
cus_003671,2026-04-04,US,paid_search
cus_003672,2026-04-17,AU,content
cus_003673,2026-04-26,US,organic
cus_003674,2026-04-11,US,organic
cus_003675,2026-04-30,US,paid_search
cus_003676,2026-04-03,CA,referral
cus_003677,2026-04-06,FR,content
cus_003678,2026-04-13,AU,content
cus_003679,2026-04-21,IN,content
cus_003680,2026-04-15,US,paid_search
cus_003681,2026-04-15,US,organic
cus_003682,2026-04-30,DE,content
cus_003683,2026-04-07,US,paid_search
cus_003684,2026-04-02,FR,content
cus_003685,2026-04-04,IN,content
cus_003686,2026-04-25,US,referral
cus_003687,2026-04-15,US,content
cus_003688,2026-04-07,US,paid_search
cus_003689,2026-04-14,US,paid_search
cus_003690,2026-04-20,US,paid_search
cus_003691,2026-04-17,US,partner
cus_003692,2026-04-05,FR,partner
cus_003693,2026-04-03,AU,organic
cus_003694,2026-04-03,GB,partner
cus_003695,2026-04-01,DE,partner
cus_003696,2026-04-13,US,organic
cus_003697,2026-04-19,DE,organic
cus_003698,2026-04-14,US,referral
cus_003699,2026-04-28,GB,organic
cus_003700,2026-04-01,AU,partner
cus_003701,2026-04-22,AU,paid_search
cus_003702,2026-04-27,US,organic
cus_003703,2026-04-04,GB,organic
cus_003704,2026-04-01,US,organic
cus_003705,2026-04-30,FR,content
cus_003706,2026-04-10,US,content
cus_003707,2026-04-23,DE,paid_search
cus_003708,2026-04-15,US,partner
cus_003709,2026-04-22,DE,content
cus_003710,2026-04-12,IN,referral
cus_003711,2026-04-26,US,paid_search
cus_003712,2026-04-14,CA,content
cus_003713,2026-04-28,DE,paid_search
cus_003714,2026-04-22,US,partner
cus_003715,2026-04-02,GB,partner
cus_003716,2026-04-09,CA,paid_search
cus_003717,2026-04-10,DE,referral
cus_003718,2026-04-09,US,referral
cus_003719,2026-04-11,US,referral
cus_003720,2026-04-02,US,paid_search
cus_003721,2026-04-12,CA,partner
cus_003722,2026-04-24,FR,partner
cus_003723,2026-04-03,US,content
cus_003724,2026-04-26,IN,paid_search
cus_003725,2026-04-27,DE,content
cus_003726,2026-04-04,US,content
cus_003727,2026-04-05,IN,referral
cus_003728,2026-04-28,US,referral
cus_003729,2026-04-15,DE,referral
cus_003730,2026-04-16,DE,partner
cus_003731,2026-04-13,US,referral
cus_003732,2026-04-02,DE,partner
cus_003733,2026-04-03,CA,content
cus_003734,2026-04-26,GB,paid_search
cus_003735,2026-04-11,DE,organic
cus_003736,2026-04-05,US,referral
cus_003737,2026-04-14,US,content
cus_003738,2026-04-19,DE,referral
cus_003739,2026-04-01,IN,organic
cus_003740,2026-04-11,US,referral
cus_003741,2026-04-11,US,organic
cus_003742,2026-04-27,US,referral
cus_003743,2026-04-17,GB,content
cus_003744,2026-04-28,US,paid_search
cus_003745,2026-04-26,US,content
cus_003746,2026-04-24,GB,paid_search
cus_003747,2026-04-24,GB,paid_search
cus_003748,2026-04-26,FR,paid_search
cus_003749,2026-04-09,US,organic
cus_003750,2026-04-27,CA,content
cus_003751,2026-04-19,DE,content
cus_003752,2026-04-10,US,partner
cus_003753,2026-04-30,DE,organic
cus_003754,2026-04-19,AU,content
cus_003755,2026-04-27,IN,organic
cus_003756,2026-04-24,FR,organic
cus_003757,2026-04-08,IN,organic
cus_003758,2026-04-19,US,paid_search
cus_003759,2026-04-21,AU,organic
cus_003760,2026-04-07,FR,content
cus_003761,2026-04-03,US,paid_search
cus_003762,2026-04-13,AU,paid_search
cus_003763,2026-04-03,US,organic
cus_003764,2026-04-05,US,organic
cus_003765,2026-04-10,US,paid_search
cus_003766,2026-04-02,US,paid_search
cus_003767,2026-04-29,US,organic
cus_003768,2026-04-03,AU,partner
cus_003769,2026-04-09,US,partner
cus_003770,2026-04-08,US,partner
cus_003771,2026-04-07,FR,organic
cus_003772,2026-04-26,DE,referral
cus_003773,2026-04-14,CA,content
cus_003774,2026-04-05,US,organic
cus_003775,2026-04-16,FR,referral
cus_003776,2026-04-24,IN,paid_search
cus_003777,2026-04-02,IN,referral
cus_003778,2026-04-05,CA,partner
cus_003779,2026-04-28,CA,paid_search
cus_003780,2026-04-14,AU,content
cus_003781,2026-04-09,US,organic
cus_003782,2026-04-22,DE,paid_search
cus_003783,2026-04-21,US,paid_search
cus_003784,2026-04-26,DE,content
cus_003785,2026-04-16,AU,partner
cus_003786,2026-04-02,US,organic
cus_003787,2026-04-09,CA,partner
cus_003788,2026-04-25,AU,referral
cus_003789,2026-04-11,AU,content
cus_003790,2026-04-22,CA,content
cus_003791,2026-04-09,US,referral
cus_003792,2026-04-17,AU,partner
cus_003793,2026-04-25,GB,organic
cus_003794,2026-04-17,IN,paid_search
cus_003795,2026-04-03,US,paid_search
cus_003796,2026-04-20,IN,partner
cus_003797,2026-04-30,GB,paid_search
cus_003798,2026-04-09,GB,content
cus_003799,2026-04-30,US,referral
cus_003800,2026-04-20,US,referral
cus_003801,2026-04-30,US,partner
cus_003802,2026-04-02,FR,organic
cus_003803,2026-04-02,FR,partner
cus_003804,2026-04-24,GB,paid_search
cus_003805,2026-04-10,DE,content
cus_003806,2026-04-07,US,organic
cus_003807,2026-04-28,DE,content
cus_003808,2026-04-18,CA,referral
cus_003809,2026-04-05,US,paid_search
cus_003810,2026-04-23,US,partner
cus_003811,2026-04-11,US,organic
cus_003812,2026-04-07,FR,organic
cus_003813,2026-04-26,US,partner
cus_003814,2026-04-14,US,organic
cus_003815,2026-04-28,US,partner
cus_003816,2026-04-10,US,referral
cus_003817,2026-04-22,US,referral
cus_003818,2026-04-05,US,paid_search
cus_003819,2026-04-24,AU,partner
cus_003820,2026-04-03,DE,content
cus_003821,2026-04-16,US,content
cus_003822,2026-04-17,FR,paid_search
cus_003823,2026-04-09,AU,paid_search
cus_003824,2026-04-11,US,paid_search
cus_003825,2026-04-14,CA,referral
cus_003826,2026-04-15,GB,content
cus_003827,2026-04-09,US,partner
cus_003828,2026-04-22,CA,paid_search
cus_003829,2026-04-01,DE,partner
cus_003830,2026-04-10,FR,content
cus_003831,2026-04-23,GB,partner
cus_003832,2026-04-19,CA,paid_search
cus_003833,2026-04-26,US,content
cus_003834,2026-04-02,CA,partner
cus_003835,2026-04-25,FR,referral
cus_003836,2026-04-02,CA,organic
cus_003837,2026-04-19,AU,content
cus_003838,2026-04-20,US,partner
cus_003839,2026-04-16,GB,organic
cus_003840,2026-04-17,GB,paid_search
cus_003841,2026-04-09,GB,partner
cus_003842,2026-04-05,FR,referral
cus_003843,2026-04-18,CA,organic
cus_003844,2026-04-27,US,organic
cus_003845,2026-04-26,US,partner
cus_003846,2026-04-25,DE,paid_search
cus_003847,2026-04-30,US,content
cus_003848,2026-04-20,US,organic
cus_003849,2026-04-26,GB,organic
cus_003850,2026-04-18,CA,paid_search
cus_003851,2026-04-04,FR,organic
cus_003852,2026-04-07,AU,content
cus_003853,2026-04-21,CA,organic
cus_003854,2026-04-25,US,organic
cus_003855,2026-04-19,AU,referral
cus_003856,2026-04-13,IN,referral
cus_003857,2026-04-19,IN,paid_search
cus_003858,2026-04-13,DE,content
cus_003859,2026-04-04,CA,content
cus_003860,2026-04-24,FR,organic
cus_003861,2026-04-05,DE,partner
cus_003862,2026-04-24,FR,organic
cus_003863,2026-04-23,CA,content
cus_003864,2026-04-17,DE,organic
cus_003865,2026-04-01,DE,partner
cus_003866,2026-04-09,IN,referral
cus_003867,2026-04-19,US,partner
cus_003868,2026-04-27,CA,organic
cus_003869,2026-04-23,US,organic
cus_003870,2026-04-06,US,paid_search
cus_003871,2026-04-11,US,organic
cus_003872,2026-04-22,AU,organic
cus_003873,2026-04-06,IN,content
cus_003874,2026-04-22,US,referral
cus_003875,2026-04-04,US,content
cus_003876,2026-04-03,US,referral
cus_003877,2026-04-11,US,content
cus_003878,2026-04-15,US,content
cus_003879,2026-04-24,US,partner
cus_003880,2026-04-29,US,paid_search
cus_003881,2026-04-05,IN,referral
cus_003882,2026-04-30,IN,referral
cus_003883,2026-04-26,US,organic
cus_003884,2026-04-02,US,partner
cus_003885,2026-04-18,AU,content
cus_003886,2026-04-03,US,referral
cus_003887,2026-04-21,US,referral
cus_003888,2026-04-03,CA,content
cus_003889,2026-04-24,US,content
cus_003890,2026-04-19,US,organic
cus_003891,2026-04-24,FR,paid_search
cus_003892,2026-04-11,US,referral
cus_003893,2026-05-29,FR,referral
cus_003894,2026-05-20,CA,partner
cus_003895,2026-05-09,US,paid_search
cus_003896,2026-05-15,US,organic
cus_003897,2026-05-11,FR,content
cus_003898,2026-05-05,FR,partner
cus_003899,2026-05-07,FR,organic
cus_003900,2026-05-24,GB,content
cus_003901,2026-05-15,US,organic
cus_003902,2026-05-12,GB,partner
cus_003903,2026-05-30,DE,partner
cus_003904,2026-05-18,US,content
cus_003905,2026-05-28,US,paid_search
cus_003906,2026-05-16,AU,referral
cus_003907,2026-05-25,AU,organic
cus_003908,2026-05-17,US,partner
cus_003909,2026-05-16,US,paid_search
cus_003910,2026-05-01,US,content
cus_003911,2026-05-16,US,referral
cus_003912,2026-05-16,GB,referral
cus_003913,2026-05-11,US,paid_search
cus_003914,2026-05-16,US,content
cus_003915,2026-05-24,FR,content
cus_003916,2026-05-15,IN,content
cus_003917,2026-05-02,US,partner
cus_003918,2026-05-29,AU,paid_search
cus_003919,2026-05-09,DE,referral
cus_003920,2026-05-14,GB,paid_search
cus_003921,2026-05-26,DE,referral
cus_003922,2026-05-16,GB,referral
cus_003923,2026-05-06,AU,partner
cus_003924,2026-05-26,IN,paid_search
cus_003925,2026-05-28,AU,referral
cus_003926,2026-05-07,US,partner
cus_003927,2026-05-11,US,paid_search
cus_003928,2026-05-07,US,content
cus_003929,2026-05-01,DE,content
cus_003930,2026-05-01,US,content
cus_003931,2026-05-08,US,partner
cus_003932,2026-05-10,GB,organic
cus_003933,2026-05-08,CA,partner
cus_003934,2026-05-29,AU,paid_search
cus_003935,2026-05-25,US,content
cus_003936,2026-05-30,IN,referral
cus_003937,2026-05-10,CA,content
cus_003938,2026-05-27,DE,organic
cus_003939,2026-05-15,US,partner
cus_003940,2026-05-21,DE,paid_search
cus_003941,2026-05-09,AU,content
cus_003942,2026-05-25,FR,partner
cus_003943,2026-05-03,CA,partner
cus_003944,2026-05-04,US,content
cus_003945,2026-05-11,DE,paid_search
cus_003946,2026-05-03,IN,organic
cus_003947,2026-05-22,DE,content
cus_003948,2026-05-13,DE,partner
cus_003949,2026-05-04,US,paid_search
cus_003950,2026-05-11,US,referral
cus_003951,2026-05-17,DE,partner
cus_003952,2026-05-19,IN,referral
cus_003953,2026-05-19,US,organic
cus_003954,2026-05-12,US,partner
cus_003955,2026-05-03,US,content
cus_003956,2026-05-19,US,partner
cus_003957,2026-05-04,US,paid_search
cus_003958,2026-05-28,US,partner
cus_003959,2026-05-19,AU,referral
cus_003960,2026-05-26,IN,referral
cus_003961,2026-05-22,FR,paid_search
cus_003962,2026-05-15,DE,paid_search
cus_003963,2026-05-14,DE,paid_search
cus_003964,2026-05-31,AU,paid_search
cus_003965,2026-05-04,US,organic
cus_003966,2026-05-12,GB,referral
cus_003967,2026-05-12,CA,partner
cus_003968,2026-05-15,FR,paid_search
cus_003969,2026-05-09,FR,partner
cus_003970,2026-05-11,IN,partner
cus_003971,2026-05-14,CA,referral
cus_003972,2026-05-20,CA,referral
cus_003973,2026-05-22,IN,partner
cus_003974,2026-05-12,US,content
cus_003975,2026-05-07,US,organic
cus_003976,2026-05-24,US,paid_search
cus_003977,2026-05-24,CA,partner
cus_003978,2026-05-03,US,partner
cus_003979,2026-05-12,CA,content
cus_003980,2026-05-09,US,organic
cus_003981,2026-05-13,GB,paid_search
cus_003982,2026-05-15,US,content
cus_003983,2026-05-18,FR,referral
cus_003984,2026-05-12,US,paid_search
cus_003985,2026-05-12,CA,organic
cus_003986,2026-05-26,DE,referral
cus_003987,2026-05-14,CA,organic
cus_003988,2026-05-07,US,content
cus_003989,2026-05-13,US,paid_search
cus_003990,2026-05-26,CA,organic
cus_003991,2026-05-04,FR,paid_search
cus_003992,2026-05-08,FR,content
cus_003993,2026-05-11,US,paid_search
cus_003994,2026-05-03,IN,partner
cus_003995,2026-05-30,GB,content
cus_003996,2026-05-24,CA,organic
cus_003997,2026-05-01,US,paid_search
cus_003998,2026-05-26,DE,content
cus_003999,2026-05-05,US,organic
cus_004000,2026-05-28,US,organic
cus_004001,2026-05-25,AU,paid_search
cus_004002,2026-05-25,FR,paid_search
cus_004003,2026-05-09,FR,organic
cus_004004,2026-05-27,GB,paid_search
cus_004005,2026-05-24,AU,paid_search
cus_004006,2026-05-14,IN,partner
cus_004007,2026-05-21,US,organic
cus_004008,2026-05-02,CA,paid_search
cus_004009,2026-05-16,GB,content
cus_004010,2026-05-12,US,paid_search
cus_004011,2026-05-06,CA,paid_search
cus_004012,2026-05-18,US,partner
cus_004013,2026-05-16,GB,organic
cus_004014,2026-05-20,GB,organic
cus_004015,2026-05-21,CA,organic
cus_004016,2026-05-30,CA,content
cus_004017,2026-05-18,AU,referral
cus_004018,2026-05-12,AU,content
cus_004019,2026-05-05,US,organic
cus_004020,2026-05-27,US,organic
cus_004021,2026-05-21,DE,referral
cus_004022,2026-05-07,FR,content
cus_004023,2026-05-22,IN,referral
cus_004024,2026-05-09,FR,organic
cus_004025,2026-05-06,CA,partner
cus_004026,2026-05-15,CA,referral
cus_004027,2026-05-22,CA,paid_search
cus_004028,2026-05-01,IN,content
cus_004029,2026-05-06,DE,content
cus_004030,2026-05-12,US,organic
cus_004031,2026-05-07,FR,partner
cus_004032,2026-05-02,AU,organic
cus_004033,2026-05-21,CA,partner
cus_004034,2026-05-08,US,referral
cus_004035,2026-05-02,GB,organic
cus_004036,2026-05-08,US,content
cus_004037,2026-05-28,DE,content
cus_004038,2026-05-15,US,referral
cus_004039,2026-05-18,DE,organic
cus_004040,2026-05-04,US,organic
cus_004041,2026-05-15,US,organic
cus_004042,2026-05-05,US,partner
cus_004043,2026-05-03,US,content
cus_004044,2026-05-24,AU,content
cus_004045,2026-05-28,IN,partner
cus_004046,2026-05-04,DE,partner
cus_004047,2026-05-21,US,content
cus_004048,2026-05-12,FR,content
cus_004049,2026-05-13,FR,content
cus_004050,2026-05-24,FR,referral
cus_004051,2026-05-05,IN,referral
cus_004052,2026-05-24,GB,organic
cus_004053,2026-05-26,US,partner
cus_004054,2026-05-13,FR,content
cus_004055,2026-05-15,FR,content
cus_004056,2026-05-15,US,content
cus_004057,2026-05-29,FR,paid_search
cus_004058,2026-05-02,CA,referral
cus_004059,2026-05-10,CA,referral
cus_004060,2026-05-20,US,paid_search
cus_004061,2026-05-02,AU,organic
cus_004062,2026-05-15,IN,referral
cus_004063,2026-05-15,US,paid_search
cus_004064,2026-05-08,US,organic
cus_004065,2026-05-26,US,referral
cus_004066,2026-05-30,US,content
cus_004067,2026-05-04,CA,content
cus_004068,2026-05-09,FR,referral
cus_004069,2026-05-11,US,referral
cus_004070,2026-05-10,CA,paid_search
cus_004071,2026-05-06,DE,partner
cus_004072,2026-05-26,US,content
cus_004073,2026-05-27,DE,referral
cus_004074,2026-05-07,CA,organic
cus_004075,2026-05-15,IN,content
cus_004076,2026-05-15,IN,paid_search
cus_004077,2026-05-18,DE,partner
cus_004078,2026-05-03,DE,content
cus_004079,2026-05-14,AU,referral
cus_004080,2026-05-22,US,organic
cus_004081,2026-05-05,US,organic
cus_004082,2026-05-21,IN,organic
cus_004083,2026-05-14,DE,referral
cus_004084,2026-05-15,US,referral
cus_004085,2026-05-12,CA,content
cus_004086,2026-05-03,US,content
cus_004087,2026-05-05,GB,referral
cus_004088,2026-05-14,CA,organic
cus_004089,2026-05-23,CA,organic
cus_004090,2026-05-12,US,paid_search
cus_004091,2026-05-05,CA,organic
cus_004092,2026-05-02,US,partner
cus_004093,2026-05-21,US,content
cus_004094,2026-05-23,CA,referral
cus_004095,2026-05-13,GB,referral
cus_004096,2026-05-19,FR,organic
cus_004097,2026-05-25,FR,organic
cus_004098,2026-05-25,IN,content
cus_004099,2026-05-27,GB,organic
cus_004100,2026-05-03,DE,partner
cus_004101,2026-05-30,US,paid_search
cus_004102,2026-05-15,GB,organic
cus_004103,2026-05-02,FR,content
cus_004104,2026-05-15,FR,content
cus_004105,2026-05-01,US,referral
cus_004106,2026-05-13,US,organic
cus_004107,2026-05-24,CA,referral
cus_004108,2026-05-14,IN,paid_search
cus_004109,2026-05-26,GB,paid_search
cus_004110,2026-05-28,DE,paid_search
cus_004111,2026-05-17,US,referral
cus_004112,2026-05-20,GB,referral
cus_004113,2026-05-18,US,referral
cus_004114,2026-05-27,FR,referral
cus_004115,2026-05-03,US,content
cus_004116,2026-05-20,DE,content
cus_004117,2026-05-29,US,referral
cus_004118,2026-05-23,CA,referral
cus_004119,2026-05-11,FR,partner
cus_004120,2026-05-27,CA,organic
cus_004121,2026-05-13,IN,referral
cus_004122,2026-05-26,IN,referral
cus_004123,2026-05-26,DE,organic
cus_004124,2026-05-28,CA,referral
cus_004125,2026-05-05,IN,partner
cus_004126,2026-05-22,US,organic
cus_004127,2026-05-07,US,paid_search
cus_004128,2026-05-13,US,referral
cus_004129,2026-05-04,US,partner
cus_004130,2026-05-04,US,referral
cus_004131,2026-05-31,GB,content
cus_004132,2026-05-07,DE,paid_search
cus_004133,2026-05-21,FR,paid_search
cus_004134,2026-05-18,FR,organic
cus_004135,2026-05-03,US,content
cus_004136,2026-05-11,US,content
cus_004137,2026-05-03,IN,paid_search
cus_004138,2026-05-24,US,content
cus_004139,2026-05-22,DE,content
cus_004140,2026-05-27,CA,partner
cus_004141,2026-05-27,DE,paid_search
cus_004142,2026-05-27,US,paid_search
cus_004143,2026-05-13,US,organic
cus_004144,2026-05-14,DE,content
cus_004145,2026-05-20,FR,organic
cus_004146,2026-05-17,CA,content
cus_004147,2026-05-15,US,content
cus_004148,2026-05-16,IN,content
cus_004149,2026-05-14,IN,organic
cus_004150,2026-05-03,IN,referral
cus_004151,2026-05-14,US,partner
cus_004152,2026-05-07,DE,referral
cus_004153,2026-05-27,GB,organic
cus_004154,2026-05-21,AU,content
cus_004155,2026-05-22,CA,paid_search
cus_004156,2026-05-02,GB,referral
cus_004157,2026-05-15,DE,content
cus_004158,2026-05-22,US,referral
cus_004159,2026-05-16,US,referral
cus_004160,2026-05-21,AU,partner
cus_004161,2026-05-27,DE,partner
cus_004162,2026-05-02,US,content
cus_004163,2026-05-05,CA,organic
cus_004164,2026-05-29,CA,content
cus_004165,2026-05-21,AU,paid_search
cus_004166,2026-05-09,IN,content
cus_004167,2026-05-19,US,organic
cus_004168,2026-05-13,GB,partner
cus_004169,2026-05-17,GB,referral
cus_004170,2026-05-28,US,partner
cus_004171,2026-05-24,US,referral
cus_004172,2026-05-13,DE,partner
cus_004173,2026-05-27,IN,organic
cus_004174,2026-05-06,US,paid_search
cus_004175,2026-05-15,US,partner
cus_004176,2026-05-20,CA,content
cus_004177,2026-05-26,GB,paid_search
cus_004178,2026-05-14,FR,paid_search
cus_004179,2026-05-30,GB,content
cus_004180,2026-05-24,IN,paid_search
cus_004181,2026-05-04,FR,paid_search
cus_004182,2026-05-26,FR,content
cus_004183,2026-05-02,US,partner
cus_004184,2026-05-06,FR,partner
cus_004185,2026-05-12,US,paid_search
cus_004186,2026-05-26,CA,content
cus_004187,2026-05-30,US,partner
cus_004188,2026-05-25,DE,partner
cus_004189,2026-05-15,GB,partner
cus_004190,2026-05-21,CA,content
cus_004191,2026-05-27,AU,partner
cus_004192,2026-05-13,FR,content
cus_004193,2026-05-10,CA,referral
cus_004194,2026-05-28,AU,organic
cus_004195,2026-05-24,AU,referral
cus_004196,2026-05-04,DE,paid_search
cus_004197,2026-05-12,US,content
cus_004198,2026-05-27,US,content
cus_004199,2026-05-21,US,organic
cus_004200,2026-05-26,FR,partner
cus_004201,2026-05-13,US,partner
cus_004202,2026-06-29,US,referral
cus_004203,2026-06-18,AU,paid_search
cus_004204,2026-06-03,IN,partner
cus_004205,2026-06-15,FR,content
cus_004206,2026-06-16,IN,organic
cus_004207,2026-06-20,IN,content
cus_004208,2026-06-03,IN,paid_search
cus_004209,2026-06-30,US,paid_search
cus_004210,2026-06-13,AU,content
cus_004211,2026-06-15,GB,partner
cus_004212,2026-06-09,CA,organic
cus_004213,2026-06-18,US,content
cus_004214,2026-06-22,DE,partner
cus_004215,2026-06-09,DE,paid_search
cus_004216,2026-06-21,US,partner
cus_004217,2026-06-18,US,organic
cus_004218,2026-06-26,US,referral
cus_004219,2026-06-28,US,referral
cus_004220,2026-06-10,AU,partner
cus_004221,2026-06-09,AU,paid_search
cus_004222,2026-06-07,AU,organic
cus_004223,2026-06-14,AU,organic
cus_004224,2026-06-14,US,referral
cus_004225,2026-06-24,GB,content
cus_004226,2026-06-11,GB,partner
cus_004227,2026-06-12,AU,organic
cus_004228,2026-06-16,FR,paid_search
cus_004229,2026-06-27,FR,organic
cus_004230,2026-06-13,CA,organic
cus_004231,2026-06-10,CA,paid_search
cus_004232,2026-06-17,US,partner
cus_004233,2026-06-15,IN,referral
cus_004234,2026-06-21,US,referral
cus_004235,2026-06-13,DE,partner
cus_004236,2026-06-02,US,referral
cus_004237,2026-06-03,GB,referral
cus_004238,2026-06-06,AU,organic
cus_004239,2026-06-16,FR,content
cus_004240,2026-06-05,US,content
cus_004241,2026-06-24,DE,referral
cus_004242,2026-06-23,US,paid_search
cus_004243,2026-06-21,CA,partner
cus_004244,2026-06-12,AU,organic
cus_004245,2026-06-03,US,partner
cus_004246,2026-06-15,AU,referral
cus_004247,2026-06-24,US,partner
cus_004248,2026-06-25,US,referral
cus_004249,2026-06-12,CA,organic
cus_004250,2026-06-30,AU,paid_search
cus_004251,2026-06-03,DE,paid_search
cus_004252,2026-06-01,CA,paid_search
cus_004253,2026-06-20,US,partner
cus_004254,2026-06-14,CA,referral
cus_004255,2026-06-11,FR,content
cus_004256,2026-06-18,IN,partner
cus_004257,2026-06-13,AU,paid_search
cus_004258,2026-06-09,US,paid_search
cus_004259,2026-06-29,FR,partner
cus_004260,2026-06-04,AU,organic
cus_004261,2026-06-13,US,referral
cus_004262,2026-06-22,FR,organic
cus_004263,2026-06-26,US,paid_search
cus_004264,2026-06-09,CA,partner
cus_004265,2026-06-21,CA,referral
cus_004266,2026-06-21,GB,paid_search
cus_004267,2026-06-02,US,content
cus_004268,2026-06-24,US,content
cus_004269,2026-06-08,FR,organic
cus_004270,2026-06-07,IN,organic
cus_004271,2026-06-02,US,organic
cus_004272,2026-06-30,US,content
cus_004273,2026-06-14,AU,paid_search
cus_004274,2026-06-20,US,partner
cus_004275,2026-06-17,US,partner
cus_004276,2026-06-20,DE,referral
cus_004277,2026-06-08,IN,partner
cus_004278,2026-06-07,US,paid_search
cus_004279,2026-06-02,AU,referral
cus_004280,2026-06-11,US,referral
cus_004281,2026-06-05,GB,partner
cus_004282,2026-06-01,DE,referral
cus_004283,2026-06-29,US,content
cus_004284,2026-06-12,CA,paid_search
cus_004285,2026-06-26,IN,paid_search
cus_004286,2026-06-23,US,content
cus_004287,2026-06-06,IN,content
cus_004288,2026-06-21,US,paid_search
cus_004289,2026-06-25,CA,partner
cus_004290,2026-06-05,DE,partner
cus_004291,2026-06-27,US,partner
cus_004292,2026-06-25,FR,organic
cus_004293,2026-06-14,FR,organic
cus_004294,2026-06-01,IN,content
cus_004295,2026-06-02,AU,paid_search
cus_004296,2026-06-30,US,paid_search
cus_004297,2026-06-10,FR,referral
cus_004298,2026-06-08,CA,referral
cus_004299,2026-06-02,CA,partner
cus_004300,2026-06-06,GB,partner
cus_004301,2026-06-25,FR,partner
cus_004302,2026-06-04,CA,organic
cus_004303,2026-06-16,US,referral
cus_004304,2026-06-19,US,organic
cus_004305,2026-06-26,IN,content
cus_004306,2026-06-24,CA,organic
cus_004307,2026-06-20,FR,paid_search
cus_004308,2026-06-27,CA,content
cus_004309,2026-06-03,FR,partner
cus_004310,2026-06-11,CA,referral
cus_004311,2026-06-18,US,partner
cus_004312,2026-06-16,IN,content
cus_004313,2026-06-22,CA,paid_search
cus_004314,2026-06-04,FR,partner
cus_004315,2026-06-08,DE,partner
cus_004316,2026-06-13,US,paid_search
cus_004317,2026-06-21,FR,content
cus_004318,2026-06-23,US,content
cus_004319,2026-06-12,DE,referral
cus_004320,2026-06-23,US,partner
cus_004321,2026-06-18,AU,referral
cus_004322,2026-06-25,US,partner
cus_004323,2026-06-24,US,organic
cus_004324,2026-06-03,GB,paid_search
cus_004325,2026-06-04,FR,paid_search
cus_004326,2026-06-18,CA,paid_search
cus_004327,2026-06-09,US,paid_search
cus_004328,2026-06-13,US,partner
cus_004329,2026-06-18,CA,referral
cus_004330,2026-06-20,US,content
cus_004331,2026-06-06,CA,content
cus_004332,2026-06-23,CA,partner
cus_004333,2026-06-24,US,referral
cus_004334,2026-06-09,US,organic
cus_004335,2026-06-24,FR,paid_search
cus_004336,2026-06-15,GB,paid_search
cus_004337,2026-06-18,AU,partner
cus_004338,2026-06-15,US,paid_search
cus_004339,2026-06-09,US,content
cus_004340,2026-06-02,US,partner
cus_004341,2026-06-10,US,partner
cus_004342,2026-06-16,AU,referral
cus_004343,2026-06-03,US,organic
cus_004344,2026-06-04,IN,partner
cus_004345,2026-06-02,DE,content
cus_004346,2026-06-26,US,partner
cus_004347,2026-06-26,FR,partner
cus_004348,2026-06-04,CA,partner
cus_004349,2026-06-08,US,referral
cus_004350,2026-06-21,AU,partner
cus_004351,2026-06-02,AU,paid_search
cus_004352,2026-06-01,DE,paid_search
cus_004353,2026-06-23,AU,referral
cus_004354,2026-06-09,US,content
cus_004355,2026-06-11,US,paid_search
cus_004356,2026-06-10,GB,paid_search
cus_004357,2026-06-03,FR,paid_search
cus_004358,2026-06-24,DE,content
cus_004359,2026-06-22,FR,partner
cus_004360,2026-06-26,US,partner
cus_004361,2026-06-03,US,paid_search
cus_004362,2026-06-04,IN,content
cus_004363,2026-06-12,GB,content
cus_004364,2026-06-17,US,referral
cus_004365,2026-06-20,CA,referral
cus_004366,2026-06-21,DE,content
cus_004367,2026-06-03,FR,partner
cus_004368,2026-06-30,DE,paid_search
cus_004369,2026-06-15,DE,organic
cus_004370,2026-06-11,CA,partner
cus_004371,2026-06-30,IN,organic
cus_004372,2026-06-12,US,organic
cus_004373,2026-06-15,FR,content
cus_004374,2026-06-03,FR,organic
cus_004375,2026-06-25,DE,referral
cus_004376,2026-06-21,IN,organic
cus_004377,2026-06-08,US,paid_search
cus_004378,2026-06-24,IN,partner
cus_004379,2026-06-26,DE,paid_search
cus_004380,2026-06-09,DE,referral
cus_004381,2026-06-15,US,partner
cus_004382,2026-06-28,CA,partner
cus_004383,2026-06-05,IN,content
cus_004384,2026-06-06,GB,paid_search
cus_004385,2026-06-05,US,content
cus_004386,2026-06-03,US,organic
cus_004387,2026-06-14,US,paid_search
cus_004388,2026-06-03,US,referral
cus_004389,2026-06-03,US,organic
cus_004390,2026-06-11,US,organic
cus_004391,2026-06-26,IN,partner
cus_004392,2026-06-20,US,paid_search
cus_004393,2026-06-12,AU,content
cus_004394,2026-06-05,GB,partner
cus_004395,2026-06-29,US,organic
cus_004396,2026-06-14,GB,organic
cus_004397,2026-06-06,GB,content
cus_004398,2026-06-02,CA,paid_search
cus_004399,2026-06-17,AU,organic
cus_004400,2026-06-26,GB,referral
cus_004401,2026-06-11,DE,partner
cus_004402,2026-06-04,IN,organic
cus_004403,2026-06-17,AU,paid_search
cus_004404,2026-06-03,AU,partner
cus_004405,2026-06-27,US,referral
cus_004406,2026-06-28,US,partner
cus_004407,2026-06-02,CA,referral
cus_004408,2026-06-04,DE,paid_search
cus_004409,2026-06-19,AU,paid_search
cus_004410,2026-06-02,IN,paid_search
cus_004411,2026-06-25,US,referral
cus_004412,2026-06-10,CA,partner
cus_004413,2026-06-13,IN,organic
cus_004414,2026-06-18,IN,paid_search
cus_004415,2026-06-07,US,partner
cus_004416,2026-06-29,CA,referral
cus_004417,2026-06-30,DE,content
cus_004418,2026-06-01,US,referral
cus_004419,2026-06-18,US,organic
cus_004420,2026-06-08,IN,referral
cus_004421,2026-06-09,DE,partner
cus_004422,2026-06-05,US,organic
cus_004423,2026-06-18,DE,paid_search
cus_004424,2026-06-02,DE,organic
cus_004425,2026-06-19,IN,organic
cus_004426,2026-06-20,GB,organic
cus_004427,2026-06-26,US,referral
cus_004428,2026-06-14,US,referral
cus_004429,2026-06-30,US,organic
cus_004430,2026-06-22,US,partner
cus_004431,2026-06-17,FR,referral
cus_004432,2026-06-18,US,partner
cus_004433,2026-06-06,DE,organic
cus_004434,2026-06-10,CA,partner
cus_004435,2026-06-01,GB,paid_search
cus_004436,2026-06-25,US,referral
cus_004437,2026-06-14,US,paid_search
cus_004438,2026-06-05,US,content
cus_004439,2026-06-04,FR,partner
cus_004440,2026-06-06,US,content
cus_004441,2026-06-15,FR,organic
cus_004442,2026-06-23,CA,referral
cus_004443,2026-06-30,GB,referral
cus_004444,2026-06-11,US,partner
cus_004445,2026-06-05,IN,paid_search
cus_004446,2026-06-12,DE,referral
cus_004447,2026-06-24,CA,content
cus_004448,2026-06-13,IN,paid_search
cus_004449,2026-06-24,US,organic
cus_004450,2026-06-24,US,referral
cus_004451,2026-06-24,IN,partner
cus_004452,2026-06-08,US,organic
cus_004453,2026-06-22,US,referral
cus_004454,2026-06-27,US,referral
cus_004455,2026-06-10,FR,referral
cus_004456,2026-06-20,GB,content
cus_004457,2026-06-04,FR,referral
cus_004458,2026-06-23,CA,partner
cus_004459,2026-06-28,US,partner
cus_004460,2026-06-29,US,referral
cus_004461,2026-06-22,US,paid_search
cus_004462,2026-06-07,GB,paid_search
cus_004463,2026-06-25,GB,content
cus_004464,2026-06-08,AU,paid_search
cus_004465,2026-06-11,CA,content
cus_004466,2026-06-22,US,content
cus_004467,2026-06-17,CA,referral
cus_004468,2026-06-06,AU,organic
cus_004469,2026-06-23,US,organic
cus_004470,2026-06-28,DE,content
cus_004471,2026-06-23,DE,partner
cus_004472,2026-06-09,US,content
cus_004473,2026-06-08,FR,paid_search
cus_004474,2026-06-16,CA,organic
cus_004475,2026-06-06,DE,organic
cus_004476,2026-06-19,US,organic
cus_004477,2026-06-03,CA,organic
cus_004478,2026-06-08,US,organic
cus_004479,2026-06-27,US,organic
cus_004480,2026-06-16,US,content
cus_004481,2026-06-21,CA,referral
cus_004482,2026-06-23,US,organic
cus_004483,2026-06-09,CA,paid_search
cus_004484,2026-06-25,GB,partner
cus_004485,2026-06-08,US,partner
cus_004486,2026-06-06,US,content
cus_004487,2026-06-22,US,referral
cus_004488,2026-06-09,FR,referral
cus_004489,2026-06-18,US,paid_search
cus_004490,2026-06-03,FR,organic
cus_004491,2026-06-28,FR,content
cus_004492,2026-06-11,AU,content
cus_004493,2026-06-13,IN,paid_search
cus_004494,2026-06-20,GB,organic
cus_004495,2026-06-27,CA,partner
cus_004496,2026-06-26,IN,organic
cus_004497,2026-06-23,US,content
cus_004498,2026-06-17,AU,organic
cus_004499,2026-06-09,GB,organic
cus_004500,2026-06-21,US,paid_search
cus_004501,2026-06-30,US,partner
cus_004502,2026-06-26,US,paid_search
cus_004503,2026-06-21,CA,organic
